0 verbose cli C:\Program Files\nodejs\node.exe C:\Program Files\nodejs\node_modules\npm\bin\npm-cli.js
1 info using npm@11.12.1
2 info using node@v24.15.0
3 silly config load:file:C:\Program Files\nodejs\node_modules\npm\npmrc
4 silly config load:file:C:\Users\nviveros30\Documents\BITACORA\bitacora\.npmrc
5 silly config load:file:C:\Users\nviveros30\.npmrc
6 silly config load:file:C:\Users\nviveros30\AppData\Roaming\npm\etc\npmrc
7 verbose title npm ci
8 verbose argv "ci" "--cache" ".\\.npm-cache" "--prefer-offline" "--ignore-scripts"
9 verbose logfile logs-max:10 dir:C:\Users\nviveros30\Documents\BITACORA\bitacora\.npm-cache\_logs\2026-08-08T15_59_17_014Z-
10 verbose logfile C:\Users\nviveros30\Documents\BITACORA\bitacora\.npm-cache\_logs\2026-08-08T15_59_17_014Z-debug-0.log
11 silly logfile done cleaning log files
12 silly packumentCache heap:4496293888 maxSize:1124073472 maxEntrySize:562036736
13 silly packumentCache heap:4496293888 maxSize:1124073472 maxEntrySize:562036736
14 silly idealTree buildDeps
15 silly reify moves {}
16 silly audit bulk request {
16 silly audit   '@0no-co/graphql.web': [ '1.3.3' ],
16 silly audit   '@aws-sdk/checksums': [ '3.1000.26' ],
16 silly audit   '@aws-sdk/client-s3': [ '3.1103.0' ],
16 silly audit   '@aws-sdk/core': [ '3.977.6' ],
16 silly audit   '@aws-sdk/credential-provider-env': [ '3.972.67' ],
16 silly audit   '@aws-sdk/credential-provider-http': [ '3.972.69' ],
16 silly audit   '@aws-sdk/credential-provider-ini': [ '3.973.12' ],
16 silly audit   '@aws-sdk/credential-provider-login': [ '3.972.74' ],
16 silly audit   '@aws-sdk/credential-provider-node': [ '3.972.78' ],
16 silly audit   '@aws-sdk/credential-provider-process': [ '3.972.67' ],
16 silly audit   '@aws-sdk/credential-provider-sso': [ '3.973.11' ],
16 silly audit   '@aws-sdk/credential-provider-web-identity': [ '3.972.73' ],
16 silly audit   '@aws-sdk/middleware-sdk-s3': [ '3.972.72' ],
16 silly audit   '@aws-sdk/nested-clients': [ '3.997.41' ],
16 silly audit   '@aws-sdk/s3-request-presigner': [ '3.1103.0' ],
16 silly audit   '@aws-sdk/signature-v4-multi-region': [ '3.996.43' ],
16 silly audit   '@aws-sdk/token-providers': [ '3.1103.0' ],
16 silly audit   '@aws-sdk/types': [ '3.974.2' ],
16 silly audit   '@aws-sdk/xml-builder': [ '3.972.37' ],
16 silly audit   '@aws/lambda-invoke-store': [ '0.3.0' ],
16 silly audit   '@babel/code-frame': [ '7.29.7', '7.10.4' ],
16 silly audit   '@babel/compat-data': [ '7.29.7' ],
16 silly audit   '@babel/core': [ '7.29.7' ],
16 silly audit   '@babel/generator': [ '7.29.7' ],
16 silly audit   '@babel/helper-annotate-as-pure': [ '7.29.7' ],
16 silly audit   '@babel/helper-compilation-targets': [ '7.29.7' ],
16 silly audit   '@babel/helper-create-class-features-plugin': [ '7.29.7' ],
16 silly audit   '@babel/helper-create-regexp-features-plugin': [ '7.29.7' ],
16 silly audit   '@babel/helper-define-polyfill-provider': [ '0.6.8' ],
16 silly audit   '@babel/helper-globals': [ '7.29.7' ],
16 silly audit   '@babel/helper-member-expression-to-functions': [ '7.29.7' ],
16 silly audit   '@babel/helper-module-imports': [ '7.29.7' ],
16 silly audit   '@babel/helper-module-transforms': [ '7.29.7' ],
16 silly audit   '@babel/helper-optimise-call-expression': [ '7.29.7' ],
16 silly audit   '@babel/helper-plugin-utils': [ '7.29.7' ],
16 silly audit   '@babel/helper-remap-async-to-generator': [ '7.29.7' ],
16 silly audit   '@babel/helper-replace-supers': [ '7.29.7' ],
16 silly audit   '@babel/helper-skip-transparent-expression-wrappers': [ '7.29.7' ],
16 silly audit   '@babel/helper-string-parser': [ '7.29.7' ],
16 silly audit   '@babel/helper-validator-identifier': [ '7.29.7' ],
16 silly audit   '@babel/helper-validator-option': [ '7.29.7' ],
16 silly audit   '@babel/helper-wrap-function': [ '7.29.7' ],
16 silly audit   '@babel/helpers': [ '7.29.7' ],
16 silly audit   '@babel/highlight': [ '7.25.9' ],
16 silly audit   'ansi-styles': [ '3.2.1', '6.2.3', '4.3.0', '5.2.0' ],
16 silly audit   chalk: [ '2.4.2', '4.1.2' ],
16 silly audit   'color-convert': [ '1.9.3', '2.0.1' ],
16 silly audit   'color-name': [ '1.1.3', '1.1.4' ],
16 silly audit   'escape-string-regexp': [ '1.0.5', '4.0.0', '2.0.0' ],
16 silly audit   'has-flag': [ '3.0.0', '4.0.0' ],
16 silly audit   'supports-color': [ '5.5.0', '8.1.1', '7.2.0' ],
16 silly audit   '@babel/parser': [ '7.29.7' ],
16 silly audit   '@babel/plugin-bugfix-firefox-class-in-computed-class-key': [ '7.29.7' ],
16 silly audit   '@babel/plugin-bugfix-safari-class-field-initializer-scope': [ '7.29.7' ],
16 silly audit   '@babel/plugin-bugfix-safari-id-destructuring-collision-in-function-expression': [ '7.29.7' ],
16 silly audit   '@babel/plugin-bugfix-safari-rest-destructuring-rhs-array': [ '7.29.7' ],
16 silly audit   '@babel/plugin-bugfix-v8-spread-parameters-in-optional-chaining': [ '7.29.7' ],
16 silly audit   '@babel/plugin-bugfix-v8-static-class-fields-redefine-readonly': [ '7.29.7' ],
16 silly audit   '@babel/plugin-proposal-class-properties': [ '7.18.6' ],
16 silly audit   '@babel/plugin-proposal-decorators': [ '7.29.7' ],
16 silly audit   '@babel/plugin-proposal-export-default-from': [ '7.29.7' ],
16 silly audit   '@babel/plugin-proposal-nullish-coalescing-operator': [ '7.18.6' ],
16 silly audit   '@babel/plugin-proposal-optional-chaining': [ '7.21.0' ],
16 silly audit   '@babel/plugin-proposal-private-property-in-object': [ '7.21.0-placeholder-for-preset-env.2' ],
16 silly audit   '@babel/plugin-syntax-async-generators': [ '7.8.4' ],
16 silly audit   '@babel/plugin-syntax-bigint': [ '7.8.3' ],
16 silly audit   '@babel/plugin-syntax-class-properties': [ '7.12.13' ],
16 silly audit   '@babel/plugin-syntax-class-static-block': [ '7.14.5' ],
16 silly audit   '@babel/plugin-syntax-decorators': [ '7.29.7' ],
16 silly audit   '@babel/plugin-syntax-dynamic-import': [ '7.8.3' ],
16 silly audit   '@babel/plugin-syntax-export-default-from': [ '7.29.7' ],
16 silly audit   '@babel/plugin-syntax-flow': [ '7.29.7' ],
16 silly audit   '@babel/plugin-syntax-import-assertions': [ '7.29.7' ],
16 silly audit   '@babel/plugin-syntax-import-attributes': [ '7.29.7' ],
16 silly audit   '@babel/plugin-syntax-import-meta': [ '7.10.4' ],
16 silly audit   '@babel/plugin-syntax-json-strings': [ '7.8.3' ],
16 silly audit   '@babel/plugin-syntax-jsx': [ '7.29.7' ],
16 silly audit   '@babel/plugin-syntax-logical-assignment-operators': [ '7.10.4' ],
16 silly audit   '@babel/plugin-syntax-nullish-coalescing-operator': [ '7.8.3' ],
16 silly audit   '@babel/plugin-syntax-numeric-separator': [ '7.10.4' ],
16 silly audit   '@babel/plugin-syntax-object-rest-spread': [ '7.8.3' ],
16 silly audit   '@babel/plugin-syntax-optional-catch-binding': [ '7.8.3' ],
16 silly audit   '@babel/plugin-syntax-optional-chaining': [ '7.8.3' ],
16 silly audit   '@babel/plugin-syntax-private-property-in-object': [ '7.14.5' ],
16 silly audit   '@babel/plugin-syntax-top-level-await': [ '7.14.5' ],
16 silly audit   '@babel/plugin-syntax-typescript': [ '7.29.7' ],
16 silly audit   '@babel/plugin-syntax-unicode-sets-regex': [ '7.18.6' ],
16 silly audit   '@babel/plugin-transform-arrow-functions': [ '7.29.7' ],
16 silly audit   '@babel/plugin-transform-async-generator-functions': [ '7.29.7' ],
16 silly audit   '@babel/plugin-transform-async-to-generator': [ '7.29.7' ],
16 silly audit   '@babel/plugin-transform-block-scoped-functions': [ '7.29.7' ],
16 silly audit   '@babel/plugin-transform-block-scoping': [ '7.29.7' ],
16 silly audit   '@babel/plugin-transform-class-properties': [ '7.29.7' ],
16 silly audit   '@babel/plugin-transform-class-static-block': [ '7.29.7' ],
16 silly audit   '@babel/plugin-transform-classes': [ '7.29.7' ],
16 silly audit   '@babel/plugin-transform-computed-properties': [ '7.29.7' ],
16 silly audit   '@babel/plugin-transform-destructuring': [ '7.29.7' ],
16 silly audit   '@babel/plugin-transform-dotall-regex': [ '7.29.7' ],
16 silly audit   '@babel/plugin-transform-duplicate-keys': [ '7.29.7' ],
16 silly audit   '@babel/plugin-transform-duplicate-named-capturing-groups-regex': [ '7.29.7' ],
16 silly audit   '@babel/plugin-transform-dynamic-import': [ '7.29.7' ],
16 silly audit   '@babel/plugin-transform-explicit-resource-management': [ '7.29.7' ],
16 silly audit   '@babel/plugin-transform-exponentiation-operator': [ '7.29.7' ],
16 silly audit   '@babel/plugin-transform-export-namespace-from': [ '7.29.7' ],
16 silly audit   '@babel/plugin-transform-flow-strip-types': [ '7.29.7' ],
16 silly audit   '@babel/plugin-transform-for-of': [ '7.29.7' ],
16 silly audit   '@babel/plugin-transform-function-name': [ '7.29.7' ],
16 silly audit   '@babel/plugin-transform-json-strings': [ '7.29.7' ],
16 silly audit   '@babel/plugin-transform-literals': [ '7.29.7' ],
16 silly audit   '@babel/plugin-transform-logical-assignment-operators': [ '7.29.7' ],
16 silly audit   '@babel/plugin-transform-member-expression-literals': [ '7.29.7' ],
16 silly audit   '@babel/plugin-transform-modules-amd': [ '7.29.7' ],
16 silly audit   '@babel/plugin-transform-modules-commonjs': [ '7.29.7' ],
16 silly audit   '@babel/plugin-transform-modules-systemjs': [ '7.29.7' ],
16 silly audit   '@babel/plugin-transform-modules-umd': [ '7.29.7' ],
16 silly audit   '@babel/plugin-transform-named-capturing-groups-regex': [ '7.29.7' ],
16 silly audit   '@babel/plugin-transform-new-target': [ '7.29.7' ],
16 silly audit   '@babel/plugin-transform-nullish-coalescing-operator': [ '7.29.7' ],
16 silly audit   '@babel/plugin-transform-numeric-separator': [ '7.29.7' ],
16 silly audit   '@babel/plugin-transform-object-rest-spread': [ '7.29.7' ],
16 silly audit   '@babel/plugin-transform-object-super': [ '7.29.7' ],
16 silly audit   '@babel/plugin-transform-optional-catch-binding': [ '7.29.7' ],
16 silly audit   '@babel/plugin-transform-optional-chaining': [ '7.29.7' ],
16 silly audit   '@babel/plugin-transform-parameters': [ '7.29.7' ],
16 silly audit   '@babel/plugin-transform-private-methods': [ '7.29.7' ],
16 silly audit   '@babel/plugin-transform-private-property-in-object': [ '7.29.7' ],
16 silly audit   '@babel/plugin-transform-property-literals': [ '7.29.7' ],
16 silly audit   '@babel/plugin-transform-react-display-name': [ '7.29.7' ],
16 silly audit   '@babel/plugin-transform-react-jsx': [ '7.29.7' ],
16 silly audit   '@babel/plugin-transform-react-jsx-development': [ '7.29.7' ],
16 silly audit   '@babel/plugin-transform-react-jsx-self': [ '7.29.7' ],
16 silly audit   '@babel/plugin-transform-react-jsx-source': [ '7.29.7' ],
16 silly audit   '@babel/plugin-transform-react-pure-annotations': [ '7.29.7' ],
16 silly audit   '@babel/plugin-transform-regenerator': [ '7.29.7' ],
16 silly audit   '@babel/plugin-transform-regexp-modifiers': [ '7.29.7' ],
16 silly audit   '@babel/plugin-transform-reserved-words': [ '7.29.7' ],
16 silly audit   '@babel/plugin-transform-runtime': [ '7.29.7' ],
16 silly audit   '@babel/plugin-transform-shorthand-properties': [ '7.29.7' ],
16 silly audit   '@babel/plugin-transform-spread': [ '7.29.7' ],
16 silly audit   '@babel/plugin-transform-sticky-regex': [ '7.29.7' ],
16 silly audit   '@babel/plugin-transform-template-literals': [ '7.29.7' ],
16 silly audit   '@babel/plugin-transform-typeof-symbol': [ '7.29.7' ],
16 silly audit   '@babel/plugin-transform-typescript': [ '7.29.7' ],
16 silly audit   '@babel/plugin-transform-unicode-escapes': [ '7.29.7' ],
16 silly audit   '@babel/plugin-transform-unicode-property-regex': [ '7.29.7' ],
16 silly audit   '@babel/plugin-transform-unicode-regex': [ '7.29.7' ],
16 silly audit   '@babel/plugin-transform-unicode-sets-regex': [ '7.29.7' ],
16 silly audit   '@babel/preset-env': [ '7.29.7' ],
16 silly audit   'babel-plugin-polyfill-corejs3': [ '0.14.2', '0.13.0' ],
16 silly audit   '@babel/preset-flow': [ '7.29.7' ],
16 silly audit   '@babel/preset-modules': [ '0.1.6-no-external-plugins' ],
16 silly audit   '@babel/preset-react': [ '7.29.7' ],
16 silly audit   '@babel/preset-typescript': [ '7.29.7' ],
16 silly audit   '@babel/register': [ '7.29.7' ],
16 silly audit   '@babel/runtime': [ '7.29.7' ],
16 silly audit   '@babel/template': [ '7.29.7' ],
16 silly audit   '@babel/traverse': [ '7.29.7' ],
16 silly audit   '@babel/types': [ '7.29.7' ],
16 silly audit   '@bytecodealliance/preview2-shim': [ '0.17.6' ],
16 silly audit   '@edge-runtime/format': [ '2.2.1' ],
16 silly audit   '@edge-runtime/node-utils': [ '2.3.0' ],
16 silly audit   '@edge-runtime/ponyfill': [ '2.4.2' ],
16 silly audit   '@edge-runtime/primitives': [ '4.1.0' ],
16 silly audit   '@edge-runtime/vm': [ '3.2.0' ],
16 silly audit   '@esbuild/aix-ppc64': [ '0.27.0' ],
16 silly audit   '@esbuild/android-arm': [ '0.27.0' ],
16 silly audit   '@esbuild/android-arm64': [ '0.27.0' ],
16 silly audit   '@esbuild/android-x64': [ '0.27.0' ],
16 silly audit   '@esbuild/darwin-arm64': [ '0.27.0' ],
16 silly audit   '@esbuild/darwin-x64': [ '0.27.0' ],
16 silly audit   '@esbuild/freebsd-arm64': [ '0.27.0' ],
16 silly audit   '@esbuild/freebsd-x64': [ '0.27.0' ],
16 silly audit   '@esbuild/linux-arm': [ '0.27.0' ],
16 silly audit   '@esbuild/linux-arm64': [ '0.27.0' ],
16 silly audit   '@esbuild/linux-ia32': [ '0.27.0' ],
16 silly audit   '@esbuild/linux-loong64': [ '0.27.0' ],
16 silly audit   '@esbuild/linux-mips64el': [ '0.27.0' ],
16 silly audit   '@esbuild/linux-ppc64': [ '0.27.0' ],
16 silly audit   '@esbuild/linux-riscv64': [ '0.27.0' ],
16 silly audit   '@esbuild/linux-s390x': [ '0.27.0' ],
16 silly audit   '@esbuild/linux-x64': [ '0.27.0' ],
16 silly audit   '@esbuild/netbsd-arm64': [ '0.27.0' ],
16 silly audit   '@esbuild/netbsd-x64': [ '0.27.0' ],
16 silly audit   '@esbuild/openbsd-arm64': [ '0.27.0' ],
16 silly audit   '@esbuild/openbsd-x64': [ '0.27.0' ],
16 silly audit   '@esbuild/openharmony-arm64': [ '0.27.0' ],
16 silly audit   '@esbuild/sunos-x64': [ '0.27.0' ],
16 silly audit   '@esbuild/win32-arm64': [ '0.27.0' ],
16 silly audit   '@esbuild/win32-ia32': [ '0.27.0' ],
16 silly audit   '@esbuild/win32-x64': [ '0.27.0' ],
16 silly audit   '@expo/bunyan': [ '4.0.1' ],
16 silly audit   '@expo/cli': [ '0.22.28' ],
16 silly audit   semver: [ '7.8.5', '5.7.2', '7.6.3', '6.3.1' ],
16 silly audit   '@expo/code-signing-certificates': [ '0.0.6' ],
16 silly audit   '@expo/config': [ '10.0.11' ],
16 silly audit   '@expo/config-plugins': [ '9.0.17' ],
16 silly audit   '@expo/json-file': [ '9.0.2', '9.1.5', '11.0.1' ],
16 silly audit   '@expo/config-types': [ '52.0.5' ],
16 silly audit   '@expo/devcert': [ '1.2.1' ],
16 silly audit   debug: [ '3.2.7', '2.6.9', '4.4.3' ],
16 silly audit   '@expo/env': [ '0.4.2' ],
16 silly audit   '@expo/fingerprint': [ '0.11.11' ],
16 silly audit   '@expo/image-utils': [ '0.6.5' ],
16 silly audit   'fs-extra': [ '9.0.0', '9.1.0', '11.1.1', '8.1.0' ],
16 silly audit   jsonfile: [ '6.2.1', '4.0.0' ],
16 silly audit   universalify: [ '2.0.1', '1.0.0', '0.1.2' ],
16 silly audit   '@expo/metro-config': [ '0.19.12' ],
16 silly audit   '@expo/metro-runtime': [ '4.0.1' ],
16 silly audit   '@expo/osascript': [ '2.7.1' ],
16 silly audit   '@expo/package-manager': [ '1.13.1' ],
16 silly audit   '@expo/plist': [ '0.2.2' ],
16 silly audit   '@expo/prebuild-config': [ '8.2.0' ],
16 silly audit   '@expo/rudder-sdk-node': [ '1.1.1' ],
16 silly audit   '@expo/sdk-runtime-versions': [ '1.0.0' ],
16 silly audit   '@expo/server': [ '0.5.3' ],
16 silly audit   '@expo/spawn-async': [ '1.8.0' ],
16 silly audit   '@expo/sudo-prompt': [ '9.3.2' ],
16 silly audit   '@expo/vector-icons': [ '14.0.4' ],
16 silly audit   '@expo/ws-tunnel': [ '1.0.6' ],
16 silly audit   '@expo/xcpretty': [ '4.4.4' ],
16 silly audit   '@fastify/busboy': [ '3.2.0', '2.1.1' ],
16 silly audit   '@firebase/analytics': [ '0.10.8' ],
16 silly audit   '@firebase/analytics-compat': [ '0.2.14' ],
16 silly audit   '@firebase/analytics-types': [ '0.8.2' ],
16 silly audit   '@firebase/app': [ '0.10.13' ],
16 silly audit   '@firebase/app-check': [ '0.8.8' ],
16 silly audit   '@firebase/app-check-compat': [ '0.3.15' ],
16 silly audit   '@firebase/app-check-interop-types': [ '0.3.2', '0.3.4' ],
16 silly audit   '@firebase/app-check-types': [ '0.5.2' ],
16 silly audit   '@firebase/app-compat': [ '0.2.43' ],
16 silly audit   '@firebase/app-types': [ '0.9.2', '0.9.5' ],
16 silly audit   '@firebase/auth': [ '1.7.9' ],
16 silly audit   '@firebase/auth-compat': [ '0.5.14' ],
16 silly audit   undici: [ '6.19.7', '5.28.4', '6.28.0' ],
16 silly audit   '@firebase/auth-interop-types': [ '0.2.3', '0.2.5' ],
16 silly audit   '@firebase/auth-types': [ '0.12.2' ],
16 silly audit   '@firebase/component': [ '0.6.9', '0.7.4' ],
16 silly audit   '@firebase/data-connect': [ '0.1.0' ],
16 silly audit   '@firebase/database': [ '1.0.8', '1.1.4' ],
16 silly audit   '@firebase/database-compat': [ '1.0.8', '2.1.5' ],
16 silly audit   '@firebase/database-types': [ '1.0.5', '1.0.21' ],
16 silly audit   '@firebase/firestore': [ '4.7.3' ],
16 silly audit   '@firebase/firestore-compat': [ '0.3.38' ],
16 silly audit   '@firebase/firestore-types': [ '3.0.2' ],
16 silly audit   '@firebase/functions': [ '0.11.8' ],
16 silly audit   '@firebase/functions-compat': [ '0.3.14' ],
16 silly audit   '@firebase/functions-types': [ '0.6.2' ],
16 silly audit   '@firebase/installations': [ '0.6.9' ],
16 silly audit   '@firebase/installations-compat': [ '0.2.9' ],
16 silly audit   '@firebase/installations-types': [ '0.5.2' ],
16 silly audit   '@firebase/logger': [ '0.4.2', '0.5.1' ],
16 silly audit   '@firebase/messaging': [ '0.12.12' ],
16 silly audit   '@firebase/messaging-compat': [ '0.2.12' ],
16 silly audit   '@firebase/messaging-interop-types': [ '0.2.2' ],
16 silly audit   '@firebase/performance': [ '0.6.9' ],
16 silly audit   '@firebase/performance-compat': [ '0.2.9' ],
16 silly audit   '@firebase/performance-types': [ '0.2.2' ],
16 silly audit   '@firebase/remote-config': [ '0.4.9' ],
16 silly audit   '@firebase/remote-config-compat': [ '0.2.9' ],
16 silly audit   '@firebase/remote-config-types': [ '0.3.2' ],
16 silly audit   '@firebase/storage': [ '0.13.2' ],
16 silly audit   '@firebase/storage-compat': [ '0.3.12' ],
16 silly audit   '@firebase/storage-types': [ '0.8.2' ],
16 silly audit   '@firebase/util': [ '1.10.0', '1.15.2' ],
16 silly audit   '@firebase/vertexai-preview': [ '0.0.4' ],
16 silly audit   '@firebase/webchannel-wrapper': [ '1.0.1' ],
16 silly audit   '@google-cloud/firestore': [ '8.7.0' ],
16 silly audit   '@google-cloud/paginator': [ '5.0.2' ],
16 silly audit   '@google-cloud/projectify': [ '4.0.0' ],
16 silly audit   '@google-cloud/promisify': [ '4.0.0' ],
16 silly audit   '@google-cloud/storage': [ '7.21.0' ],
16 silly audit   'gcp-metadata': [ '6.1.1', '8.1.2' ],
16 silly audit   'google-auth-library': [ '9.15.1', '10.9.1', '10.5.0' ],
16 silly audit   'google-logging-utils': [ '0.0.2', '1.1.3' ],
16 silly audit   mime: [ '3.0.0', '1.6.0' ],
16 silly audit   '@grpc/grpc-js': [ '1.9.16', '1.14.4' ],
16 silly audit   '@grpc/proto-loader': [ '0.7.15', '0.8.1' ],
16 silly audit   '@isaacs/balanced-match': [ '4.0.1' ],
16 silly audit   '@isaacs/brace-expansion': [ '5.0.1' ],
16 silly audit   '@isaacs/cliui': [ '8.0.2' ],
16 silly audit   'wrap-ansi': [ '8.1.0', '7.0.0' ],
16 silly audit   '@isaacs/fs-minipass': [ '4.0.1' ],
16 silly audit   '@isaacs/ttlcache': [ '1.4.1' ],
16 silly audit   '@istanbuljs/load-nyc-config': [ '1.1.0' ],
16 silly audit   argparse: [ '1.0.10', '2.0.1' ],
16 silly audit   'find-up': [ '4.1.0', '5.0.0', '3.0.0' ],
16 silly audit   'js-yaml': [ '3.15.0', '4.1.1', '4.3.0' ],
16 silly audit   'locate-path': [ '5.0.0', '6.0.0', '3.0.0' ],
16 silly audit   'p-limit': [ '2.3.0', '3.1.0' ],
16 silly audit   'p-locate': [ '4.1.0', '5.0.0', '3.0.0' ],
16 silly audit   '@istanbuljs/schema': [ '0.1.6' ],
16 silly audit   '@jest/create-cache-key-function': [ '29.7.0' ],
16 silly audit   '@jest/environment': [ '29.7.0' ],
16 silly audit   '@jest/fake-timers': [ '29.7.0' ],
16 silly audit   '@jest/schemas': [ '29.6.3' ],
16 silly audit   '@jest/transform': [ '29.7.0' ],
16 silly audit   'signal-exit': [ '3.0.7', '4.0.2', '4.1.0' ],
16 silly audit   'write-file-atomic': [ '4.0.2', '2.4.3' ],
16 silly audit   '@jest/types': [ '29.6.3' ],
16 silly audit   '@jridgewell/gen-mapping': [ '0.3.13' ],
16 silly audit   '@jridgewell/remapping': [ '2.3.5' ],
16 silly audit   '@jridgewell/resolve-uri': [ '3.1.2' ],
16 silly audit   '@jridgewell/source-map': [ '0.3.11' ],
16 silly audit   '@jridgewell/sourcemap-codec': [ '1.5.5' ],
16 silly audit   '@jridgewell/trace-mapping': [ '0.3.31' ],
16 silly audit   '@js-sdsl/ordered-map': [ '4.4.2' ],
16 silly audit   '@mapbox/node-pre-gyp': [ '2.0.3' ],
16 silly audit   chownr: [ '3.0.0', '2.0.0' ],
16 silly audit   'detect-libc': [ '2.1.2', '1.0.3' ],
16 silly audit   minizlib: [ '3.1.0', '2.1.2' ],
16 silly audit   tar: [ '7.5.22', '6.2.1' ],
16 silly audit   yallist: [ '5.0.0', '4.0.0', '3.1.1' ],
16 silly audit   '@nodable/entities': [ '3.0.0' ],
16 silly audit   '@nodelib/fs.scandir': [ '2.1.5' ],
16 silly audit   '@nodelib/fs.stat': [ '2.0.5' ],
16 silly audit   '@nodelib/fs.walk': [ '1.2.8' ],
16 silly audit   '@npmcli/fs': [ '3.1.1' ],
16 silly audit   '@opentelemetry/api': [ '1.9.1' ],
16 silly audit   '@pkgjs/parseargs': [ '0.11.0' ],
16 silly audit   '@protobufjs/aspromise': [ '1.1.2' ],
16 silly audit   '@protobufjs/base64': [ '1.1.2' ],
16 silly audit   '@protobufjs/codegen': [ '2.0.5' ],
16 silly audit   '@protobufjs/eventemitter': [ '1.1.1' ],
16 silly audit   '@protobufjs/fetch': [ '1.1.1' ],
16 silly audit   '@protobufjs/float': [ '1.0.2' ],
16 silly audit   '@protobufjs/path': [ '1.1.2' ],
16 silly audit   '@protobufjs/pool': [ '1.1.0' ],
16 silly audit   '@protobufjs/utf8': [ '1.1.2' ],
16 silly audit   '@radix-ui/react-compose-refs': [ '1.0.0' ],
16 silly audit   '@radix-ui/react-slot': [ '1.0.1' ],
16 silly audit   '@react-native-async-storage/async-storage': [ '1.23.1' ],
16 silly audit   '@react-native/assets-registry': [ '0.76.5' ],
16 silly audit   '@react-native/babel-plugin-codegen': [ '0.76.9', '0.76.5' ],
16 silly audit   '@react-native/babel-preset': [ '0.76.9', '0.76.5' ],
16 silly audit   '@react-native/codegen': [ '0.76.9', '0.76.5' ],
16 silly audit   glob: [ '7.2.3', '13.0.6', '10.5.0' ],
16 silly audit   '@react-native/community-cli-plugin': [ '0.76.5' ],
16 silly audit   '@react-native/debugger-frontend': [ '0.76.5', '0.76.9' ],
16 silly audit   '@react-native/dev-middleware': [ '0.76.5', '0.76.9' ],
16 silly audit   execa: [ '5.1.1', '1.0.0' ],
16 silly audit   'get-stream': [ '6.0.1', '4.1.0' ],
16 silly audit   'is-stream': [ '2.0.1', '1.1.0' ],
16 silly audit   'mimic-fn': [ '2.1.0', '1.2.0' ],
16 silly audit   ms: [ '2.0.0', '2.1.3' ],
16 silly audit   'npm-run-path': [ '4.0.1', '2.0.2' ],
16 silly audit   onetime: [ '5.1.2', '2.0.1' ],
16 silly audit   ws: [ '6.2.6', '7.5.13', '8.21.1' ],
16 silly audit   '@react-native/gradle-plugin': [ '0.76.5' ],
16 silly audit   '@react-native/js-polyfills': [ '0.76.5' ],
16 silly audit   '@react-native/metro-babel-transformer': [ '0.76.5' ],
16 silly audit   '@react-native/normalize-colors': [ '0.76.9', '0.74.89', '0.76.5' ],
16 silly audit   '@react-native/virtualized-lists': [ '0.76.5' ],
16 silly audit   '@react-navigation/bottom-tabs': [ '7.18.14' ],
16 silly audit   '@react-navigation/core': [ '7.21.11' ],
16 silly audit   '@react-navigation/elements': [ '2.9.36' ],
16 silly audit   '@react-navigation/native': [ '7.3.14' ],
16 silly audit   '@react-navigation/native-stack': [ '7.18.6' ],
16 silly audit   '@react-navigation/routers': [ '7.6.4' ],
16 silly audit   '@renovatebot/pep440': [ '4.2.1' ],
16 silly audit   '@rollup/pluginutils': [ '5.4.0' ],
16 silly audit   picomatch: [ '4.0.5', '2.3.2', '3.0.2' ],
16 silly audit   '@segment/loosely-validate-event': [ '2.0.0' ],
16 silly audit   '@sinclair/typebox': [ '0.27.12' ],
16 silly audit   '@sinonjs/commons': [ '3.0.1' ],
16 silly audit   '@sinonjs/fake-timers': [ '10.3.0' ],
16 silly audit   '@smithy/core': [ '3.31.1' ],
16 silly audit   '@smithy/credential-provider-imds': [ '4.4.16' ],
16 silly audit   '@smithy/fetch-http-handler': [ '5.6.13' ],
16 silly audit   '@smithy/node-http-handler': [ '4.9.13' ],
16 silly audit   '@smithy/signature-v4': [ '5.6.12' ],
16 silly audit   '@smithy/types': [ '4.16.1' ],
16 silly audit   '@tootallnate/once': [ '2.0.1' ],
16 silly audit   '@ts-morph/common': [ '0.11.1' ],
16 silly audit   mkdirp: [ '1.0.4', '0.5.6' ],
16 silly audit   '@types/babel__core': [ '7.20.5' ],
16 silly audit   '@types/babel__generator': [ '7.27.0' ],
16 silly audit   '@types/babel__template': [ '7.4.4' ],
16 silly audit   '@types/babel__traverse': [ '7.28.0' ],
16 silly audit   '@types/caseless': [ '0.12.5' ],
16 silly audit   '@types/estree': [ '1.0.9' ],
16 silly audit   '@types/graceful-fs': [ '4.1.9' ],
16 silly audit   '@types/istanbul-lib-coverage': [ '2.0.6' ],
16 silly audit   '@types/istanbul-lib-report': [ '3.0.3' ],
16 silly audit   '@types/istanbul-reports': [ '3.0.4' ],
16 silly audit   '@types/json-schema': [ '7.0.15' ],
16 silly audit   '@types/jsonwebtoken': [ '9.0.10' ],
16 silly audit   '@types/ms': [ '2.1.0' ],
16 silly audit   '@types/node': [ '26.1.2', '20.11.0' ],
16 silly audit   '@types/node-forge': [ '1.3.14' ],
16 silly audit   '@types/prop-types': [ '15.7.15' ],
16 silly audit   '@types/react': [ '18.3.31' ],
16 silly audit   '@types/request': [ '2.48.13' ],
16 silly audit   'form-data': [ '2.5.6', '3.0.5' ],
16 silly audit   '@types/stack-utils': [ '2.0.3' ],
16 silly audit   '@types/tough-cookie': [ '4.0.5' ],
16 silly audit   '@types/yargs': [ '17.0.35' ],
16 silly audit   '@types/yargs-parser': [ '21.0.3' ],
16 silly audit   '@urql/core': [ '5.2.0' ],
16 silly audit   '@urql/exchange-retry': [ '1.3.2' ],
16 silly audit   '@vercel/build-utils': [ '13.36.3' ],
16 silly audit   'es-module-lexer': [ '1.5.0', '1.4.1' ],
16 silly audit   '@vercel/error-utils': [ '2.2.0' ],
16 silly audit   '@vercel/nft': [ '1.10.0' ],
16 silly audit   'balanced-match': [ '4.0.4', '1.0.2' ],
16 silly audit   'brace-expansion': [ '5.0.9', '1.1.16', '2.1.3' ],
16 silly audit   'lru-cache': [ '11.5.2', '10.4.3', '5.1.1' ],
16 silly audit   minimatch: [ '10.2.6', '10.1.1', '9.0.9', '3.1.5' ],
16 silly audit   'path-scurry': [ '2.0.2', '1.11.1' ],
16 silly audit   '@vercel/node': [ '5.9.3' ],
16 silly audit   'node-fetch': [ '2.6.9', '3.3.2', '2.7.0' ],
16 silly audit   typescript: [ '5.9.3', '5.3.3' ],
16 silly audit   'undici-types': [ '5.26.5', '8.3.0' ],
16 silly audit   '@vercel/python-analysis': [ '0.12.0' ],
16 silly audit   '@vercel/static-config': [ '3.4.0' ],
16 silly audit   ajv: [ '8.6.3', '8.20.0' ],
16 silly audit   '@xmldom/xmldom': [ '0.7.13', '0.9.10' ],
16 silly audit   abbrev: [ '3.0.1' ],
16 silly audit   'abort-controller': [ '3.0.0' ],
16 silly audit   accepts: [ '1.3.8' ],
16 silly audit   acorn: [ '8.18.0' ],
16 silly audit   'acorn-import-attributes': [ '1.9.5' ],
16 silly audit   'agent-base': [ '7.1.4', '6.0.2' ],
16 silly audit   'aggregate-error': [ '3.1.0' ],
16 silly audit   'ajv-formats': [ '2.1.1' ],
16 silly audit   'ajv-keywords': [ '5.1.0' ],
16 silly audit   anser: [ '1.4.10' ],
16 silly audit   'ansi-escapes': [ '4.3.2' ],
16 silly audit   'type-fest': [ '0.21.3', '0.16.0', '0.7.1' ],
16 silly audit   'ansi-regex': [ '5.0.1', '4.1.1', '6.2.2' ],
16 silly audit   'any-promise': [ '1.3.0' ],
16 silly audit   anymatch: [ '3.1.3' ],
16 silly audit   anynum: [ '1.0.1' ],
16 silly audit   arg: [ '5.0.2' ],
16 silly audit   'array-union': [ '2.1.0' ],
16 silly audit   arrify: [ '2.0.1' ],
16 silly audit   asap: [ '2.0.6' ],
16 silly audit   'ast-types': [ '0.15.2' ],
16 silly audit   'async-limiter': [ '1.0.1' ],
16 silly audit   'async-listen': [ '3.0.0', '3.0.1' ],
16 silly audit   'async-retry': [ '1.3.3' ],
16 silly audit   'async-sema': [ '3.1.1' ],
16 silly audit   asynckit: [ '0.4.0' ],
16 silly audit   'at-least-node': [ '1.0.0' ],
16 silly audit   'babel-core': [ '7.0.0-bridge.0' ],
16 silly audit   'babel-jest': [ '29.7.0' ],
16 silly audit   'babel-plugin-istanbul': [ '6.1.1' ],
16 silly audit   'babel-plugin-jest-hoist': [ '29.6.3' ],
16 silly audit   'babel-plugin-polyfill-corejs2': [ '0.4.17' ],
16 silly audit   'babel-plugin-polyfill-regenerator': [ '0.6.8' ],
16 silly audit   'babel-plugin-react-native-web': [ '0.19.13' ],
16 silly audit   'babel-plugin-syntax-hermes-parser': [ '0.25.1', '0.23.1' ],
16 silly audit   'hermes-estree': [ '0.25.1', '0.23.1' ],
16 silly audit   'hermes-parser': [ '0.25.1', '0.23.1' ],
16 silly audit   'babel-plugin-transform-flow-enums': [ '0.0.2' ],
16 silly audit   'babel-preset-current-node-syntax': [ '1.2.0' ],
16 silly audit   'babel-preset-expo': [ '12.0.12' ],
16 silly audit   'babel-preset-jest': [ '29.6.3' ],
16 silly audit   'base64-js': [ '1.5.1' ],
16 silly audit   'baseline-browser-mapping': [ '2.11.6' ],
16 silly audit   'better-opn': [ '3.0.2' ],
16 silly audit   open: [ '8.4.2', '7.4.2' ],
16 silly audit   'big-integer': [ '1.6.52' ],
16 silly audit   'bignumber.js': [ '9.3.1' ],
16 silly audit   bindings: [ '1.5.0' ],
16 silly audit   bowser: [ '2.14.1' ],
16 silly audit   'bplist-creator': [ '0.0.7', '0.1.0' ],
16 silly audit   'bplist-parser': [ '0.3.2', '0.3.1' ],
16 silly audit   braces: [ '3.0.3' ],
16 silly audit   browserslist: [ '4.28.7' ],
16 silly audit   bser: [ '2.1.1' ],
16 silly audit   buffer: [ '5.7.1' ],
16 silly audit   'buffer-alloc': [ '1.2.0' ],
16 silly audit   'buffer-alloc-unsafe': [ '1.1.0' ],
16 silly audit   'buffer-equal-constant-time': [ '1.0.1' ],
16 silly audit   'buffer-fill': [ '1.0.0' ],
16 silly audit   'buffer-from': [ '1.1.2' ],
16 silly audit   bytes: [ '3.1.2' ],
16 silly audit   cacache: [ '18.0.4' ],
16 silly audit   'call-bind-apply-helpers': [ '1.0.2' ],
16 silly audit   'caller-callsite': [ '2.0.0' ],
16 silly audit   'caller-path': [ '2.0.0' ],
16 silly audit   callsites: [ '2.0.0' ],
16 silly audit   camelcase: [ '5.3.1', '6.3.0' ],
16 silly audit   'caniuse-lite': [ '1.0.30001806' ],
16 silly audit   charenc: [ '0.0.2' ],
16 silly audit   'chrome-launcher': [ '0.15.2' ],
16 silly audit   'chromium-edge-launcher': [ '0.2.0' ],
16 silly audit   'ci-info': [ '3.9.0', '2.0.0' ],
16 silly audit   'cjs-module-lexer': [ '1.2.3' ],
16 silly audit   'clean-stack': [ '2.2.0' ],
16 silly audit   'cli-cursor': [ '2.1.0' ],
16 silly audit   'cli-spinners': [ '2.9.2' ],
16 silly audit   'client-only': [ '0.0.1' ],
16 silly audit   cliui: [ '8.0.1' ],
16 silly audit   'emoji-regex': [ '8.0.0', '9.2.2' ],
16 silly audit   'string-width': [ '4.2.3', '5.1.2' ],
16 silly audit   'strip-ansi': [ '6.0.1', '5.2.0', '7.2.0' ],
16 silly audit   clone: [ '1.0.4' ],
16 silly audit   'clone-deep': [ '4.0.1' ],
16 silly audit   'code-block-writer': [ '10.1.1' ],
16 silly audit   color: [ '4.2.3' ],
16 silly audit   'color-string': [ '1.9.1' ],
16 silly audit   'combined-stream': [ '1.0.8' ],
16 silly audit   commander: [ '7.2.0', '12.1.0', '4.1.1', '2.20.3' ],
16 silly audit   commondir: [ '1.0.1' ],
16 silly audit   'component-type': [ '1.2.2' ],
16 silly audit   compressible: [ '2.0.18' ],
16 silly audit   compression: [ '1.8.1' ],
16 silly audit   negotiator: [ '0.6.4', '0.6.3' ],
16 silly audit   'concat-map': [ '0.0.1' ],
16 silly audit   connect: [ '3.7.0' ],
16 silly audit   consola: [ '3.4.2' ],
16 silly audit   'convert-hrtime': [ '3.0.0' ],
16 silly audit   'convert-source-map': [ '2.0.0' ],
16 silly audit   'core-js-compat': [ '3.49.0' ],
16 silly audit   cosmiconfig: [ '5.2.1' ],
16 silly audit   'cross-fetch': [ '3.2.0' ],
16 silly audit   'cross-spawn': [ '7.0.6', '6.0.6' ],
16 silly audit   crypt: [ '0.0.2' ],
16 silly audit   'crypto-random-string': [ '2.0.0' ],
16 silly audit   'css-in-js-utils': [ '3.1.0' ],
16 silly audit   csstype: [ '3.2.3' ],
16 silly audit   'data-uri-to-buffer': [ '4.0.1' ],
16 silly audit   'decode-uri-component': [ '0.2.2' ],
16 silly audit   'deep-extend': [ '0.6.0' ],
16 silly audit   deepmerge: [ '4.3.1' ],
16 silly audit   'default-gateway': [ '4.2.0' ],
16 silly audit   defaults: [ '1.0.4' ],
16 silly audit   'define-lazy-prop': [ '2.0.0' ],
16 silly audit   del: [ '6.1.1' ],
16 silly audit   'delayed-stream': [ '1.0.0' ],
16 silly audit   depd: [ '2.0.0' ],
16 silly audit   destroy: [ '1.2.0' ],
16 silly audit   'dir-glob': [ '3.0.1' ],
16 silly audit   dotenv: [ '16.4.7' ],
16 silly audit   'dotenv-expand': [ '11.0.7' ],
16 silly audit   'dunder-proto': [ '1.0.1' ],
16 silly audit   duplexify: [ '4.1.3' ],
16 silly audit   eastasianwidth: [ '0.2.0' ],
16 silly audit   'ecdsa-sig-formatter': [ '1.0.11' ],
16 silly audit   'edge-runtime': [ '2.5.9' ],
16 silly audit   picocolors: [ '1.0.0', '1.1.1' ],
16 silly audit   'ee-first': [ '1.1.1' ],
16 silly audit   'electron-to-chromium': [ '1.5.398' ],
16 silly audit   encodeurl: [ '1.0.2', '2.0.0' ],
16 silly audit   'end-of-stream': [ '1.4.5' ],
16 silly audit   'env-editor': [ '0.4.2' ],
16 silly audit   'error-ex': [ '1.3.4' ],
16 silly audit   'error-stack-parser': [ '2.1.4' ],
16 silly audit   'es-define-property': [ '1.0.1' ],
16 silly audit   'es-errors': [ '1.3.0' ],
16 silly audit   'es-object-atoms': [ '1.1.2' ],
16 silly audit   'es-set-tostringtag': [ '2.1.0' ],
16 silly audit   esbuild: [ '0.27.0' ],
16 silly audit   escalade: [ '3.2.0' ],
16 silly audit   'escape-html': [ '1.0.3' ],
16 silly audit   esprima: [ '4.0.1' ],
16 silly audit   'estree-walker': [ '2.0.2' ],
16 silly audit   esutils: [ '2.0.3' ],
16 silly audit   etag: [ '1.8.1' ],
16 silly audit   'event-target-shim': [ '5.0.1' ],
16 silly audit   'path-key': [ '2.0.1', '3.1.1' ],
16 silly audit   'shebang-command': [ '1.2.0', '2.0.0' ],
16 silly audit   'shebang-regex': [ '1.0.0', '3.0.0' ],
16 silly audit   which: [ '1.3.1', '2.0.2' ],
16 silly audit   expo: [ '52.0.49' ],
16 silly audit   'expo-asset': [ '11.0.5' ],
16 silly audit   'expo-constants': [ '17.0.8' ],
16 silly audit   'expo-font': [ '13.0.4' ],
16 silly audit   'expo-image-loader': [ '5.0.0' ],
16 silly audit   'expo-image-picker': [ '16.0.6' ],
16 silly audit   'expo-linear-gradient': [ '14.0.2' ],
16 silly audit   'expo-linking': [ '7.0.5' ],
16 silly audit   'expo-modules-autolinking': [ '2.0.8' ],
16 silly audit   'expo-modules-core': [ '2.2.3' ],
16 silly audit   'expo-router': [ '4.0.22' ],
16 silly audit   'expo-status-bar': [ '2.0.1' ],
16 silly audit   'expo-file-system': [ '18.0.12' ],
16 silly audit   'expo-keep-awake': [ '14.0.3' ],
16 silly audit   'exponential-backoff': [ '3.1.3' ],
16 silly audit   extend: [ '3.0.2' ],
16 silly audit   'fast-deep-equal': [ '3.1.3' ],
16 silly audit   'fast-glob': [ '3.3.3' ],
16 silly audit   'fast-json-stable-stringify': [ '2.1.0' ],
16 silly audit   'fast-loops': [ '1.1.4' ],
16 silly audit   'fast-uri': [ '3.1.4' ],
16 silly audit   'fast-xml-builder': [ '1.3.0' ],
16 silly audit   'fast-xml-parser': [ '5.10.1' ],
16 silly audit   fastq: [ '1.20.1' ],
16 silly audit   'faye-websocket': [ '0.11.4' ],
16 silly audit   'fb-watchman': [ '2.0.2' ],
16 silly audit   fbemitter: [ '3.0.0' ],
16 silly audit   fbjs: [ '3.0.5' ],
16 silly audit   'fbjs-css-vars': [ '1.0.2' ],
16 silly audit   'fetch-blob': [ '3.2.0' ],
16 silly audit   'fetch-retry': [ '4.1.1' ],
16 silly audit   'file-uri-to-path': [ '1.0.0' ],
16 silly audit   'fill-range': [ '7.1.1' ],
16 silly audit   'filter-obj': [ '1.1.0' ],
16 silly audit   finalhandler: [ '1.1.2' ],
16 silly audit   'find-cache-dir': [ '2.1.0' ],
16 silly audit   firebase: [ '10.14.1' ],
16 silly audit   'firebase-admin': [ '14.2.0' ],
16 silly audit   'flow-enums-runtime': [ '0.0.6' ],
16 silly audit   'flow-estree': [ '0.324.0' ],
16 silly audit   'flow-parser': [ '0.324.0' ],
16 silly audit   fontfaceobserver: [ '2.3.0' ],
16 silly audit   'foreground-child': [ '3.3.1' ],
16 silly audit   'formdata-polyfill': [ '4.0.10' ],
16 silly audit   'freeport-async': [ '2.0.0' ],
16 silly audit   fresh: [ '0.5.2' ],
16 silly audit   'fs-minipass': [ '3.0.3', '2.1.0' ],
16 silly audit   'fs.realpath': [ '1.0.0' ],
16 silly audit   fsevents: [ '2.3.3' ],
16 silly audit   'function-bind': [ '1.1.2' ],
16 silly audit   'functional-red-black-tree': [ '1.0.1' ],
16 silly audit   gaxios: [ '6.7.1', '7.3.0' ],
16 silly audit   uuid: [ '9.0.1', '8.3.2', '7.0.3' ],
16 silly audit   gensync: [ '1.0.0-beta.2' ],
16 silly audit   'get-caller-file': [ '2.0.5' ],
16 silly audit   'get-intrinsic': [ '1.3.0' ],
16 silly audit   'get-package-type': [ '0.1.0' ],
16 silly audit   'get-proto': [ '1.0.1' ],
16 silly audit   'get-tsconfig': [ '4.14.0' ],
16 silly audit   getenv: [ '1.0.0' ],
16 silly audit   'glob-parent': [ '5.1.2' ],
16 silly audit   globby: [ '11.1.0' ],
16 silly audit   'google-gax': [ '5.0.8' ],
16 silly audit   gtoken: [ '8.0.0', '7.1.0' ],
16 silly audit   'http-proxy-agent': [ '7.0.2', '5.0.0' ],
16 silly audit   'retry-request': [ '8.0.4', '7.0.2' ],
16 silly audit   rimraf: [ '5.0.10', '3.0.2', '2.6.3' ],
16 silly audit   'teeny-request': [ '10.1.4', '9.0.0' ],
16 silly audit   gopd: [ '1.2.0' ],
16 silly audit   'graceful-fs': [ '4.2.11' ],
16 silly audit   'has-symbols': [ '1.1.0' ],
16 silly audit   'has-tostringtag': [ '1.0.2' ],
16 silly audit   hasown: [ '2.0.4' ],
16 silly audit   'hosted-git-info': [ '7.0.2' ],
16 silly audit   'html-entities': [ '2.6.0' ],
16 silly audit   'http-errors': [ '2.0.1' ],
16 silly audit   statuses: [ '2.0.2', '1.5.0' ],
16 silly audit   'http-parser-js': [ '0.5.10' ],
16 silly audit   'https-proxy-agent': [ '7.0.6', '5.0.1' ],
16 silly audit   'human-signals': [ '2.1.0' ],
16 silly audit   'hyphenate-style-name': [ '1.1.0' ],
16 silly audit   idb: [ '7.1.1' ],
16 silly audit   ieee754: [ '1.2.1' ],
16 silly audit   ignore: [ '5.3.2' ],
16 silly audit   'image-size': [ '1.2.1' ],
16 silly audit   'import-fresh': [ '2.0.0' ],
16 silly audit   'resolve-from': [ '3.0.0', '5.0.0' ],
16 silly audit   imurmurhash: [ '0.1.4' ],
16 silly audit   'indent-string': [ '4.0.0' ],
16 silly audit   inflight: [ '1.0.6' ],
16 silly audit   inherits: [ '2.0.4' ],
16 silly audit   ini: [ '1.3.8' ],
16 silly audit   'inline-style-prefixer': [ '6.0.4' ],
16 silly audit   'internal-ip': [ '4.3.0' ],
16 silly audit   invariant: [ '2.2.4' ],
16 silly audit   'ip-regex': [ '2.1.0' ],
16 silly audit   'ipaddr.js': [ '1.9.1' ],
16 silly audit   'is-arrayish': [ '0.2.1', '0.3.4' ],
16 silly audit   'is-buffer': [ '1.1.6' ],
16 silly audit   'is-core-module': [ '2.16.2' ],
16 silly audit   'is-directory': [ '0.3.1' ],
16 silly audit   'is-docker': [ '2.2.1' ],
16 silly audit   'is-extglob': [ '2.1.1' ],
16 silly audit   'is-fullwidth-code-point': [ '3.0.0' ],
16 silly audit   'is-glob': [ '4.0.3' ],
16 silly audit   'is-number': [ '7.0.0' ],
16 silly audit   'is-path-cwd': [ '2.2.0' ],
16 silly audit   'is-path-inside': [ '3.0.3' ],
16 silly audit   'is-plain-obj': [ '2.1.0' ],
16 silly audit   'is-plain-object': [ '2.0.4' ],
16 silly audit   'is-unsafe': [ '2.0.0' ],
16 silly audit   'is-wsl': [ '2.2.0' ],
16 silly audit   isexe: [ '2.0.0' ],
16 silly audit   isobject: [ '3.0.1' ],
16 silly audit   'istanbul-lib-coverage': [ '3.2.2' ],
16 silly audit   'istanbul-lib-instrument': [ '5.2.1' ],
16 silly audit   jackspeak: [ '3.4.3' ],
16 silly audit   'jest-environment-node': [ '29.7.0' ],
16 silly audit   'jest-get-type': [ '29.6.3' ],
16 silly audit   'jest-haste-map': [ '29.7.0' ],
16 silly audit   'jest-message-util': [ '29.7.0' ],
16 silly audit   'jest-mock': [ '29.7.0' ],
16 silly audit   'jest-regex-util': [ '29.6.3' ],
16 silly audit   'jest-util': [ '29.7.0' ],
16 silly audit   'jest-validate': [ '29.7.0' ],
16 silly audit   'jest-worker': [ '29.7.0' ],
16 silly audit   'jimp-compact': [ '0.16.1' ],
16 silly audit   'join-component': [ '1.1.0' ],
16 silly audit   'js-tokens': [ '4.0.0' ],
16 silly audit   'jsc-android': [ '250231.0.0' ],
16 silly audit   'jsc-safe-url': [ '0.2.4' ],
16 silly audit   jscodeshift: [ '0.14.0' ],
16 silly audit   jsesc: [ '3.1.0' ],
16 silly audit   'json-bigint': [ '1.0.0' ],
16 silly audit   'json-parse-better-errors': [ '1.0.2' ],
16 silly audit   'json-schema-to-ts': [ '1.6.4' ],
16 silly audit   'json-schema-traverse': [ '1.0.0' ],
16 silly audit   json5: [ '2.2.3' ],
16 silly audit   jsonwebtoken: [ '9.0.3' ],
16 silly audit   jwa: [ '2.0.1' ],
16 silly audit   'jwks-rsa': [ '4.1.0' ],
16 silly audit   jose: [ '4.15.9' ],
16 silly audit   jws: [ '4.0.1' ],
16 silly audit   'kind-of': [ '6.0.3' ],
16 silly audit   kleur: [ '3.0.3' ],
16 silly audit   leven: [ '3.1.0' ],
16 silly audit   'lighthouse-logger': [ '1.4.2' ],
16 silly audit   lightningcss: [ '1.27.0' ],
16 silly audit   'lightningcss-darwin-arm64': [ '1.27.0' ],
16 silly audit   'lightningcss-darwin-x64': [ '1.27.0' ],
16 silly audit   'lightningcss-freebsd-x64': [ '1.27.0' ],
16 silly audit   'lightningcss-linux-arm-gnueabihf': [ '1.27.0' ],
16 silly audit   'lightningcss-linux-arm64-gnu': [ '1.27.0' ],
16 silly audit   'lightningcss-linux-arm64-musl': [ '1.27.0' ],
16 silly audit   'lightningcss-linux-x64-gnu': [ '1.27.0' ],
16 silly audit   'lightningcss-linux-x64-musl': [ '1.27.0' ],
16 silly audit   'lightningcss-win32-arm64-msvc': [ '1.27.0' ],
16 silly audit   'lightningcss-win32-x64-msvc': [ '1.27.0' ],
16 silly audit   limiter: [ '1.1.5' ],
16 silly audit   'lines-and-columns': [ '1.2.4' ],
16 silly audit   'lodash.camelcase': [ '4.3.0' ],
16 silly audit   'lodash.clonedeep': [ '4.5.0' ],
16 silly audit   'lodash.debounce': [ '4.0.8' ],
16 silly audit   'lodash.includes': [ '4.3.0' ],
16 silly audit   'lodash.isboolean': [ '3.0.3' ],
16 silly audit   'lodash.isinteger': [ '4.0.4' ],
16 silly audit   'lodash.isnumber': [ '3.0.3' ],
16 silly audit   'lodash.isplainobject': [ '4.0.6' ],
16 silly audit   'lodash.isstring': [ '4.0.1' ],
16 silly audit   'lodash.once': [ '4.1.1' ],
16 silly audit   'lodash.throttle': [ '4.1.1' ],
16 silly audit   'log-symbols': [ '2.2.0' ],
16 silly audit   long: [ '5.3.2' ],
16 silly audit   'loose-envify': [ '1.4.0' ],
16 silly audit   'lru-memoizer': [ '3.0.0' ],
16 silly audit   'make-dir': [ '2.1.0' ],
16 silly audit   makeerror: [ '1.0.12' ],
16 silly audit   marky: [ '1.3.0' ],
16 silly audit   'math-intrinsics': [ '1.1.0' ],
16 silly audit   md5: [ '2.3.0' ],
16 silly audit   'md5-file': [ '3.2.3' ],
16 silly audit   'memoize-one': [ '5.2.1', '6.0.0' ],
16 silly audit   'merge-options': [ '3.0.4' ],
16 silly audit   'merge-stream': [ '2.0.0' ],
16 silly audit   merge2: [ '1.4.1' ],
16 silly audit   metro: [ '0.81.5' ],
16 silly audit   'metro-babel-transformer': [ '0.81.5' ],
16 silly audit   'metro-cache': [ '0.81.5' ],
16 silly audit   'metro-cache-key': [ '0.81.5' ],
16 silly audit   'metro-config': [ '0.81.5' ],
16 silly audit   'metro-core': [ '0.81.5' ],
16 silly audit   'metro-file-map': [ '0.81.5' ],
16 silly audit   'metro-minify-terser': [ '0.81.5' ],
16 silly audit   'metro-resolver': [ '0.81.5' ],
16 silly audit   'metro-runtime': [ '0.81.5' ],
16 silly audit   'metro-source-map': [ '0.81.5' ],
16 silly audit   'metro-symbolicate': [ '0.81.5' ],
16 silly audit   'metro-transform-plugins': [ '0.81.5' ],
16 silly audit   'metro-transform-worker': [ '0.81.5' ],
16 silly audit   micromatch: [ '4.0.8' ],
16 silly audit   'mime-db': [ '1.54.0', '1.52.0' ],
16 silly audit   'mime-types': [ '2.1.35' ],
16 silly audit   minimist: [ '1.2.8' ],
16 silly audit   minipass: [ '7.1.3', '3.3.6', '5.0.0' ],
16 silly audit   'minipass-collect': [ '2.0.1' ],
16 silly audit   'minipass-flush': [ '1.0.7' ],
16 silly audit   'minipass-pipeline': [ '1.2.4' ],
16 silly audit   mri: [ '1.2.0' ],
16 silly audit   mz: [ '2.7.0' ],
16 silly audit   nanoid: [ '3.3.16' ],
16 silly audit   'neo-async': [ '2.6.2' ],
16 silly audit   'nested-error-stacks': [ '2.0.1' ],
16 silly audit   'nice-try': [ '1.0.5' ],
16 silly audit   'node-dir': [ '0.1.17' ],
16 silly audit   'node-domexception': [ '1.0.0' ],
16 silly audit   'node-forge': [ '1.4.0' ],
16 silly audit   'node-gyp-build': [ '4.8.4' ],
16 silly audit   'node-int64': [ '0.4.0' ],
16 silly audit   'node-releases': [ '2.0.51' ],
16 silly audit   nopt: [ '8.1.0' ],
16 silly audit   'normalize-path': [ '3.0.0' ],
16 silly audit   'npm-package-arg': [ '11.0.3' ],
16 silly audit   nullthrows: [ '1.1.1' ],
16 silly audit   ob1: [ '0.81.5' ],
16 silly audit   'object-assign': [ '4.1.1' ],
16 silly audit   'object-hash': [ '3.0.0' ],
16 silly audit   'on-finished': [ '2.3.0', '2.4.1' ],
16 silly audit   'on-headers': [ '1.1.0' ],
16 silly audit   once: [ '1.4.0' ],
16 silly audit   ora: [ '3.4.0' ],
16 silly audit   'p-finally': [ '1.0.0' ],
16 silly audit   'p-map': [ '4.0.0' ],
16 silly audit   'p-try': [ '2.2.0' ],
16 silly audit   'package-json-from-dist': [ '1.0.1' ],
16 silly audit   'parse-json': [ '4.0.0' ],
16 silly audit   'parse-ms': [ '2.1.0' ],
16 silly audit   'parse-png': [ '2.1.0' ],
16 silly audit   parseurl: [ '1.3.3' ],
16 silly audit   'path-browserify': [ '1.0.1' ],
16 silly audit   'path-exists': [ '4.0.0', '3.0.0' ],
16 silly audit   'path-expression-matcher': [ '1.6.2' ],
16 silly audit   'path-is-absolute': [ '1.0.1' ],
16 silly audit   'path-parse': [ '1.0.7' ],
16 silly audit   'path-to-regexp': [ '6.1.0', '6.3.0' ],
16 silly audit   'path-type': [ '4.0.0' ],
16 silly audit   pify: [ '4.0.1' ],
16 silly audit   pirates: [ '4.0.7' ],
16 silly audit   'pkg-dir': [ '3.0.0' ],
16 silly audit   plist: [ '3.1.1' ],
16 silly audit   xmlbuilder: [ '15.1.1', '11.0.1', '14.0.0' ],
16 silly audit   pngjs: [ '3.4.0' ],
16 silly audit   postcss: [ '8.4.49' ],
16 silly audit   'postcss-value-parser': [ '4.2.0' ],
16 silly audit   'pretty-bytes': [ '5.6.0' ],
16 silly audit   'pretty-format': [ '29.7.0' ],
16 silly audit   'react-is': [ '18.3.1', '16.13.1', '19.2.8' ],
16 silly audit   'pretty-ms': [ '7.0.1' ],
16 silly audit   'proc-log': [ '4.2.0' ],
16 silly audit   progress: [ '2.0.3' ],
16 silly audit   promise: [ '7.3.1', '8.3.0' ],
16 silly audit   prompts: [ '2.4.2' ],
16 silly audit   'prop-types': [ '15.8.1' ],
16 silly audit   'proto3-json-serializer': [ '3.0.4' ],
16 silly audit   protobufjs: [ '7.6.5' ],
16 silly audit   pump: [ '3.0.4' ],
16 silly audit   punycode: [ '2.3.1' ],
16 silly audit   'qrcode-terminal': [ '0.11.0' ],
16 silly audit   'query-string': [ '7.1.3' ],
16 silly audit   queue: [ '6.0.2' ],
16 silly audit   'queue-microtask': [ '1.2.3' ],
16 silly audit   'range-parser': [ '1.2.1' ],
16 silly audit   rc: [ '1.2.8' ],
16 silly audit   react: [ '18.3.1' ],
16 silly audit   'react-devtools-core': [ '5.3.2' ],
16 silly audit   'react-dom': [ '18.3.1' ],
16 silly audit   'react-fast-compare': [ '3.2.2' ],
16 silly audit   'react-freeze': [ '1.0.4' ],
16 silly audit   'react-helmet-async': [ '1.3.0' ],
16 silly audit   'react-native': [ '0.76.5' ],
16 silly audit   'react-native-helmet-async': [ '2.0.4' ],
16 silly audit   'react-native-is-edge-to-edge': [ '1.3.1' ],
16 silly audit   'react-native-safe-area-context': [ '4.12.0' ],
16 silly audit   'react-native-screens': [ '4.4.0' ],
16 silly audit   'react-native-web': [ '0.19.13' ],
16 silly audit   scheduler: [ '0.24.0-canary-efb381bbf-20230505', '0.23.2' ],
16 silly audit   'react-refresh': [ '0.14.2' ],
16 silly audit   'readable-stream': [ '3.6.2' ],
16 silly audit   readline: [ '1.3.0' ],
16 silly audit   recast: [ '0.21.5' ],
16 silly audit   'source-map': [ '0.6.1', '0.5.7' ],
16 silly audit   regenerate: [ '1.4.2' ],
16 silly audit   'regenerate-unicode-properties': [ '10.2.2' ],
16 silly audit   'regenerator-runtime': [ '0.13.11' ],
16 silly audit   'regexpu-core': [ '6.4.0' ],
16 silly audit   regjsgen: [ '0.8.0' ],
16 silly audit   regjsparser: [ '0.13.2' ],
16 silly audit   'remove-trailing-slash': [ '0.1.1' ],
16 silly audit   'require-directory': [ '2.1.1' ],
16 silly audit   'require-from-string': [ '2.0.2' ],
16 silly audit   requireg: [ '0.2.2' ],
16 silly audit   resolve: [ '1.7.1', '1.22.12' ],
16 silly audit   'resolve-pkg-maps': [ '1.0.0' ],
16 silly audit   'resolve-workspace-root': [ '2.0.1' ],
16 silly audit   'resolve.exports': [ '2.0.3' ],
16 silly audit   'restore-cursor': [ '2.0.0' ],
16 silly audit   retry: [ '0.13.1' ],
16 silly audit   reusify: [ '1.1.0' ],
16 silly audit   'run-parallel': [ '1.2.0' ],
16 silly audit   'safe-buffer': [ '5.2.1' ],
16 silly audit   sax: [ '1.6.1' ],
16 silly audit   'schema-utils': [ '4.3.3' ],
16 silly audit   selfsigned: [ '2.4.1' ],
16 silly audit   send: [ '0.19.2' ],
16 silly audit   'serialize-error': [ '2.1.0' ],
16 silly audit   'serve-static': [ '1.16.3' ],
16 silly audit   'server-only': [ '0.0.1' ],
16 silly audit   setimmediate: [ '1.0.5' ],
16 silly audit   setprototypeof: [ '1.2.0' ],
16 silly audit   'sf-symbols-typescript': [ '2.2.0' ],
16 silly audit   'shallow-clone': [ '3.0.1' ],
16 silly audit   shallowequal: [ '1.1.0' ],
16 silly audit   'shell-quote': [ '1.10.0' ],
16 silly audit   'simple-plist': [ '1.3.1' ],
16 silly audit   'simple-swizzle': [ '0.2.4' ],
16 silly audit   sisteransi: [ '1.0.5' ],
16 silly audit   slash: [ '3.0.0' ],
16 silly audit   slugify: [ '1.6.9' ],
16 silly audit   'smol-toml': [ '1.5.2' ],
16 silly audit   'source-map-js': [ '1.2.1' ],
16 silly audit   'source-map-support': [ '0.5.21' ],
16 silly audit   'split-on-first': [ '1.1.0' ],
16 silly audit   'sprintf-js': [ '1.0.3' ],
16 silly audit   ssri: [ '10.0.6' ],
16 silly audit   'stack-utils': [ '2.0.6' ],
16 silly audit   stackframe: [ '1.3.4' ],
16 silly audit   'stacktrace-parser': [ '0.1.11' ],
16 silly audit   'standard-navigation': [ '0.0.8' ],
16 silly audit   'stream-buffers': [ '2.2.0' ],
16 silly audit   'stream-events': [ '1.0.5' ],
16 silly audit   'stream-shift': [ '1.0.3' ],
16 silly audit   'strict-uri-encode': [ '2.0.0' ],
16 silly audit   string_decoder: [ '1.3.0' ],
16 silly audit   'strip-eof': [ '1.0.0' ],
16 silly audit   'strip-final-newline': [ '2.0.0' ],
16 silly audit   'strip-json-comments': [ '2.0.1' ],
16 silly audit   strnum: [ '2.4.1' ],
16 silly audit   'structured-headers': [ '0.4.1' ],
16 silly audit   stubs: [ '3.0.0' ],
16 silly audit   styleq: [ '0.1.3' ],
16 silly audit   sucrase: [ '3.35.0' ],
16 silly audit   'supports-hyperlinks': [ '2.3.0' ],
16 silly audit   'supports-preserve-symlinks-flag': [ '1.0.0' ],
16 silly audit   temp: [ '0.8.4' ],
16 silly audit   'temp-dir': [ '2.0.0' ],
16 silly audit   tempy: [ '0.7.1' ],
16 silly audit   'terminal-link': [ '2.1.1' ],
16 silly audit   terser: [ '5.49.0' ],
16 silly audit   'test-exclude': [ '6.0.0' ],
16 silly audit   thenify: [ '3.3.1' ],
16 silly audit   'thenify-all': [ '1.6.0' ],
16 silly audit   throat: [ '5.0.0' ],
16 silly audit   'time-span': [ '4.0.0' ],
16 silly audit   tmpl: [ '1.0.5' ],
16 silly audit   'to-regex-range': [ '5.0.1' ],
16 silly audit   toidentifier: [ '1.0.1' ],
16 silly audit   tr46: [ '0.0.3' ],
16 silly audit   'ts-interface-checker': [ '0.1.13' ],
16 silly audit   'ts-morph': [ '12.0.0' ],
16 silly audit   'ts-toolbelt': [ '6.15.5' ],
16 silly audit   tslib: [ '2.8.1' ],
16 silly audit   tsx: [ '4.21.0' ],
16 silly audit   'type-detect': [ '4.0.8' ],
16 silly audit   'ua-parser-js': [ '1.0.41' ],
16 silly audit   'unicode-canonical-property-names-ecmascript': [ '2.0.1' ],
16 silly audit   'unicode-match-property-ecmascript': [ '2.0.0' ],
16 silly audit   'unicode-match-property-value-ecmascript': [ '2.2.1' ],
16 silly audit   'unicode-property-aliases-ecmascript': [ '2.2.0' ],
16 silly audit   'unique-filename': [ '3.0.0' ],
16 silly audit   'unique-slug': [ '4.0.0' ],
16 silly audit   'unique-string': [ '2.0.0' ],
16 silly audit   unpipe: [ '1.0.0' ],
16 silly audit   'update-browserslist-db': [ '1.2.3' ],
16 silly audit   'uri-js': [ '4.4.1' ],
16 silly audit   'use-latest-callback': [ '0.2.6' ],
16 silly audit   'use-sync-external-store': [ '1.6.0' ],
16 silly audit   'util-deprecate': [ '1.0.2' ],
16 silly audit   'utils-merge': [ '1.0.1' ],
16 silly audit   'validate-npm-package-name': [ '5.0.1' ],
16 silly audit   vary: [ '1.1.2' ],
16 silly audit   vlq: [ '1.0.1' ],
16 silly audit   walker: [ '1.0.8' ],
16 silly audit   'warn-once': [ '0.1.1' ],
16 silly audit   wcwidth: [ '1.0.1' ],
16 silly audit   'web-streams-polyfill': [ '3.3.3' ],
16 silly audit   'webidl-conversions': [ '3.0.1', '5.0.0' ],
16 silly audit   'websocket-driver': [ '0.7.5' ],
16 silly audit   'websocket-extensions': [ '0.1.4' ],
16 silly audit   'whatwg-fetch': [ '3.6.20' ],
16 silly audit   'whatwg-url': [ '5.0.0' ],
16 silly audit   'whatwg-url-without-unicode': [ '8.0.0-3' ],
16 silly audit   wonka: [ '6.3.6' ],
16 silly audit   wrappy: [ '1.0.2' ],
16 silly audit   xcode: [ '3.0.1' ],
16 silly audit   'xml-naming': [ '0.3.0' ],
16 silly audit   xml2js: [ '0.6.0' ],
16 silly audit   y18n: [ '5.0.8' ],
16 silly audit   yargs: [ '17.7.3' ],
16 silly audit   'yargs-parser': [ '21.1.1' ],
16 silly audit   'yocto-queue': [ '0.1.0' ],
16 silly audit   zod: [ '3.22.4' ]
16 silly audit }
17 verbose audit error FetchError: request to https://registry.npmjs.org/-/npm/v1/security/advisories/bulk failed, reason: 
17 verbose audit error     at ClientRequest.<anonymous> (C:\Program Files\nodejs\node_modules\npm\node_modules\minipass-fetch\lib\index.js:130:14)
17 verbose audit error     at ClientRequest.emit (node:events:509:28)
17 verbose audit error     at emitErrorEvent (node:_http_client:109:11)
17 verbose audit error     at _destroy (node:_http_client:993:9)
17 verbose audit error     at onSocketNT (node:_http_client:1013:5)
17 verbose audit error     at process.processTicksAndRejections (node:internal/process/task_queues:91:21) {
17 verbose audit error   code: 'EACCES',
17 verbose audit error   errno: 'EACCES',
17 verbose audit error   type: 'system'
17 verbose audit error }
18 silly audit error undefined
19 silly audit report null
20 http cache zod@https://registry.npmjs.org/zod/-/zod-3.22.4.tgz 3ms (cache hit)
21 http cache yocto-queue@https://registry.npmjs.org/yocto-queue/-/yocto-queue-0.1.0.tgz 0ms (cache hit)
22 http cache yargs-parser@https://registry.npmjs.org/yargs-parser/-/yargs-parser-21.1.1.tgz 1ms (cache hit)
23 http cache yallist@https://registry.npmjs.org/yallist/-/yallist-3.1.1.tgz 0ms (cache hit)
24 http cache yargs@https://registry.npmjs.org/yargs/-/yargs-17.7.3.tgz 0ms (cache hit)
25 http cache y18n@https://registry.npmjs.org/y18n/-/y18n-5.0.8.tgz 1ms (cache hit)
26 http cache xmlbuilder@https://registry.npmjs.org/xmlbuilder/-/xmlbuilder-14.0.0.tgz 0ms (cache hit)
27 http cache xml-naming@https://registry.npmjs.org/xml-naming/-/xml-naming-0.3.0.tgz 0ms (cache hit)
28 http cache ws@https://registry.npmjs.org/ws/-/ws-8.21.1.tgz 0ms (cache hit)
29 http cache xml2js@https://registry.npmjs.org/xml2js/-/xml2js-0.6.0.tgz 0ms (cache hit)
30 http cache xcode@https://registry.npmjs.org/xcode/-/xcode-3.0.1.tgz 0ms (cache hit)
31 http cache wrappy@https://registry.npmjs.org/wrappy/-/wrappy-1.0.2.tgz 0ms (cache hit)
32 http cache wrap-ansi@https://registry.npmjs.org/wrap-ansi/-/wrap-ansi-7.0.0.tgz 0ms (cache hit)
33 http cache write-file-atomic@https://registry.npmjs.org/write-file-atomic/-/write-file-atomic-2.4.3.tgz 0ms (cache hit)
34 http cache wrap-ansi-cjs@https://registry.npmjs.org/wrap-ansi/-/wrap-ansi-7.0.0.tgz 0ms (cache hit)
35 http cache wonka@https://registry.npmjs.org/wonka/-/wonka-6.3.6.tgz 0ms (cache hit)
36 http cache whatwg-url-without-unicode@https://registry.npmjs.org/whatwg-url-without-unicode/-/whatwg-url-without-unicode-8.0.0-3.tgz 0ms (cache hit)
37 http cache whatwg-fetch@https://registry.npmjs.org/whatwg-fetch/-/whatwg-fetch-3.6.20.tgz 0ms (cache hit)
38 http cache which@https://registry.npmjs.org/which/-/which-2.0.2.tgz 0ms (cache hit)
39 http cache whatwg-url@https://registry.npmjs.org/whatwg-url/-/whatwg-url-5.0.0.tgz 0ms (cache hit)
40 http cache websocket-extensions@https://registry.npmjs.org/websocket-extensions/-/websocket-extensions-0.1.4.tgz 0ms (cache hit)
41 http cache webidl-conversions@https://registry.npmjs.org/webidl-conversions/-/webidl-conversions-3.0.1.tgz 0ms (cache hit)
42 http cache websocket-driver@https://registry.npmjs.org/websocket-driver/-/websocket-driver-0.7.5.tgz 0ms (cache hit)
43 http cache web-streams-polyfill@https://registry.npmjs.org/web-streams-polyfill/-/web-streams-polyfill-3.3.3.tgz 0ms (cache hit)
44 http cache wcwidth@https://registry.npmjs.org/wcwidth/-/wcwidth-1.0.1.tgz 0ms (cache hit)
45 http cache warn-once@https://registry.npmjs.org/warn-once/-/warn-once-0.1.1.tgz 0ms (cache hit)
46 http cache walker@https://registry.npmjs.org/walker/-/walker-1.0.8.tgz 0ms (cache hit)
47 http cache vary@https://registry.npmjs.org/vary/-/vary-1.1.2.tgz 0ms (cache hit)
48 http cache vlq@https://registry.npmjs.org/vlq/-/vlq-1.0.1.tgz 0ms (cache hit)
49 http cache validate-npm-package-name@https://registry.npmjs.org/validate-npm-package-name/-/validate-npm-package-name-5.0.1.tgz 0ms (cache hit)
50 http cache utils-merge@https://registry.npmjs.org/utils-merge/-/utils-merge-1.0.1.tgz 0ms (cache hit)
51 http cache uuid@https://registry.npmjs.org/uuid/-/uuid-8.3.2.tgz 0ms (cache hit)
52 http cache util-deprecate@https://registry.npmjs.org/util-deprecate/-/util-deprecate-1.0.2.tgz 1ms (cache hit)
53 http cache use-sync-external-store@https://registry.npmjs.org/use-sync-external-store/-/use-sync-external-store-1.6.0.tgz 0ms (cache hit)
54 http cache uri-js@https://registry.npmjs.org/uri-js/-/uri-js-4.4.1.tgz 0ms (cache hit)
55 http cache use-latest-callback@https://registry.npmjs.org/use-latest-callback/-/use-latest-callback-0.2.6.tgz 0ms (cache hit)
56 http cache update-browserslist-db@https://registry.npmjs.org/update-browserslist-db/-/update-browserslist-db-1.2.3.tgz 0ms (cache hit)
57 http cache unpipe@https://registry.npmjs.org/unpipe/-/unpipe-1.0.0.tgz 0ms (cache hit)
58 http cache universalify@https://registry.npmjs.org/universalify/-/universalify-0.1.2.tgz 0ms (cache hit)
59 http cache unique-slug@https://registry.npmjs.org/unique-slug/-/unique-slug-4.0.0.tgz 0ms (cache hit)
60 http cache unique-string@https://registry.npmjs.org/unique-string/-/unique-string-2.0.0.tgz 0ms (cache hit)
61 http cache unique-filename@https://registry.npmjs.org/unique-filename/-/unique-filename-3.0.0.tgz 0ms (cache hit)
62 http cache unicode-property-aliases-ecmascript@https://registry.npmjs.org/unicode-property-aliases-ecmascript/-/unicode-property-aliases-ecmascript-2.2.0.tgz 0ms (cache hit)
63 http cache unicode-match-property-value-ecmascript@https://registry.npmjs.org/unicode-match-property-value-ecmascript/-/unicode-match-property-value-ecmascript-2.2.1.tgz 0ms (cache hit)
64 http cache unicode-match-property-ecmascript@https://registry.npmjs.org/unicode-match-property-ecmascript/-/unicode-match-property-ecmascript-2.0.0.tgz 0ms (cache hit)
65 http cache undici-types@https://registry.npmjs.org/undici-types/-/undici-types-8.3.0.tgz 0ms (cache hit)
66 http cache ua-parser-js@https://registry.npmjs.org/ua-parser-js/-/ua-parser-js-1.0.41.tgz 0ms (cache hit)
67 http cache unicode-canonical-property-names-ecmascript@https://registry.npmjs.org/unicode-canonical-property-names-ecmascript/-/unicode-canonical-property-names-ecmascript-2.0.1.tgz 0ms (cache hit)
68 http cache undici@https://registry.npmjs.org/undici/-/undici-6.28.0.tgz 0ms (cache hit)
69 http cache typescript@https://registry.npmjs.org/typescript/-/typescript-5.3.3.tgz 0ms (cache hit)
70 http cache type-detect@https://registry.npmjs.org/type-detect/-/type-detect-4.0.8.tgz 0ms (cache hit)
71 http cache type-fest@https://registry.npmjs.org/type-fest/-/type-fest-0.7.1.tgz 0ms (cache hit)
72 http cache tslib@https://registry.npmjs.org/tslib/-/tslib-2.8.1.tgz 0ms (cache hit)
73 http cache tsx@https://registry.npmjs.org/tsx/-/tsx-4.21.0.tgz 0ms (cache hit)
74 http cache ts-toolbelt@https://registry.npmjs.org/ts-toolbelt/-/ts-toolbelt-6.15.5.tgz 0ms (cache hit)
75 http cache ts-morph@https://registry.npmjs.org/ts-morph/-/ts-morph-12.0.0.tgz 0ms (cache hit)
76 http cache ts-interface-checker@https://registry.npmjs.org/ts-interface-checker/-/ts-interface-checker-0.1.13.tgz 0ms (cache hit)
77 http cache tr46@https://registry.npmjs.org/tr46/-/tr46-0.0.3.tgz 0ms (cache hit)
78 http cache time-span@https://registry.npmjs.org/time-span/-/time-span-4.0.0.tgz 0ms (cache hit)
79 http cache toidentifier@https://registry.npmjs.org/toidentifier/-/toidentifier-1.0.1.tgz 0ms (cache hit)
80 http cache tmpl@https://registry.npmjs.org/tmpl/-/tmpl-1.0.5.tgz 0ms (cache hit)
81 http cache to-regex-range@https://registry.npmjs.org/to-regex-range/-/to-regex-range-5.0.1.tgz 0ms (cache hit)
82 http cache throat@https://registry.npmjs.org/throat/-/throat-5.0.0.tgz 0ms (cache hit)
83 http cache thenify@https://registry.npmjs.org/thenify/-/thenify-3.3.1.tgz 0ms (cache hit)
84 http cache thenify-all@https://registry.npmjs.org/thenify-all/-/thenify-all-1.6.0.tgz 0ms (cache hit)
85 http cache terminal-link@https://registry.npmjs.org/terminal-link/-/terminal-link-2.1.1.tgz 0ms (cache hit)
86 http cache terser@https://registry.npmjs.org/terser/-/terser-5.49.0.tgz 0ms (cache hit)
87 http cache tempy@https://registry.npmjs.org/tempy/-/tempy-0.7.1.tgz 0ms (cache hit)
88 http cache test-exclude@https://registry.npmjs.org/test-exclude/-/test-exclude-6.0.0.tgz 0ms (cache hit)
89 http cache temp@https://registry.npmjs.org/temp/-/temp-0.8.4.tgz 0ms (cache hit)
90 http cache tar@https://registry.npmjs.org/tar/-/tar-6.2.1.tgz 0ms (cache hit)
91 http cache teeny-request@https://registry.npmjs.org/teeny-request/-/teeny-request-9.0.0.tgz 0ms (cache hit)
92 http cache temp-dir@https://registry.npmjs.org/temp-dir/-/temp-dir-2.0.0.tgz 0ms (cache hit)
93 http cache supports-hyperlinks@https://registry.npmjs.org/supports-hyperlinks/-/supports-hyperlinks-2.3.0.tgz 0ms (cache hit)
94 http cache supports-preserve-symlinks-flag@https://registry.npmjs.org/supports-preserve-symlinks-flag/-/supports-preserve-symlinks-flag-1.0.0.tgz 0ms (cache hit)
95 http cache supports-color@https://registry.npmjs.org/supports-color/-/supports-color-7.2.0.tgz 0ms (cache hit)
96 http cache styleq@https://registry.npmjs.org/styleq/-/styleq-0.1.3.tgz 0ms (cache hit)
97 http cache structured-headers@https://registry.npmjs.org/structured-headers/-/structured-headers-0.4.1.tgz 0ms (cache hit)
98 http cache stubs@https://registry.npmjs.org/stubs/-/stubs-3.0.0.tgz 0ms (cache hit)
99 http cache sucrase@https://registry.npmjs.org/sucrase/-/sucrase-3.35.0.tgz 0ms (cache hit)
100 http cache strnum@https://registry.npmjs.org/strnum/-/strnum-2.4.1.tgz 0ms (cache hit)
101 http cache strip-final-newline@https://registry.npmjs.org/strip-final-newline/-/strip-final-newline-2.0.0.tgz 0ms (cache hit)
102 http cache strip-json-comments@https://registry.npmjs.org/strip-json-comments/-/strip-json-comments-2.0.1.tgz 0ms (cache hit)
103 http cache strip-eof@https://registry.npmjs.org/strip-eof/-/strip-eof-1.0.0.tgz 0ms (cache hit)
104 http cache string-width@https://registry.npmjs.org/string-width/-/string-width-5.1.2.tgz 0ms (cache hit)
105 http cache strip-ansi-cjs@https://registry.npmjs.org/strip-ansi/-/strip-ansi-6.0.1.tgz 0ms (cache hit)
106 http cache strip-ansi@https://registry.npmjs.org/strip-ansi/-/strip-ansi-7.2.0.tgz 0ms (cache hit)
107 http cache string-width-cjs@https://registry.npmjs.org/string-width/-/string-width-4.2.3.tgz 0ms (cache hit)
108 http cache stream-shift@https://registry.npmjs.org/stream-shift/-/stream-shift-1.0.3.tgz 0ms (cache hit)
109 http cache string_decoder@https://registry.npmjs.org/string_decoder/-/string_decoder-1.3.0.tgz 0ms (cache hit)
110 http cache stream-buffers@https://registry.npmjs.org/stream-buffers/-/stream-buffers-2.2.0.tgz 0ms (cache hit)
111 http cache stream-events@https://registry.npmjs.org/stream-events/-/stream-events-1.0.5.tgz 0ms (cache hit)
112 http cache stacktrace-parser@https://registry.npmjs.org/stacktrace-parser/-/stacktrace-parser-0.1.11.tgz 0ms (cache hit)
113 http cache stackframe@https://registry.npmjs.org/stackframe/-/stackframe-1.3.4.tgz 0ms (cache hit)
114 http cache statuses@https://registry.npmjs.org/statuses/-/statuses-1.5.0.tgz 0ms (cache hit)
115 http cache strict-uri-encode@https://registry.npmjs.org/strict-uri-encode/-/strict-uri-encode-2.0.0.tgz 0ms (cache hit)
116 http cache standard-navigation@https://registry.npmjs.org/standard-navigation/-/standard-navigation-0.0.8.tgz 0ms (cache hit)
117 http cache sprintf-js@https://registry.npmjs.org/sprintf-js/-/sprintf-js-1.0.3.tgz 0ms (cache hit)
118 http cache ssri@https://registry.npmjs.org/ssri/-/ssri-10.0.6.tgz 0ms (cache hit)
119 http cache stack-utils@https://registry.npmjs.org/stack-utils/-/stack-utils-2.0.6.tgz 0ms (cache hit)
120 http cache split-on-first@https://registry.npmjs.org/split-on-first/-/split-on-first-1.1.0.tgz 0ms (cache hit)
121 http cache source-map-js@https://registry.npmjs.org/source-map-js/-/source-map-js-1.2.1.tgz 0ms (cache hit)
122 http cache smol-toml@https://registry.npmjs.org/smol-toml/-/smol-toml-1.5.2.tgz 0ms (cache hit)
123 http cache source-map-support@https://registry.npmjs.org/source-map-support/-/source-map-support-0.5.21.tgz 0ms (cache hit)
124 http cache slash@https://registry.npmjs.org/slash/-/slash-3.0.0.tgz 0ms (cache hit)
125 http cache slugify@https://registry.npmjs.org/slugify/-/slugify-1.6.9.tgz 0ms (cache hit)
126 http cache sisteransi@https://registry.npmjs.org/sisteransi/-/sisteransi-1.0.5.tgz 0ms (cache hit)
127 http cache signal-exit@https://registry.npmjs.org/signal-exit/-/signal-exit-4.1.0.tgz 0ms (cache hit)
128 http cache simple-plist@https://registry.npmjs.org/simple-plist/-/simple-plist-1.3.1.tgz 0ms (cache hit)
129 http cache shebang-command@https://registry.npmjs.org/shebang-command/-/shebang-command-2.0.0.tgz 0ms (cache hit)
130 http cache simple-swizzle@https://registry.npmjs.org/simple-swizzle/-/simple-swizzle-0.2.4.tgz 0ms (cache hit)
131 http cache shell-quote@https://registry.npmjs.org/shell-quote/-/shell-quote-1.10.0.tgz 0ms (cache hit)
132 http cache shallowequal@https://registry.npmjs.org/shallowequal/-/shallowequal-1.1.0.tgz 0ms (cache hit)
133 http cache shallow-clone@https://registry.npmjs.org/shallow-clone/-/shallow-clone-3.0.1.tgz 1ms (cache hit)
134 http cache shebang-regex@https://registry.npmjs.org/shebang-regex/-/shebang-regex-3.0.0.tgz 0ms (cache hit)
135 http cache setimmediate@https://registry.npmjs.org/setimmediate/-/setimmediate-1.0.5.tgz 0ms (cache hit)
136 http cache sf-symbols-typescript@https://registry.npmjs.org/sf-symbols-typescript/-/sf-symbols-typescript-2.2.0.tgz 0ms (cache hit)
137 http cache setprototypeof@https://registry.npmjs.org/setprototypeof/-/setprototypeof-1.2.0.tgz 0ms (cache hit)
138 http cache server-only@https://registry.npmjs.org/server-only/-/server-only-0.0.1.tgz 0ms (cache hit)
139 http cache serve-static@https://registry.npmjs.org/serve-static/-/serve-static-1.16.3.tgz 0ms (cache hit)
140 http cache serialize-error@https://registry.npmjs.org/serialize-error/-/serialize-error-2.1.0.tgz 0ms (cache hit)
141 http cache send@https://registry.npmjs.org/send/-/send-0.19.2.tgz 0ms (cache hit)
142 http cache semver@https://registry.npmjs.org/semver/-/semver-6.3.1.tgz 0ms (cache hit)
143 http cache selfsigned@https://registry.npmjs.org/selfsigned/-/selfsigned-2.4.1.tgz 0ms (cache hit)
144 http cache schema-utils@https://registry.npmjs.org/schema-utils/-/schema-utils-4.3.3.tgz 0ms (cache hit)
145 http cache scheduler@https://registry.npmjs.org/scheduler/-/scheduler-0.23.2.tgz 0ms (cache hit)
146 http cache sax@https://registry.npmjs.org/sax/-/sax-1.6.1.tgz 0ms (cache hit)
147 http cache run-parallel@https://registry.npmjs.org/run-parallel/-/run-parallel-1.2.0.tgz 0ms (cache hit)
148 http cache rimraf@https://registry.npmjs.org/rimraf/-/rimraf-3.0.2.tgz 0ms (cache hit)
149 http cache retry-request@https://registry.npmjs.org/retry-request/-/retry-request-7.0.2.tgz 0ms (cache hit)
150 http cache retry@https://registry.npmjs.org/retry/-/retry-0.13.1.tgz 0ms (cache hit)
151 http cache reusify@https://registry.npmjs.org/reusify/-/reusify-1.1.0.tgz 0ms (cache hit)
152 http cache resolve-workspace-root@https://registry.npmjs.org/resolve-workspace-root/-/resolve-workspace-root-2.0.1.tgz 0ms (cache hit)
153 http cache resolve-from@https://registry.npmjs.org/resolve-from/-/resolve-from-5.0.0.tgz 0ms (cache hit)
154 http cache resolve-pkg-maps@https://registry.npmjs.org/resolve-pkg-maps/-/resolve-pkg-maps-1.0.0.tgz 0ms (cache hit)
155 http cache restore-cursor@https://registry.npmjs.org/restore-cursor/-/restore-cursor-2.0.0.tgz 0ms (cache hit)
156 http cache resolve@https://registry.npmjs.org/resolve/-/resolve-1.22.12.tgz 0ms (cache hit)
157 http cache safe-buffer@https://registry.npmjs.org/safe-buffer/-/safe-buffer-5.2.1.tgz 0ms (cache hit)
158 http cache require-from-string@https://registry.npmjs.org/require-from-string/-/require-from-string-2.0.2.tgz 0ms (cache hit)
159 http cache requireg@https://registry.npmjs.org/requireg/-/requireg-0.2.2.tgz 0ms (cache hit)
160 http cache require-directory@https://registry.npmjs.org/require-directory/-/require-directory-2.1.1.tgz 0ms (cache hit)
161 http cache remove-trailing-slash@https://registry.npmjs.org/remove-trailing-slash/-/remove-trailing-slash-0.1.1.tgz 0ms (cache hit)
162 http cache regjsparser@https://registry.npmjs.org/regjsparser/-/regjsparser-0.13.2.tgz 0ms (cache hit)
163 http cache regjsgen@https://registry.npmjs.org/regjsgen/-/regjsgen-0.8.0.tgz 0ms (cache hit)
164 http cache regenerator-runtime@https://registry.npmjs.org/regenerator-runtime/-/regenerator-runtime-0.13.11.tgz 0ms (cache hit)
165 http cache regexpu-core@https://registry.npmjs.org/regexpu-core/-/regexpu-core-6.4.0.tgz 0ms (cache hit)
166 http cache regenerate@https://registry.npmjs.org/regenerate/-/regenerate-1.4.2.tgz 0ms (cache hit)
167 http cache readline@https://registry.npmjs.org/readline/-/readline-1.3.0.tgz 0ms (cache hit)
168 http cache regenerate-unicode-properties@https://registry.npmjs.org/regenerate-unicode-properties/-/regenerate-unicode-properties-10.2.2.tgz 0ms (cache hit)
169 http cache recast@https://registry.npmjs.org/recast/-/recast-0.21.5.tgz 0ms (cache hit)
170 http cache react-native-web@https://registry.npmjs.org/react-native-web/-/react-native-web-0.19.13.tgz 0ms (cache hit)
171 http cache readable-stream@https://registry.npmjs.org/readable-stream/-/readable-stream-3.6.2.tgz 0ms (cache hit)
172 http cache react-native-safe-area-context@https://registry.npmjs.org/react-native-safe-area-context/-/react-native-safe-area-context-4.12.0.tgz 0ms (cache hit)
173 http cache react-refresh@https://registry.npmjs.org/react-refresh/-/react-refresh-0.14.2.tgz 0ms (cache hit)
174 http cache react-native-screens@https://registry.npmjs.org/react-native-screens/-/react-native-screens-4.4.0.tgz 0ms (cache hit)
175 http cache react-native-is-edge-to-edge@https://registry.npmjs.org/react-native-is-edge-to-edge/-/react-native-is-edge-to-edge-1.3.1.tgz 0ms (cache hit)
176 http cache react-native-helmet-async@https://registry.npmjs.org/react-native-helmet-async/-/react-native-helmet-async-2.0.4.tgz 0ms (cache hit)
177 http cache react-native@https://registry.npmjs.org/react-native/-/react-native-0.76.5.tgz 0ms (cache hit)
178 http cache react-is@https://registry.npmjs.org/react-is/-/react-is-19.2.8.tgz 0ms (cache hit)
179 http cache react-helmet-async@https://registry.npmjs.org/react-helmet-async/-/react-helmet-async-1.3.0.tgz 0ms (cache hit)
180 http cache react-freeze@https://registry.npmjs.org/react-freeze/-/react-freeze-1.0.4.tgz 0ms (cache hit)
181 http cache react-dom@https://registry.npmjs.org/react-dom/-/react-dom-18.3.1.tgz 0ms (cache hit)
182 http cache react-fast-compare@https://registry.npmjs.org/react-fast-compare/-/react-fast-compare-3.2.2.tgz 0ms (cache hit)
183 http cache react@https://registry.npmjs.org/react/-/react-18.3.1.tgz 0ms (cache hit)
184 http cache rc@https://registry.npmjs.org/rc/-/rc-1.2.8.tgz 0ms (cache hit)
185 http cache react-devtools-core@https://registry.npmjs.org/react-devtools-core/-/react-devtools-core-5.3.2.tgz 0ms (cache hit)
186 http cache range-parser@https://registry.npmjs.org/range-parser/-/range-parser-1.2.1.tgz 0ms (cache hit)
187 http cache queue@https://registry.npmjs.org/queue/-/queue-6.0.2.tgz 0ms (cache hit)
188 http cache queue-microtask@https://registry.npmjs.org/queue-microtask/-/queue-microtask-1.2.3.tgz 0ms (cache hit)
189 http cache punycode@https://registry.npmjs.org/punycode/-/punycode-2.3.1.tgz 0ms (cache hit)
190 http cache query-string@https://registry.npmjs.org/query-string/-/query-string-7.1.3.tgz 0ms (cache hit)
191 http cache qrcode-terminal@https://registry.npmjs.org/qrcode-terminal/-/qrcode-terminal-0.11.0.tgz 0ms (cache hit)
192 http cache protobufjs@https://registry.npmjs.org/protobufjs/-/protobufjs-7.6.5.tgz 0ms (cache hit)
193 http cache pump@https://registry.npmjs.org/pump/-/pump-3.0.4.tgz 0ms (cache hit)
194 http cache proto3-json-serializer@https://registry.npmjs.org/proto3-json-serializer/-/proto3-json-serializer-3.0.4.tgz 0ms (cache hit)
195 http cache prompts@https://registry.npmjs.org/prompts/-/prompts-2.4.2.tgz 0ms (cache hit)
196 http cache promise@https://registry.npmjs.org/promise/-/promise-7.3.1.tgz 0ms (cache hit)
197 http cache progress@https://registry.npmjs.org/progress/-/progress-2.0.3.tgz 0ms (cache hit)
198 http cache proc-log@https://registry.npmjs.org/proc-log/-/proc-log-4.2.0.tgz 0ms (cache hit)
199 http cache prop-types@https://registry.npmjs.org/prop-types/-/prop-types-15.8.1.tgz 0ms (cache hit)
200 http cache pretty-ms@https://registry.npmjs.org/pretty-ms/-/pretty-ms-7.0.1.tgz 0ms (cache hit)
201 http cache pretty-bytes@https://registry.npmjs.org/pretty-bytes/-/pretty-bytes-5.6.0.tgz 0ms (cache hit)
202 http cache pretty-format@https://registry.npmjs.org/pretty-format/-/pretty-format-29.7.0.tgz 0ms (cache hit)
203 http cache postcss-value-parser@https://registry.npmjs.org/postcss-value-parser/-/postcss-value-parser-4.2.0.tgz 0ms (cache hit)
204 http cache postcss@https://registry.npmjs.org/postcss/-/postcss-8.4.49.tgz 0ms (cache hit)
205 http cache plist@https://registry.npmjs.org/plist/-/plist-3.1.1.tgz 0ms (cache hit)
206 http cache pngjs@https://registry.npmjs.org/pngjs/-/pngjs-3.4.0.tgz 0ms (cache hit)
207 http cache pkg-dir@https://registry.npmjs.org/pkg-dir/-/pkg-dir-3.0.0.tgz 0ms (cache hit)
208 http cache pify@https://registry.npmjs.org/pify/-/pify-4.0.1.tgz 0ms (cache hit)
209 http cache pirates@https://registry.npmjs.org/pirates/-/pirates-4.0.7.tgz 0ms (cache hit)
210 http cache picomatch@https://registry.npmjs.org/picomatch/-/picomatch-3.0.2.tgz 0ms (cache hit)
211 http cache picocolors@https://registry.npmjs.org/picocolors/-/picocolors-1.1.1.tgz 0ms (cache hit)
212 http cache path-type@https://registry.npmjs.org/path-type/-/path-type-4.0.0.tgz 0ms (cache hit)
213 http cache path-to-regexp@https://registry.npmjs.org/path-to-regexp/-/path-to-regexp-6.1.0.tgz 0ms (cache hit)
214 http cache path-to-regexp-updated@https://registry.npmjs.org/path-to-regexp/-/path-to-regexp-6.3.0.tgz 0ms (cache hit)
215 http cache path-parse@https://registry.npmjs.org/path-parse/-/path-parse-1.0.7.tgz 0ms (cache hit)
216 http cache path-key@https://registry.npmjs.org/path-key/-/path-key-3.1.1.tgz 0ms (cache hit)
217 http cache path-is-absolute@https://registry.npmjs.org/path-is-absolute/-/path-is-absolute-1.0.1.tgz 0ms (cache hit)
218 http cache path-scurry@https://registry.npmjs.org/path-scurry/-/path-scurry-1.11.1.tgz 0ms (cache hit)
219 http cache path-expression-matcher@https://registry.npmjs.org/path-expression-matcher/-/path-expression-matcher-1.6.2.tgz 0ms (cache hit)
220 http cache path-browserify@https://registry.npmjs.org/path-browserify/-/path-browserify-1.0.1.tgz 0ms (cache hit)
221 http cache path-exists@https://registry.npmjs.org/path-exists/-/path-exists-4.0.0.tgz 0ms (cache hit)
222 http cache parseurl@https://registry.npmjs.org/parseurl/-/parseurl-1.3.3.tgz 0ms (cache hit)
223 http cache parse-png@https://registry.npmjs.org/parse-png/-/parse-png-2.1.0.tgz 0ms (cache hit)
224 http cache parse-ms@https://registry.npmjs.org/parse-ms/-/parse-ms-2.1.0.tgz 0ms (cache hit)
225 http cache source-map@https://registry.npmjs.org/source-map/-/source-map-0.5.7.tgz 0ms (cache hit)
226 http cache parse-json@https://registry.npmjs.org/parse-json/-/parse-json-4.0.0.tgz 0ms (cache hit)
227 http cache p-try@https://registry.npmjs.org/p-try/-/p-try-2.2.0.tgz 0ms (cache hit)
228 http cache package-json-from-dist@https://registry.npmjs.org/package-json-from-dist/-/package-json-from-dist-1.0.1.tgz 0ms (cache hit)
229 http cache p-locate@https://registry.npmjs.org/p-locate/-/p-locate-5.0.0.tgz 0ms (cache hit)
230 http cache p-map@https://registry.npmjs.org/p-map/-/p-map-4.0.0.tgz 0ms (cache hit)
231 http cache p-finally@https://registry.npmjs.org/p-finally/-/p-finally-1.0.0.tgz 0ms (cache hit)
232 http cache p-limit@https://registry.npmjs.org/p-limit/-/p-limit-3.1.0.tgz 0ms (cache hit)
233 http cache open@https://registry.npmjs.org/open/-/open-7.4.2.tgz 0ms (cache hit)
234 http cache ora@https://registry.npmjs.org/ora/-/ora-3.4.0.tgz 0ms (cache hit)
235 http cache onetime@https://registry.npmjs.org/onetime/-/onetime-2.0.1.tgz 0ms (cache hit)
236 http cache once@https://registry.npmjs.org/once/-/once-1.4.0.tgz 0ms (cache hit)
237 http cache on-finished@https://registry.npmjs.org/on-finished/-/on-finished-2.3.0.tgz 0ms (cache hit)
238 http cache on-headers@https://registry.npmjs.org/on-headers/-/on-headers-1.1.0.tgz 0ms (cache hit)
239 http cache object-hash@https://registry.npmjs.org/object-hash/-/object-hash-3.0.0.tgz 0ms (cache hit)
240 http cache object-assign@https://registry.npmjs.org/object-assign/-/object-assign-4.1.1.tgz 0ms (cache hit)
241 http cache ob1@https://registry.npmjs.org/ob1/-/ob1-0.81.5.tgz 0ms (cache hit)
242 http cache nullthrows@https://registry.npmjs.org/nullthrows/-/nullthrows-1.1.1.tgz 0ms (cache hit)
243 http cache normalize-path@https://registry.npmjs.org/normalize-path/-/normalize-path-3.0.0.tgz 0ms (cache hit)
244 http cache npm-package-arg@https://registry.npmjs.org/npm-package-arg/-/npm-package-arg-11.0.3.tgz 0ms (cache hit)
245 http cache npm-run-path@https://registry.npmjs.org/npm-run-path/-/npm-run-path-2.0.2.tgz 0ms (cache hit)
246 http cache nopt@https://registry.npmjs.org/nopt/-/nopt-8.1.0.tgz 0ms (cache hit)
247 http cache node-int64@https://registry.npmjs.org/node-int64/-/node-int64-0.4.0.tgz 0ms (cache hit)
248 http cache node-gyp-build@https://registry.npmjs.org/node-gyp-build/-/node-gyp-build-4.8.4.tgz 0ms (cache hit)
249 http cache node-forge@https://registry.npmjs.org/node-forge/-/node-forge-1.4.0.tgz 0ms (cache hit)
250 http cache node-fetch@https://registry.npmjs.org/node-fetch/-/node-fetch-2.7.0.tgz 0ms (cache hit)
251 http cache node-domexception@https://registry.npmjs.org/node-domexception/-/node-domexception-1.0.0.tgz 0ms (cache hit)
252 http cache node-dir@https://registry.npmjs.org/node-dir/-/node-dir-0.1.17.tgz 0ms (cache hit)
253 http cache nice-try@https://registry.npmjs.org/nice-try/-/nice-try-1.0.5.tgz 0ms (cache hit)
254 http cache nested-error-stacks@https://registry.npmjs.org/nested-error-stacks/-/nested-error-stacks-2.0.1.tgz 0ms (cache hit)
255 http cache neo-async@https://registry.npmjs.org/neo-async/-/neo-async-2.6.2.tgz 0ms (cache hit)
256 http cache negotiator@https://registry.npmjs.org/negotiator/-/negotiator-0.6.3.tgz 0ms (cache hit)
257 http cache ms@https://registry.npmjs.org/ms/-/ms-2.1.3.tgz 0ms (cache hit)
258 http cache nanoid@https://registry.npmjs.org/nanoid/-/nanoid-3.3.16.tgz 0ms (cache hit)
259 http cache mz@https://registry.npmjs.org/mz/-/mz-2.7.0.tgz 0ms (cache hit)
260 http cache mkdirp@https://registry.npmjs.org/mkdirp/-/mkdirp-0.5.6.tgz 0ms (cache hit)
261 http cache mri@https://registry.npmjs.org/mri/-/mri-1.2.0.tgz 0ms (cache hit)
262 http cache minizlib@https://registry.npmjs.org/minizlib/-/minizlib-2.1.2.tgz 0ms (cache hit)
263 http cache minipass-pipeline@https://registry.npmjs.org/minipass-pipeline/-/minipass-pipeline-1.2.4.tgz 0ms (cache hit)
264 http cache minipass-flush@https://registry.npmjs.org/minipass-flush/-/minipass-flush-1.0.7.tgz 0ms (cache hit)
265 http cache minipass-collect@https://registry.npmjs.org/minipass-collect/-/minipass-collect-2.0.1.tgz 0ms (cache hit)
266 http cache minipass@https://registry.npmjs.org/minipass/-/minipass-7.1.3.tgz 0ms (cache hit)
267 http cache minimist@https://registry.npmjs.org/minimist/-/minimist-1.2.8.tgz 0ms (cache hit)
268 http cache mimic-fn@https://registry.npmjs.org/mimic-fn/-/mimic-fn-1.2.0.tgz 0ms (cache hit)
269 http cache minimatch@https://registry.npmjs.org/minimatch/-/minimatch-3.1.5.tgz 0ms (cache hit)
270 http cache mime-db@https://registry.npmjs.org/mime-db/-/mime-db-1.54.0.tgz 0ms (cache hit)
271 http cache mime-types@https://registry.npmjs.org/mime-types/-/mime-types-2.1.35.tgz 0ms (cache hit)
272 http cache mime@https://registry.npmjs.org/mime/-/mime-1.6.0.tgz 0ms (cache hit)
273 http cache micromatch@https://registry.npmjs.org/micromatch/-/micromatch-4.0.8.tgz 0ms (cache hit)
274 http cache metro-transform-worker@https://registry.npmjs.org/metro-transform-worker/-/metro-transform-worker-0.81.5.tgz 0ms (cache hit)
275 http cache metro-transform-plugins@https://registry.npmjs.org/metro-transform-plugins/-/metro-transform-plugins-0.81.5.tgz 0ms (cache hit)
276 http cache metro-symbolicate@https://registry.npmjs.org/metro-symbolicate/-/metro-symbolicate-0.81.5.tgz 0ms (cache hit)
277 http cache metro-runtime@https://registry.npmjs.org/metro-runtime/-/metro-runtime-0.81.5.tgz 0ms (cache hit)
278 http cache metro-source-map@https://registry.npmjs.org/metro-source-map/-/metro-source-map-0.81.5.tgz 0ms (cache hit)
279 http cache metro-resolver@https://registry.npmjs.org/metro-resolver/-/metro-resolver-0.81.5.tgz 0ms (cache hit)
280 http cache metro-minify-terser@https://registry.npmjs.org/metro-minify-terser/-/metro-minify-terser-0.81.5.tgz 0ms (cache hit)
281 http cache metro-file-map@https://registry.npmjs.org/metro-file-map/-/metro-file-map-0.81.5.tgz 0ms (cache hit)
282 http cache metro-core@https://registry.npmjs.org/metro-core/-/metro-core-0.81.5.tgz 0ms (cache hit)
283 http cache metro-config@https://registry.npmjs.org/metro-config/-/metro-config-0.81.5.tgz 0ms (cache hit)
284 http cache metro-cache-key@https://registry.npmjs.org/metro-cache-key/-/metro-cache-key-0.81.5.tgz 0ms (cache hit)
285 http cache metro-babel-transformer@https://registry.npmjs.org/metro-babel-transformer/-/metro-babel-transformer-0.81.5.tgz 0ms (cache hit)
286 http cache metro-cache@https://registry.npmjs.org/metro-cache/-/metro-cache-0.81.5.tgz 0ms (cache hit)
287 http cache metro@https://registry.npmjs.org/metro/-/metro-0.81.5.tgz 0ms (cache hit)
288 http cache merge-stream@https://registry.npmjs.org/merge-stream/-/merge-stream-2.0.0.tgz 0ms (cache hit)
289 http cache merge2@https://registry.npmjs.org/merge2/-/merge2-1.4.1.tgz 0ms (cache hit)
290 http cache merge-options@https://registry.npmjs.org/merge-options/-/merge-options-3.0.4.tgz 0ms (cache hit)
291 http cache memoize-one@https://registry.npmjs.org/memoize-one/-/memoize-one-5.2.1.tgz 0ms (cache hit)
292 http cache md5-file@https://registry.npmjs.org/md5-file/-/md5-file-3.2.3.tgz 0ms (cache hit)
293 http cache math-intrinsics@https://registry.npmjs.org/math-intrinsics/-/math-intrinsics-1.1.0.tgz 0ms (cache hit)
294 http cache md5@https://registry.npmjs.org/md5/-/md5-2.3.0.tgz 0ms (cache hit)
295 http cache makeerror@https://registry.npmjs.org/makeerror/-/makeerror-1.0.12.tgz 0ms (cache hit)
296 http cache marky@https://registry.npmjs.org/marky/-/marky-1.3.0.tgz 0ms (cache hit)
297 http cache lru-memoizer@https://registry.npmjs.org/lru-memoizer/-/lru-memoizer-3.0.0.tgz 0ms (cache hit)
298 http cache lru-cache@https://registry.npmjs.org/lru-cache/-/lru-cache-5.1.1.tgz 0ms (cache hit)
299 http cache loose-envify@https://registry.npmjs.org/loose-envify/-/loose-envify-1.4.0.tgz 0ms (cache hit)
300 http cache make-dir@https://registry.npmjs.org/make-dir/-/make-dir-2.1.0.tgz 0ms (cache hit)
301 http cache log-symbols@https://registry.npmjs.org/log-symbols/-/log-symbols-2.2.0.tgz 0ms (cache hit)
302 http cache lodash.once@https://registry.npmjs.org/lodash.once/-/lodash.once-4.1.1.tgz 0ms (cache hit)
303 http cache long@https://registry.npmjs.org/long/-/long-5.3.2.tgz 0ms (cache hit)
304 http cache lodash.throttle@https://registry.npmjs.org/lodash.throttle/-/lodash.throttle-4.1.1.tgz 0ms (cache hit)
305 http cache lodash.isstring@https://registry.npmjs.org/lodash.isstring/-/lodash.isstring-4.0.1.tgz 0ms (cache hit)
306 http cache lodash.isplainobject@https://registry.npmjs.org/lodash.isplainobject/-/lodash.isplainobject-4.0.6.tgz 0ms (cache hit)
307 http cache lodash.isnumber@https://registry.npmjs.org/lodash.isnumber/-/lodash.isnumber-3.0.3.tgz 0ms (cache hit)
308 http cache lodash.isinteger@https://registry.npmjs.org/lodash.isinteger/-/lodash.isinteger-4.0.4.tgz 0ms (cache hit)
309 http cache lodash.isboolean@https://registry.npmjs.org/lodash.isboolean/-/lodash.isboolean-3.0.3.tgz 0ms (cache hit)
310 http cache lodash.debounce@https://registry.npmjs.org/lodash.debounce/-/lodash.debounce-4.0.8.tgz 0ms (cache hit)
311 http cache lodash.includes@https://registry.npmjs.org/lodash.includes/-/lodash.includes-4.3.0.tgz 0ms (cache hit)
312 http cache lodash.clonedeep@https://registry.npmjs.org/lodash.clonedeep/-/lodash.clonedeep-4.5.0.tgz 0ms (cache hit)
313 http cache lodash.camelcase@https://registry.npmjs.org/lodash.camelcase/-/lodash.camelcase-4.3.0.tgz 0ms (cache hit)
314 http cache locate-path@https://registry.npmjs.org/locate-path/-/locate-path-6.0.0.tgz 0ms (cache hit)
315 http cache limiter@https://registry.npmjs.org/limiter/-/limiter-1.1.5.tgz 0ms (cache hit)
316 http cache lines-and-columns@https://registry.npmjs.org/lines-and-columns/-/lines-and-columns-1.2.4.tgz 0ms (cache hit)
317 http cache lightningcss-win32-x64-msvc@https://registry.npmjs.org/lightningcss-win32-x64-msvc/-/lightningcss-win32-x64-msvc-1.27.0.tgz 0ms (cache hit)
318 http cache lightningcss@https://registry.npmjs.org/lightningcss/-/lightningcss-1.27.0.tgz 0ms (cache hit)
319 http cache lighthouse-logger@https://registry.npmjs.org/lighthouse-logger/-/lighthouse-logger-1.4.2.tgz 0ms (cache hit)
320 http cache node-releases@https://registry.npmjs.org/node-releases/-/node-releases-2.0.51.tgz 0ms (cache hit)
321 http cache leven@https://registry.npmjs.org/leven/-/leven-3.1.0.tgz 0ms (cache hit)
322 http cache kleur@https://registry.npmjs.org/kleur/-/kleur-3.0.3.tgz 0ms (cache hit)
323 http cache jws@https://registry.npmjs.org/jws/-/jws-4.0.1.tgz 0ms (cache hit)
324 http cache kind-of@https://registry.npmjs.org/kind-of/-/kind-of-6.0.3.tgz 0ms (cache hit)
325 http cache jwks-rsa@https://registry.npmjs.org/jwks-rsa/-/jwks-rsa-4.1.0.tgz 0ms (cache hit)
326 http cache jwa@https://registry.npmjs.org/jwa/-/jwa-2.0.1.tgz 0ms (cache hit)
327 http cache jsonwebtoken@https://registry.npmjs.org/jsonwebtoken/-/jsonwebtoken-9.0.3.tgz 0ms (cache hit)
328 http cache jsonfile@https://registry.npmjs.org/jsonfile/-/jsonfile-4.0.0.tgz 0ms (cache hit)
329 http cache json-schema-traverse@https://registry.npmjs.org/json-schema-traverse/-/json-schema-traverse-1.0.0.tgz 0ms (cache hit)
330 http cache json5@https://registry.npmjs.org/json5/-/json5-2.2.3.tgz 0ms (cache hit)
331 http cache json-bigint@https://registry.npmjs.org/json-bigint/-/json-bigint-1.0.0.tgz 0ms (cache hit)
332 http cache json-schema-to-ts@https://registry.npmjs.org/json-schema-to-ts/-/json-schema-to-ts-1.6.4.tgz 0ms (cache hit)
333 http cache json-parse-better-errors@https://registry.npmjs.org/json-parse-better-errors/-/json-parse-better-errors-1.0.2.tgz 0ms (cache hit)
334 http cache jsesc@https://registry.npmjs.org/jsesc/-/jsesc-3.1.0.tgz 0ms (cache hit)
335 http cache jscodeshift@https://registry.npmjs.org/jscodeshift/-/jscodeshift-0.14.0.tgz 0ms (cache hit)
336 http cache jsc-safe-url@https://registry.npmjs.org/jsc-safe-url/-/jsc-safe-url-0.2.4.tgz 0ms (cache hit)
337 http cache jsc-android@https://registry.npmjs.org/jsc-android/-/jsc-android-250231.0.0.tgz 0ms (cache hit)
338 http cache js-yaml@https://registry.npmjs.org/js-yaml/-/js-yaml-4.3.0.tgz 0ms (cache hit)
339 http cache join-component@https://registry.npmjs.org/join-component/-/join-component-1.1.0.tgz 0ms (cache hit)
340 http cache js-tokens@https://registry.npmjs.org/js-tokens/-/js-tokens-4.0.0.tgz 0ms (cache hit)
341 http cache jimp-compact@https://registry.npmjs.org/jimp-compact/-/jimp-compact-0.16.1.tgz 0ms (cache hit)
342 http cache jest-worker@https://registry.npmjs.org/jest-worker/-/jest-worker-29.7.0.tgz 0ms (cache hit)
343 http cache jest-util@https://registry.npmjs.org/jest-util/-/jest-util-29.7.0.tgz 0ms (cache hit)
344 http cache jest-regex-util@https://registry.npmjs.org/jest-regex-util/-/jest-regex-util-29.6.3.tgz 0ms (cache hit)
345 http cache jest-validate@https://registry.npmjs.org/jest-validate/-/jest-validate-29.7.0.tgz 0ms (cache hit)
346 http cache jest-mock@https://registry.npmjs.org/jest-mock/-/jest-mock-29.7.0.tgz 0ms (cache hit)
347 http cache jest-message-util@https://registry.npmjs.org/jest-message-util/-/jest-message-util-29.7.0.tgz 0ms (cache hit)
348 http cache jest-get-type@https://registry.npmjs.org/jest-get-type/-/jest-get-type-29.6.3.tgz 0ms (cache hit)
349 http cache jest-environment-node@https://registry.npmjs.org/jest-environment-node/-/jest-environment-node-29.7.0.tgz 0ms (cache hit)
350 http cache jest-haste-map@https://registry.npmjs.org/jest-haste-map/-/jest-haste-map-29.7.0.tgz 0ms (cache hit)
351 http cache jackspeak@https://registry.npmjs.org/jackspeak/-/jackspeak-3.4.3.tgz 0ms (cache hit)
352 http cache istanbul-lib-coverage@https://registry.npmjs.org/istanbul-lib-coverage/-/istanbul-lib-coverage-3.2.2.tgz 1ms (cache hit)
353 http cache istanbul-lib-instrument@https://registry.npmjs.org/istanbul-lib-instrument/-/istanbul-lib-instrument-5.2.1.tgz 0ms (cache hit)
354 http cache isobject@https://registry.npmjs.org/isobject/-/isobject-3.0.1.tgz 0ms (cache hit)
355 http cache isexe@https://registry.npmjs.org/isexe/-/isexe-2.0.0.tgz 0ms (cache hit)
356 http cache is-wsl@https://registry.npmjs.org/is-wsl/-/is-wsl-2.2.0.tgz 0ms (cache hit)
357 http cache is-unsafe@https://registry.npmjs.org/is-unsafe/-/is-unsafe-2.0.0.tgz 0ms (cache hit)
358 http cache is-plain-object@https://registry.npmjs.org/is-plain-object/-/is-plain-object-2.0.4.tgz 0ms (cache hit)
359 http cache is-stream@https://registry.npmjs.org/is-stream/-/is-stream-1.1.0.tgz 0ms (cache hit)
360 http cache is-plain-obj@https://registry.npmjs.org/is-plain-obj/-/is-plain-obj-2.1.0.tgz 0ms (cache hit)
361 http cache is-path-inside@https://registry.npmjs.org/is-path-inside/-/is-path-inside-3.0.3.tgz 0ms (cache hit)
362 http cache is-path-cwd@https://registry.npmjs.org/is-path-cwd/-/is-path-cwd-2.2.0.tgz 0ms (cache hit)
363 http cache is-number@https://registry.npmjs.org/is-number/-/is-number-7.0.0.tgz 0ms (cache hit)
364 http cache is-fullwidth-code-point@https://registry.npmjs.org/is-fullwidth-code-point/-/is-fullwidth-code-point-3.0.0.tgz 0ms (cache hit)
365 http cache is-glob@https://registry.npmjs.org/is-glob/-/is-glob-4.0.3.tgz 0ms (cache hit)
366 http cache is-directory@https://registry.npmjs.org/is-directory/-/is-directory-0.3.1.tgz 0ms (cache hit)
367 http cache is-extglob@https://registry.npmjs.org/is-extglob/-/is-extglob-2.1.1.tgz 0ms (cache hit)
368 http cache is-core-module@https://registry.npmjs.org/is-core-module/-/is-core-module-2.16.2.tgz 0ms (cache hit)
369 http cache resolve.exports@https://registry.npmjs.org/resolve.exports/-/resolve.exports-2.0.3.tgz 0ms (cache hit)
370 http cache is-arrayish@https://registry.npmjs.org/is-arrayish/-/is-arrayish-0.2.1.tgz 1ms (cache hit)
371 http cache ip-regex@https://registry.npmjs.org/ip-regex/-/ip-regex-2.1.0.tgz 0ms (cache hit)
372 http cache ipaddr.js@https://registry.npmjs.org/ipaddr.js/-/ipaddr.js-1.9.1.tgz 0ms (cache hit)
373 http cache invariant@https://registry.npmjs.org/invariant/-/invariant-2.2.4.tgz 0ms (cache hit)
374 http cache inline-style-prefixer@https://registry.npmjs.org/inline-style-prefixer/-/inline-style-prefixer-6.0.4.tgz 0ms (cache hit)
375 http cache internal-ip@https://registry.npmjs.org/internal-ip/-/internal-ip-4.3.0.tgz 0ms (cache hit)
376 http cache ini@https://registry.npmjs.org/ini/-/ini-1.3.8.tgz 0ms (cache hit)
377 http cache inherits@https://registry.npmjs.org/inherits/-/inherits-2.0.4.tgz 0ms (cache hit)
378 http cache inflight@https://registry.npmjs.org/inflight/-/inflight-1.0.6.tgz 0ms (cache hit)
379 http cache indent-string@https://registry.npmjs.org/indent-string/-/indent-string-4.0.0.tgz 0ms (cache hit)
380 http cache imurmurhash@https://registry.npmjs.org/imurmurhash/-/imurmurhash-0.1.4.tgz 0ms (cache hit)
381 http cache import-fresh@https://registry.npmjs.org/import-fresh/-/import-fresh-2.0.0.tgz 0ms (cache hit)
382 http cache image-size@https://registry.npmjs.org/image-size/-/image-size-1.2.1.tgz 0ms (cache hit)
383 http cache ieee754@https://registry.npmjs.org/ieee754/-/ieee754-1.2.1.tgz 0ms (cache hit)
384 http cache idb@https://registry.npmjs.org/idb/-/idb-7.1.1.tgz 0ms (cache hit)
385 http cache ignore@https://registry.npmjs.org/ignore/-/ignore-5.3.2.tgz 0ms (cache hit)
386 http cache hyphenate-style-name@https://registry.npmjs.org/hyphenate-style-name/-/hyphenate-style-name-1.1.0.tgz 0ms (cache hit)
387 http cache human-signals@https://registry.npmjs.org/human-signals/-/human-signals-2.1.0.tgz 0ms (cache hit)
388 http cache https-proxy-agent@https://registry.npmjs.org/https-proxy-agent/-/https-proxy-agent-7.0.6.tgz 0ms (cache hit)
389 http cache http-parser-js@https://registry.npmjs.org/http-parser-js/-/http-parser-js-0.5.10.tgz 0ms (cache hit)
390 http cache html-entities@https://registry.npmjs.org/html-entities/-/html-entities-2.6.0.tgz 0ms (cache hit)
391 http cache http-errors@https://registry.npmjs.org/http-errors/-/http-errors-2.0.1.tgz 0ms (cache hit)
392 http cache http-proxy-agent@https://registry.npmjs.org/http-proxy-agent/-/http-proxy-agent-5.0.0.tgz 0ms (cache hit)
393 http cache hosted-git-info@https://registry.npmjs.org/hosted-git-info/-/hosted-git-info-7.0.2.tgz 0ms (cache hit)
394 http cache hermes-estree@https://registry.npmjs.org/hermes-estree/-/hermes-estree-0.23.1.tgz 0ms (cache hit)
395 http cache hermes-parser@https://registry.npmjs.org/hermes-parser/-/hermes-parser-0.23.1.tgz 0ms (cache hit)
396 http cache hasown@https://registry.npmjs.org/hasown/-/hasown-2.0.4.tgz 1ms (cache hit)
397 http cache has-tostringtag@https://registry.npmjs.org/has-tostringtag/-/has-tostringtag-1.0.2.tgz 0ms (cache hit)
398 http cache has-flag@https://registry.npmjs.org/has-flag/-/has-flag-4.0.0.tgz 0ms (cache hit)
399 http cache has-symbols@https://registry.npmjs.org/has-symbols/-/has-symbols-1.1.0.tgz 0ms (cache hit)
400 http cache graceful-fs@https://registry.npmjs.org/graceful-fs/-/graceful-fs-4.2.11.tgz 0ms (cache hit)
401 http cache gtoken@https://registry.npmjs.org/gtoken/-/gtoken-7.1.0.tgz 0ms (cache hit)
402 http cache gopd@https://registry.npmjs.org/gopd/-/gopd-1.2.0.tgz 0ms (cache hit)
403 http cache google-gax@https://registry.npmjs.org/google-gax/-/google-gax-5.0.8.tgz 0ms (cache hit)
404 http cache google-auth-library@https://registry.npmjs.org/google-auth-library/-/google-auth-library-10.9.1.tgz 0ms (cache hit)
405 http cache google-logging-utils@https://registry.npmjs.org/google-logging-utils/-/google-logging-utils-1.1.3.tgz 0ms (cache hit)
406 http cache glob-parent@https://registry.npmjs.org/glob-parent/-/glob-parent-5.1.2.tgz 0ms (cache hit)
407 http cache glob@https://registry.npmjs.org/glob/-/glob-10.5.0.tgz 0ms (cache hit)
408 http cache globby@https://registry.npmjs.org/globby/-/globby-11.1.0.tgz 0ms (cache hit)
409 http cache getenv@https://registry.npmjs.org/getenv/-/getenv-1.0.0.tgz 0ms (cache hit)
410 http cache get-tsconfig@https://registry.npmjs.org/get-tsconfig/-/get-tsconfig-4.14.0.tgz 0ms (cache hit)
411 http cache get-stream@https://registry.npmjs.org/get-stream/-/get-stream-4.1.0.tgz 0ms (cache hit)
412 http cache get-proto@https://registry.npmjs.org/get-proto/-/get-proto-1.0.1.tgz 0ms (cache hit)
413 http cache is-docker@https://registry.npmjs.org/is-docker/-/is-docker-2.2.1.tgz 0ms (cache hit)
414 http cache get-package-type@https://registry.npmjs.org/get-package-type/-/get-package-type-0.1.0.tgz 0ms (cache hit)
415 http cache get-intrinsic@https://registry.npmjs.org/get-intrinsic/-/get-intrinsic-1.3.0.tgz 0ms (cache hit)
416 http cache gaxios@https://registry.npmjs.org/gaxios/-/gaxios-6.7.1.tgz 0ms (cache hit)
417 http cache get-caller-file@https://registry.npmjs.org/get-caller-file/-/get-caller-file-2.0.5.tgz 0ms (cache hit)
418 http cache gensync@https://registry.npmjs.org/gensync/-/gensync-1.0.0-beta.2.tgz 0ms (cache hit)
419 http cache gcp-metadata@https://registry.npmjs.org/gcp-metadata/-/gcp-metadata-8.1.2.tgz 0ms (cache hit)
420 http cache functional-red-black-tree@https://registry.npmjs.org/functional-red-black-tree/-/functional-red-black-tree-1.0.1.tgz 0ms (cache hit)
421 http cache function-bind@https://registry.npmjs.org/function-bind/-/function-bind-1.1.2.tgz 0ms (cache hit)
422 http cache fs.realpath@https://registry.npmjs.org/fs.realpath/-/fs.realpath-1.0.0.tgz 0ms (cache hit)
423 http cache fs-minipass@https://registry.npmjs.org/fs-minipass/-/fs-minipass-3.0.3.tgz 0ms (cache hit)
424 http cache fs-extra@https://registry.npmjs.org/fs-extra/-/fs-extra-8.1.0.tgz 0ms (cache hit)
425 http cache fresh@https://registry.npmjs.org/fresh/-/fresh-0.5.2.tgz 0ms (cache hit)
426 http cache freeport-async@https://registry.npmjs.org/freeport-async/-/freeport-async-2.0.0.tgz 0ms (cache hit)
427 http cache formdata-polyfill@https://registry.npmjs.org/formdata-polyfill/-/formdata-polyfill-4.0.10.tgz 0ms (cache hit)
428 http cache form-data@https://registry.npmjs.org/form-data/-/form-data-3.0.5.tgz 0ms (cache hit)
429 http cache fontfaceobserver@https://registry.npmjs.org/fontfaceobserver/-/fontfaceobserver-2.3.0.tgz 0ms (cache hit)
430 http cache foreground-child@https://registry.npmjs.org/foreground-child/-/foreground-child-3.3.1.tgz 0ms (cache hit)
431 http cache flow-parser@https://registry.npmjs.org/flow-parser/-/flow-parser-0.324.0.tgz 0ms (cache hit)
432 http cache flow-estree@https://registry.npmjs.org/flow-estree/-/flow-estree-0.324.0.tgz 0ms (cache hit)
433 http cache flow-enums-runtime@https://registry.npmjs.org/flow-enums-runtime/-/flow-enums-runtime-0.0.6.tgz 0ms (cache hit)
434 http cache firebase-admin@https://registry.npmjs.org/firebase-admin/-/firebase-admin-14.2.0.tgz 0ms (cache hit)
435 http cache firebase@https://registry.npmjs.org/firebase/-/firebase-10.14.1.tgz 0ms (cache hit)
436 http cache find-up@https://registry.npmjs.org/find-up/-/find-up-5.0.0.tgz 0ms (cache hit)
437 http cache find-cache-dir@https://registry.npmjs.org/find-cache-dir/-/find-cache-dir-2.1.0.tgz 0ms (cache hit)
438 http cache finalhandler@https://registry.npmjs.org/finalhandler/-/finalhandler-1.1.2.tgz 0ms (cache hit)
439 http cache filter-obj@https://registry.npmjs.org/filter-obj/-/filter-obj-1.1.0.tgz 0ms (cache hit)
440 http cache fill-range@https://registry.npmjs.org/fill-range/-/fill-range-7.1.1.tgz 0ms (cache hit)
441 http cache file-uri-to-path@https://registry.npmjs.org/file-uri-to-path/-/file-uri-to-path-1.0.0.tgz 0ms (cache hit)
442 http cache fetch-retry@https://registry.npmjs.org/fetch-retry/-/fetch-retry-4.1.1.tgz 0ms (cache hit)
443 http cache is-buffer@https://registry.npmjs.org/is-buffer/-/is-buffer-1.1.6.tgz 0ms (cache hit)
444 http cache fbjs@https://registry.npmjs.org/fbjs/-/fbjs-3.0.5.tgz 0ms (cache hit)
445 http cache fbjs-css-vars@https://registry.npmjs.org/fbjs-css-vars/-/fbjs-css-vars-1.0.2.tgz 0ms (cache hit)
446 http cache faye-websocket@https://registry.npmjs.org/faye-websocket/-/faye-websocket-0.11.4.tgz 0ms (cache hit)
447 http cache fb-watchman@https://registry.npmjs.org/fb-watchman/-/fb-watchman-2.0.2.tgz 0ms (cache hit)
448 http cache fbemitter@https://registry.npmjs.org/fbemitter/-/fbemitter-3.0.0.tgz 0ms (cache hit)
449 http cache fast-xml-parser@https://registry.npmjs.org/fast-xml-parser/-/fast-xml-parser-5.10.1.tgz 0ms (cache hit)
450 http cache fastq@https://registry.npmjs.org/fastq/-/fastq-1.20.1.tgz 0ms (cache hit)
451 http cache fast-xml-builder@https://registry.npmjs.org/fast-xml-builder/-/fast-xml-builder-1.3.0.tgz 0ms (cache hit)
452 http cache fast-uri@https://registry.npmjs.org/fast-uri/-/fast-uri-3.1.4.tgz 0ms (cache hit)
453 http cache fast-loops@https://registry.npmjs.org/fast-loops/-/fast-loops-1.1.4.tgz 0ms (cache hit)
454 http cache fast-json-stable-stringify@https://registry.npmjs.org/fast-json-stable-stringify/-/fast-json-stable-stringify-2.1.0.tgz 0ms (cache hit)
455 http cache fast-deep-equal@https://registry.npmjs.org/fast-deep-equal/-/fast-deep-equal-3.1.3.tgz 0ms (cache hit)
456 http cache fast-glob@https://registry.npmjs.org/fast-glob/-/fast-glob-3.3.3.tgz 0ms (cache hit)
457 http cache extend@https://registry.npmjs.org/extend/-/extend-3.0.2.tgz 0ms (cache hit)
458 http cache exponential-backoff@https://registry.npmjs.org/exponential-backoff/-/exponential-backoff-3.1.3.tgz 0ms (cache hit)
459 http cache expo-router@https://registry.npmjs.org/expo-router/-/expo-router-4.0.22.tgz 0ms (cache hit)
460 http cache expo-status-bar@https://registry.npmjs.org/expo-status-bar/-/expo-status-bar-2.0.1.tgz 0ms (cache hit)
461 http cache expo-modules-core@https://registry.npmjs.org/expo-modules-core/-/expo-modules-core-2.2.3.tgz 0ms (cache hit)
462 http cache expo-modules-autolinking@https://registry.npmjs.org/expo-modules-autolinking/-/expo-modules-autolinking-2.0.8.tgz 0ms (cache hit)
463 http cache expo-linear-gradient@https://registry.npmjs.org/expo-linear-gradient/-/expo-linear-gradient-14.0.2.tgz 0ms (cache hit)
464 http cache expo-linking@https://registry.npmjs.org/expo-linking/-/expo-linking-7.0.5.tgz 0ms (cache hit)
465 http cache expo-image-picker@https://registry.npmjs.org/expo-image-picker/-/expo-image-picker-16.0.6.tgz 0ms (cache hit)
466 http cache expo-font@https://registry.npmjs.org/expo-font/-/expo-font-13.0.4.tgz 0ms (cache hit)
467 http cache expo-image-loader@https://registry.npmjs.org/expo-image-loader/-/expo-image-loader-5.0.0.tgz 0ms (cache hit)
468 http cache expo-asset@https://registry.npmjs.org/expo-asset/-/expo-asset-11.0.5.tgz 0ms (cache hit)
469 http cache execa@https://registry.npmjs.org/execa/-/execa-1.0.0.tgz 0ms (cache hit)
470 http cache expo-constants@https://registry.npmjs.org/expo-constants/-/expo-constants-17.0.8.tgz 0ms (cache hit)
471 http cache expo@https://registry.npmjs.org/expo/-/expo-52.0.49.tgz 0ms (cache hit)
472 http cache event-target-shim@https://registry.npmjs.org/event-target-shim/-/event-target-shim-5.0.1.tgz 0ms (cache hit)
473 http cache esutils@https://registry.npmjs.org/esutils/-/esutils-2.0.3.tgz 0ms (cache hit)
474 http cache etag@https://registry.npmjs.org/etag/-/etag-1.8.1.tgz 0ms (cache hit)
475 http cache esprima@https://registry.npmjs.org/esprima/-/esprima-4.0.1.tgz 0ms (cache hit)
476 http cache estree-walker@https://registry.npmjs.org/estree-walker/-/estree-walker-2.0.2.tgz 0ms (cache hit)
477 http cache escape-string-regexp@https://registry.npmjs.org/escape-string-regexp/-/escape-string-regexp-4.0.0.tgz 0ms (cache hit)
478 http cache escalade@https://registry.npmjs.org/escalade/-/escalade-3.2.0.tgz 0ms (cache hit)
479 http cache escape-html@https://registry.npmjs.org/escape-html/-/escape-html-1.0.3.tgz 0ms (cache hit)
480 http cache esbuild@https://registry.npmjs.org/esbuild/-/esbuild-0.27.0.tgz 0ms (cache hit)
481 http cache es-module-lexer@https://registry.npmjs.org/es-module-lexer/-/es-module-lexer-1.4.1.tgz 0ms (cache hit)
482 http cache es-set-tostringtag@https://registry.npmjs.org/es-set-tostringtag/-/es-set-tostringtag-2.1.0.tgz 0ms (cache hit)
483 http cache es-object-atoms@https://registry.npmjs.org/es-object-atoms/-/es-object-atoms-1.1.2.tgz 0ms (cache hit)
484 http cache es-errors@https://registry.npmjs.org/es-errors/-/es-errors-1.3.0.tgz 0ms (cache hit)
485 http cache fetch-blob@https://registry.npmjs.org/fetch-blob/-/fetch-blob-3.2.0.tgz 0ms (cache hit)
486 http cache error-stack-parser@https://registry.npmjs.org/error-stack-parser/-/error-stack-parser-2.1.4.tgz 0ms (cache hit)
487 http cache error-ex@https://registry.npmjs.org/error-ex/-/error-ex-1.3.4.tgz 0ms (cache hit)
488 http cache env-editor@https://registry.npmjs.org/env-editor/-/env-editor-0.4.2.tgz 0ms (cache hit)
489 http cache es-define-property@https://registry.npmjs.org/es-define-property/-/es-define-property-1.0.1.tgz 0ms (cache hit)
490 http cache end-of-stream@https://registry.npmjs.org/end-of-stream/-/end-of-stream-1.4.5.tgz 0ms (cache hit)
491 http cache emoji-regex@https://registry.npmjs.org/emoji-regex/-/emoji-regex-9.2.2.tgz 0ms (cache hit)
492 http cache encodeurl@https://registry.npmjs.org/encodeurl/-/encodeurl-1.0.2.tgz 0ms (cache hit)
493 http cache ee-first@https://registry.npmjs.org/ee-first/-/ee-first-1.1.1.tgz 0ms (cache hit)
494 http cache edge-runtime@https://registry.npmjs.org/edge-runtime/-/edge-runtime-2.5.9.tgz 0ms (cache hit)
495 http cache ecdsa-sig-formatter@https://registry.npmjs.org/ecdsa-sig-formatter/-/ecdsa-sig-formatter-1.0.11.tgz 0ms (cache hit)
496 http cache electron-to-chromium@https://registry.npmjs.org/electron-to-chromium/-/electron-to-chromium-1.5.398.tgz 0ms (cache hit)
497 http cache eastasianwidth@https://registry.npmjs.org/eastasianwidth/-/eastasianwidth-0.2.0.tgz 0ms (cache hit)
498 http cache duplexify@https://registry.npmjs.org/duplexify/-/duplexify-4.1.3.tgz 0ms (cache hit)
499 http cache dunder-proto@https://registry.npmjs.org/dunder-proto/-/dunder-proto-1.0.1.tgz 0ms (cache hit)
500 http cache dotenv@https://registry.npmjs.org/dotenv/-/dotenv-16.4.7.tgz 0ms (cache hit)
501 http cache dotenv-expand@https://registry.npmjs.org/dotenv-expand/-/dotenv-expand-11.0.7.tgz 0ms (cache hit)
502 http cache dir-glob@https://registry.npmjs.org/dir-glob/-/dir-glob-3.0.1.tgz 0ms (cache hit)
503 http cache detect-libc@https://registry.npmjs.org/detect-libc/-/detect-libc-1.0.3.tgz 0ms (cache hit)
504 http cache delayed-stream@https://registry.npmjs.org/delayed-stream/-/delayed-stream-1.0.0.tgz 0ms (cache hit)
505 http cache depd@https://registry.npmjs.org/depd/-/depd-2.0.0.tgz 0ms (cache hit)
506 http cache del@https://registry.npmjs.org/del/-/del-6.1.1.tgz 0ms (cache hit)
507 http cache define-lazy-prop@https://registry.npmjs.org/define-lazy-prop/-/define-lazy-prop-2.0.0.tgz 0ms (cache hit)
508 http cache defaults@https://registry.npmjs.org/defaults/-/defaults-1.0.4.tgz 0ms (cache hit)
509 http cache default-gateway@https://registry.npmjs.org/default-gateway/-/default-gateway-4.2.0.tgz 0ms (cache hit)
510 http cache destroy@https://registry.npmjs.org/destroy/-/destroy-1.2.0.tgz 0ms (cache hit)
511 http cache deepmerge@https://registry.npmjs.org/deepmerge/-/deepmerge-4.3.1.tgz 0ms (cache hit)
512 http cache decode-uri-component@https://registry.npmjs.org/decode-uri-component/-/decode-uri-component-0.2.2.tgz 0ms (cache hit)
513 http cache deep-extend@https://registry.npmjs.org/deep-extend/-/deep-extend-0.6.0.tgz 0ms (cache hit)
514 http cache debug@https://registry.npmjs.org/debug/-/debug-4.4.3.tgz 0ms (cache hit)
515 http cache data-uri-to-buffer@https://registry.npmjs.org/data-uri-to-buffer/-/data-uri-to-buffer-4.0.1.tgz 0ms (cache hit)
516 http cache csstype@https://registry.npmjs.org/csstype/-/csstype-3.2.3.tgz 0ms (cache hit)
517 http cache crypto-random-string@https://registry.npmjs.org/crypto-random-string/-/crypto-random-string-2.0.0.tgz 0ms (cache hit)
518 http cache css-in-js-utils@https://registry.npmjs.org/css-in-js-utils/-/css-in-js-utils-3.1.0.tgz 0ms (cache hit)
519 http cache cross-fetch@https://registry.npmjs.org/cross-fetch/-/cross-fetch-3.2.0.tgz 0ms (cache hit)
520 http cache crypt@https://registry.npmjs.org/crypt/-/crypt-0.0.2.tgz 0ms (cache hit)
521 http cache cosmiconfig@https://registry.npmjs.org/cosmiconfig/-/cosmiconfig-5.2.1.tgz 0ms (cache hit)
522 http cache core-js-compat@https://registry.npmjs.org/core-js-compat/-/core-js-compat-3.49.0.tgz 0ms (cache hit)
523 http cache cross-spawn@https://registry.npmjs.org/cross-spawn/-/cross-spawn-7.0.6.tgz 0ms (cache hit)
524 http cache convert-hrtime@https://registry.npmjs.org/convert-hrtime/-/convert-hrtime-3.0.0.tgz 0ms (cache hit)
525 http cache convert-source-map@https://registry.npmjs.org/convert-source-map/-/convert-source-map-2.0.0.tgz 0ms (cache hit)
526 http cache compression@https://registry.npmjs.org/compression/-/compression-1.8.1.tgz 0ms (cache hit)
527 http cache connect@https://registry.npmjs.org/connect/-/connect-3.7.0.tgz 0ms (cache hit)
528 http cache concat-map@https://registry.npmjs.org/concat-map/-/concat-map-0.0.1.tgz 0ms (cache hit)
529 http cache consola@https://registry.npmjs.org/consola/-/consola-3.4.2.tgz 0ms (cache hit)
530 http cache component-type@https://registry.npmjs.org/component-type/-/component-type-1.2.2.tgz 0ms (cache hit)
531 http cache compressible@https://registry.npmjs.org/compressible/-/compressible-2.0.18.tgz 0ms (cache hit)
532 http cache commondir@https://registry.npmjs.org/commondir/-/commondir-1.0.1.tgz 0ms (cache hit)
533 http cache commander@https://registry.npmjs.org/commander/-/commander-7.2.0.tgz 0ms (cache hit)
534 http cache color-name@https://registry.npmjs.org/color-name/-/color-name-1.1.4.tgz 0ms (cache hit)
535 http cache color-string@https://registry.npmjs.org/color-string/-/color-string-1.9.1.tgz 0ms (cache hit)
536 http cache color-convert@https://registry.npmjs.org/color-convert/-/color-convert-2.0.1.tgz 0ms (cache hit)
537 http cache combined-stream@https://registry.npmjs.org/combined-stream/-/combined-stream-1.0.8.tgz 0ms (cache hit)
538 http cache color@https://registry.npmjs.org/color/-/color-4.2.3.tgz 0ms (cache hit)
539 http cache clone-deep@https://registry.npmjs.org/clone-deep/-/clone-deep-4.0.1.tgz 0ms (cache hit)
540 http cache code-block-writer@https://registry.npmjs.org/code-block-writer/-/code-block-writer-10.1.1.tgz 0ms (cache hit)
541 http cache cliui@https://registry.npmjs.org/cliui/-/cliui-8.0.1.tgz 0ms (cache hit)
542 http cache clone@https://registry.npmjs.org/clone/-/clone-1.0.4.tgz 0ms (cache hit)
543 http cache client-only@https://registry.npmjs.org/client-only/-/client-only-0.0.1.tgz 0ms (cache hit)
544 http cache cli-cursor@https://registry.npmjs.org/cli-cursor/-/cli-cursor-2.1.0.tgz 0ms (cache hit)
545 http cache clean-stack@https://registry.npmjs.org/clean-stack/-/clean-stack-2.2.0.tgz 0ms (cache hit)
546 http cache cli-spinners@https://registry.npmjs.org/cli-spinners/-/cli-spinners-2.9.2.tgz 0ms (cache hit)
547 http cache ci-info@https://registry.npmjs.org/ci-info/-/ci-info-3.9.0.tgz 0ms (cache hit)
548 http cache cjs-module-lexer@https://registry.npmjs.org/cjs-module-lexer/-/cjs-module-lexer-1.2.3.tgz 0ms (cache hit)
549 http cache chrome-launcher@https://registry.npmjs.org/chrome-launcher/-/chrome-launcher-0.15.2.tgz 0ms (cache hit)
550 http cache chownr@https://registry.npmjs.org/chownr/-/chownr-2.0.0.tgz 0ms (cache hit)
551 http cache chromium-edge-launcher@https://registry.npmjs.org/chromium-edge-launcher/-/chromium-edge-launcher-0.2.0.tgz 0ms (cache hit)
552 http cache chalk@https://registry.npmjs.org/chalk/-/chalk-4.1.2.tgz 0ms (cache hit)
553 http cache camelcase@https://registry.npmjs.org/camelcase/-/camelcase-5.3.1.tgz 0ms (cache hit)
554 http cache caniuse-lite@https://registry.npmjs.org/caniuse-lite/-/caniuse-lite-1.0.30001806.tgz 0ms (cache hit)
555 http cache caller-callsite@https://registry.npmjs.org/caller-callsite/-/caller-callsite-2.0.0.tgz 0ms (cache hit)
556 http cache callsites@https://registry.npmjs.org/callsites/-/callsites-2.0.0.tgz 0ms (cache hit)
557 http cache caller-path@https://registry.npmjs.org/caller-path/-/caller-path-2.0.0.tgz 0ms (cache hit)
558 http cache cacache@https://registry.npmjs.org/cacache/-/cacache-18.0.4.tgz 0ms (cache hit)
559 http cache bytes@https://registry.npmjs.org/bytes/-/bytes-3.1.2.tgz 0ms (cache hit)
560 http cache call-bind-apply-helpers@https://registry.npmjs.org/call-bind-apply-helpers/-/call-bind-apply-helpers-1.0.2.tgz 0ms (cache hit)
561 http cache buffer-fill@https://registry.npmjs.org/buffer-fill/-/buffer-fill-1.0.0.tgz 0ms (cache hit)
562 http cache buffer-from@https://registry.npmjs.org/buffer-from/-/buffer-from-1.1.2.tgz 0ms (cache hit)
563 http cache buffer-alloc-unsafe@https://registry.npmjs.org/buffer-alloc-unsafe/-/buffer-alloc-unsafe-1.1.0.tgz 0ms (cache hit)
564 http cache buffer-equal-constant-time@https://registry.npmjs.org/buffer-equal-constant-time/-/buffer-equal-constant-time-1.0.1.tgz 0ms (cache hit)
565 http cache buffer-alloc@https://registry.npmjs.org/buffer-alloc/-/buffer-alloc-1.2.0.tgz 0ms (cache hit)
566 http cache buffer@https://registry.npmjs.org/buffer/-/buffer-5.7.1.tgz 0ms (cache hit)
567 http cache bser@https://registry.npmjs.org/bser/-/bser-2.1.1.tgz 0ms (cache hit)
568 http cache browserslist@https://registry.npmjs.org/browserslist/-/browserslist-4.28.7.tgz 0ms (cache hit)
569 http cache brace-expansion@https://registry.npmjs.org/brace-expansion/-/brace-expansion-1.1.16.tgz 0ms (cache hit)
570 http cache bplist-parser@https://registry.npmjs.org/bplist-parser/-/bplist-parser-0.3.2.tgz 0ms (cache hit)
571 http cache braces@https://registry.npmjs.org/braces/-/braces-3.0.3.tgz 0ms (cache hit)
572 http cache bowser@https://registry.npmjs.org/bowser/-/bowser-2.14.1.tgz 0ms (cache hit)
573 http cache bplist-creator@https://registry.npmjs.org/bplist-creator/-/bplist-creator-0.0.7.tgz 0ms (cache hit)
574 http cache bignumber.js@https://registry.npmjs.org/bignumber.js/-/bignumber.js-9.3.1.tgz 0ms (cache hit)
575 http cache bindings@https://registry.npmjs.org/bindings/-/bindings-1.5.0.tgz 0ms (cache hit)
576 http cache big-integer@https://registry.npmjs.org/big-integer/-/big-integer-1.6.52.tgz 0ms (cache hit)
577 http cache baseline-browser-mapping@https://registry.npmjs.org/baseline-browser-mapping/-/baseline-browser-mapping-2.11.6.tgz 0ms (cache hit)
578 http cache better-opn@https://registry.npmjs.org/better-opn/-/better-opn-3.0.2.tgz 0ms (cache hit)
579 http cache base64-js@https://registry.npmjs.org/base64-js/-/base64-js-1.5.1.tgz 0ms (cache hit)
580 http cache balanced-match@https://registry.npmjs.org/balanced-match/-/balanced-match-1.0.2.tgz 0ms (cache hit)
581 http cache babel-preset-jest@https://registry.npmjs.org/babel-preset-jest/-/babel-preset-jest-29.6.3.tgz 0ms (cache hit)
582 http cache charenc@https://registry.npmjs.org/charenc/-/charenc-0.0.2.tgz 0ms (cache hit)
583 http cache babel-preset-current-node-syntax@https://registry.npmjs.org/babel-preset-current-node-syntax/-/babel-preset-current-node-syntax-1.2.0.tgz 0ms (cache hit)
584 http cache babel-preset-expo@https://registry.npmjs.org/babel-preset-expo/-/babel-preset-expo-12.0.12.tgz 0ms (cache hit)
585 http cache babel-plugin-syntax-hermes-parser@https://registry.npmjs.org/babel-plugin-syntax-hermes-parser/-/babel-plugin-syntax-hermes-parser-0.25.1.tgz 0ms (cache hit)
586 http cache babel-plugin-react-native-web@https://registry.npmjs.org/babel-plugin-react-native-web/-/babel-plugin-react-native-web-0.19.13.tgz 0ms (cache hit)
587 http cache babel-plugin-polyfill-corejs3@https://registry.npmjs.org/babel-plugin-polyfill-corejs3/-/babel-plugin-polyfill-corejs3-0.13.0.tgz 0ms (cache hit)
588 http cache babel-plugin-polyfill-corejs2@https://registry.npmjs.org/babel-plugin-polyfill-corejs2/-/babel-plugin-polyfill-corejs2-0.4.17.tgz 0ms (cache hit)
589 http cache babel-plugin-jest-hoist@https://registry.npmjs.org/babel-plugin-jest-hoist/-/babel-plugin-jest-hoist-29.6.3.tgz 0ms (cache hit)
590 http cache babel-jest@https://registry.npmjs.org/babel-jest/-/babel-jest-29.7.0.tgz 0ms (cache hit)
591 http cache babel-plugin-istanbul@https://registry.npmjs.org/babel-plugin-istanbul/-/babel-plugin-istanbul-6.1.1.tgz 0ms (cache hit)
592 http cache at-least-node@https://registry.npmjs.org/at-least-node/-/at-least-node-1.0.0.tgz 0ms (cache hit)
593 http cache babel-core@https://registry.npmjs.org/babel-core/-/babel-core-7.0.0-bridge.0.tgz 0ms (cache hit)
594 http cache asynckit@https://registry.npmjs.org/asynckit/-/asynckit-0.4.0.tgz 0ms (cache hit)
595 http cache async-sema@https://registry.npmjs.org/async-sema/-/async-sema-3.1.1.tgz 0ms (cache hit)
596 http cache async-retry@https://registry.npmjs.org/async-retry/-/async-retry-1.3.3.tgz 0ms (cache hit)
597 http cache async-listen@https://registry.npmjs.org/async-listen/-/async-listen-3.0.0.tgz 0ms (cache hit)
598 http cache ast-types@https://registry.npmjs.org/ast-types/-/ast-types-0.15.2.tgz 0ms (cache hit)
599 http cache async-limiter@https://registry.npmjs.org/async-limiter/-/async-limiter-1.0.1.tgz 0ms (cache hit)
600 http cache arrify@https://registry.npmjs.org/arrify/-/arrify-2.0.1.tgz 0ms (cache hit)
601 http cache asap@https://registry.npmjs.org/asap/-/asap-2.0.6.tgz 0ms (cache hit)
602 http cache argparse@https://registry.npmjs.org/argparse/-/argparse-2.0.1.tgz 0ms (cache hit)
603 http cache array-union@https://registry.npmjs.org/array-union/-/array-union-2.1.0.tgz 0ms (cache hit)
604 http cache arg@https://registry.npmjs.org/arg/-/arg-5.0.2.tgz 0ms (cache hit)
605 http cache anynum@https://registry.npmjs.org/anynum/-/anynum-1.0.1.tgz 0ms (cache hit)
606 http cache anymatch@https://registry.npmjs.org/anymatch/-/anymatch-3.1.3.tgz 0ms (cache hit)
607 http cache any-promise@https://registry.npmjs.org/any-promise/-/any-promise-1.3.0.tgz 0ms (cache hit)
608 http cache ansi-regex@https://registry.npmjs.org/ansi-regex/-/ansi-regex-5.0.1.tgz 0ms (cache hit)
609 http cache ansi-escapes@https://registry.npmjs.org/ansi-escapes/-/ansi-escapes-4.3.2.tgz 0ms (cache hit)
610 http cache ansi-styles@https://registry.npmjs.org/ansi-styles/-/ansi-styles-4.3.0.tgz 0ms (cache hit)
611 http cache anser@https://registry.npmjs.org/anser/-/anser-1.4.10.tgz 0ms (cache hit)
612 http cache ajv-keywords@https://registry.npmjs.org/ajv-keywords/-/ajv-keywords-5.1.0.tgz 0ms (cache hit)
613 http cache ajv@https://registry.npmjs.org/ajv/-/ajv-8.20.0.tgz 0ms (cache hit)
614 http cache ajv-formats@https://registry.npmjs.org/ajv-formats/-/ajv-formats-2.1.1.tgz 0ms (cache hit)
615 http cache aggregate-error@https://registry.npmjs.org/aggregate-error/-/aggregate-error-3.1.0.tgz 0ms (cache hit)
616 http cache agent-base@https://registry.npmjs.org/agent-base/-/agent-base-7.1.4.tgz 0ms (cache hit)
617 http cache acorn@https://registry.npmjs.org/acorn/-/acorn-8.18.0.tgz 0ms (cache hit)
618 http cache acorn-import-attributes@https://registry.npmjs.org/acorn-import-attributes/-/acorn-import-attributes-1.9.5.tgz 0ms (cache hit)
619 http cache @xmldom/xmldom@https://registry.npmjs.org/@xmldom/xmldom/-/xmldom-0.7.13.tgz 0ms (cache hit)
620 http cache @vercel/python-analysis@https://registry.npmjs.org/@vercel/python-analysis/-/python-analysis-0.12.0.tgz 0ms (cache hit)
621 http cache accepts@https://registry.npmjs.org/accepts/-/accepts-1.3.8.tgz 0ms (cache hit)
622 http cache abbrev@https://registry.npmjs.org/abbrev/-/abbrev-3.0.1.tgz 0ms (cache hit)
623 http cache abort-controller@https://registry.npmjs.org/abort-controller/-/abort-controller-3.0.0.tgz 0ms (cache hit)
624 http cache @vercel/static-config@https://registry.npmjs.org/@vercel/static-config/-/static-config-3.4.0.tgz 0ms (cache hit)
625 http cache @vercel/nft@https://registry.npmjs.org/@vercel/nft/-/nft-1.10.0.tgz 0ms (cache hit)
626 http cache @vercel/node@https://registry.npmjs.org/@vercel/node/-/node-5.9.3.tgz 0ms (cache hit)
627 http cache @urql/core@https://registry.npmjs.org/@urql/core/-/core-5.2.0.tgz 0ms (cache hit)
628 http cache @vercel/error-utils@https://registry.npmjs.org/@vercel/error-utils/-/error-utils-2.2.0.tgz 0ms (cache hit)
629 http cache @vercel/build-utils@https://registry.npmjs.org/@vercel/build-utils/-/build-utils-13.36.3.tgz 0ms (cache hit)
630 http cache @urql/exchange-retry@https://registry.npmjs.org/@urql/exchange-retry/-/exchange-retry-1.3.2.tgz 0ms (cache hit)
631 http cache @types/yargs-parser@https://registry.npmjs.org/@types/yargs-parser/-/yargs-parser-21.0.3.tgz 0ms (cache hit)
632 http cache @types/stack-utils@https://registry.npmjs.org/@types/stack-utils/-/stack-utils-2.0.3.tgz 0ms (cache hit)
633 http cache @types/yargs@https://registry.npmjs.org/@types/yargs/-/yargs-17.0.35.tgz 0ms (cache hit)
634 http cache @types/request@https://registry.npmjs.org/@types/request/-/request-2.48.13.tgz 0ms (cache hit)
635 http cache @types/react@https://registry.npmjs.org/@types/react/-/react-18.3.31.tgz 0ms (cache hit)
636 http cache @types/tough-cookie@https://registry.npmjs.org/@types/tough-cookie/-/tough-cookie-4.0.5.tgz 0ms (cache hit)
637 http cache @types/prop-types@https://registry.npmjs.org/@types/prop-types/-/prop-types-15.7.15.tgz 0ms (cache hit)
638 http cache @types/ms@https://registry.npmjs.org/@types/ms/-/ms-2.1.0.tgz 0ms (cache hit)
639 http cache @types/node-forge@https://registry.npmjs.org/@types/node-forge/-/node-forge-1.3.14.tgz 0ms (cache hit)
640 http cache @types/json-schema@https://registry.npmjs.org/@types/json-schema/-/json-schema-7.0.15.tgz 0ms (cache hit)
641 http cache @types/istanbul-reports@https://registry.npmjs.org/@types/istanbul-reports/-/istanbul-reports-3.0.4.tgz 0ms (cache hit)
642 http cache @types/jsonwebtoken@https://registry.npmjs.org/@types/jsonwebtoken/-/jsonwebtoken-9.0.10.tgz 0ms (cache hit)
643 http cache @types/node@https://registry.npmjs.org/@types/node/-/node-26.1.2.tgz 0ms (cache hit)
644 http cache @types/istanbul-lib-report@https://registry.npmjs.org/@types/istanbul-lib-report/-/istanbul-lib-report-3.0.3.tgz 0ms (cache hit)
645 http cache @types/istanbul-lib-coverage@https://registry.npmjs.org/@types/istanbul-lib-coverage/-/istanbul-lib-coverage-2.0.6.tgz 0ms (cache hit)
646 http cache @types/graceful-fs@https://registry.npmjs.org/@types/graceful-fs/-/graceful-fs-4.1.9.tgz 0ms (cache hit)
647 http cache @types/babel__template@https://registry.npmjs.org/@types/babel__template/-/babel__template-7.4.4.tgz 0ms (cache hit)
648 http cache @types/estree@https://registry.npmjs.org/@types/estree/-/estree-1.0.9.tgz 0ms (cache hit)
649 http cache @types/caseless@https://registry.npmjs.org/@types/caseless/-/caseless-0.12.5.tgz 0ms (cache hit)
650 http cache @types/babel__traverse@https://registry.npmjs.org/@types/babel__traverse/-/babel__traverse-7.28.0.tgz 0ms (cache hit)
651 http cache @tootallnate/once@https://registry.npmjs.org/@tootallnate/once/-/once-2.0.1.tgz 0ms (cache hit)
652 http cache @types/babel__generator@https://registry.npmjs.org/@types/babel__generator/-/babel__generator-7.27.0.tgz 0ms (cache hit)
653 http cache @ts-morph/common@https://registry.npmjs.org/@ts-morph/common/-/common-0.11.1.tgz 0ms (cache hit)
654 http cache @smithy/signature-v4@https://registry.npmjs.org/@smithy/signature-v4/-/signature-v4-5.6.12.tgz 0ms (cache hit)
655 http cache @types/babel__core@https://registry.npmjs.org/@types/babel__core/-/babel__core-7.20.5.tgz 0ms (cache hit)
656 http cache @smithy/node-http-handler@https://registry.npmjs.org/@smithy/node-http-handler/-/node-http-handler-4.9.13.tgz 0ms (cache hit)
657 http cache @smithy/types@https://registry.npmjs.org/@smithy/types/-/types-4.16.1.tgz 0ms (cache hit)
658 http cache @sinonjs/fake-timers@https://registry.npmjs.org/@sinonjs/fake-timers/-/fake-timers-10.3.0.tgz 0ms (cache hit)
659 http cache @smithy/credential-provider-imds@https://registry.npmjs.org/@smithy/credential-provider-imds/-/credential-provider-imds-4.4.16.tgz 0ms (cache hit)
660 http cache @smithy/fetch-http-handler@https://registry.npmjs.org/@smithy/fetch-http-handler/-/fetch-http-handler-5.6.13.tgz 0ms (cache hit)
661 http cache @sinonjs/commons@https://registry.npmjs.org/@sinonjs/commons/-/commons-3.0.1.tgz 0ms (cache hit)
662 http cache @segment/loosely-validate-event@https://registry.npmjs.org/@segment/loosely-validate-event/-/loosely-validate-event-2.0.0.tgz 0ms (cache hit)
663 http cache @sinclair/typebox@https://registry.npmjs.org/@sinclair/typebox/-/typebox-0.27.12.tgz 0ms (cache hit)
664 http cache @smithy/core@https://registry.npmjs.org/@smithy/core/-/core-3.31.1.tgz 0ms (cache hit)
665 http cache @renovatebot/pep440@https://registry.npmjs.org/@renovatebot/pep440/-/pep440-4.2.1.tgz 0ms (cache hit)
666 http cache @rollup/pluginutils@https://registry.npmjs.org/@rollup/pluginutils/-/pluginutils-5.4.0.tgz 0ms (cache hit)
667 http cache @react-navigation/elements@https://registry.npmjs.org/@react-navigation/elements/-/elements-2.9.36.tgz 0ms (cache hit)
668 http cache @react-navigation/routers@https://registry.npmjs.org/@react-navigation/routers/-/routers-7.6.4.tgz 0ms (cache hit)
669 http cache @react-native/virtualized-lists@https://registry.npmjs.org/@react-native/virtualized-lists/-/virtualized-lists-0.76.5.tgz 0ms (cache hit)
670 http cache @react-navigation/native@https://registry.npmjs.org/@react-navigation/native/-/native-7.3.14.tgz 0ms (cache hit)
671 http cache @react-navigation/bottom-tabs@https://registry.npmjs.org/@react-navigation/bottom-tabs/-/bottom-tabs-7.18.14.tgz 0ms (cache hit)
672 http cache @react-native/metro-babel-transformer@https://registry.npmjs.org/@react-native/metro-babel-transformer/-/metro-babel-transformer-0.76.5.tgz 0ms (cache hit)
673 http cache @react-navigation/native-stack@https://registry.npmjs.org/@react-navigation/native-stack/-/native-stack-7.18.6.tgz 0ms (cache hit)
674 http cache @react-navigation/core@https://registry.npmjs.org/@react-navigation/core/-/core-7.21.11.tgz 0ms (cache hit)
675 http cache @react-native/normalize-colors@https://registry.npmjs.org/@react-native/normalize-colors/-/normalize-colors-0.76.9.tgz 0ms (cache hit)
676 http cache @react-native/gradle-plugin@https://registry.npmjs.org/@react-native/gradle-plugin/-/gradle-plugin-0.76.5.tgz 0ms (cache hit)
677 http cache babel-plugin-transform-flow-enums@https://registry.npmjs.org/babel-plugin-transform-flow-enums/-/babel-plugin-transform-flow-enums-0.0.2.tgz 0ms (cache hit)
678 http cache @react-native/js-polyfills@https://registry.npmjs.org/@react-native/js-polyfills/-/js-polyfills-0.76.5.tgz 0ms (cache hit)
679 http cache babel-plugin-polyfill-regenerator@https://registry.npmjs.org/babel-plugin-polyfill-regenerator/-/babel-plugin-polyfill-regenerator-0.6.8.tgz 0ms (cache hit)
680 http cache @react-native/debugger-frontend@https://registry.npmjs.org/@react-native/debugger-frontend/-/debugger-frontend-0.76.9.tgz 0ms (cache hit)
681 http cache @react-native/babel-preset@https://registry.npmjs.org/@react-native/babel-preset/-/babel-preset-0.76.9.tgz 0ms (cache hit)
682 http cache @react-native-async-storage/async-storage@https://registry.npmjs.org/@react-native-async-storage/async-storage/-/async-storage-1.23.1.tgz 0ms (cache hit)
683 http cache @react-native/codegen@https://registry.npmjs.org/@react-native/codegen/-/codegen-0.76.9.tgz 0ms (cache hit)
684 http cache @react-native/dev-middleware@https://registry.npmjs.org/@react-native/dev-middleware/-/dev-middleware-0.76.9.tgz 0ms (cache hit)
685 http cache @react-native/community-cli-plugin@https://registry.npmjs.org/@react-native/community-cli-plugin/-/community-cli-plugin-0.76.5.tgz 0ms (cache hit)
686 http cache @radix-ui/react-slot@https://registry.npmjs.org/@radix-ui/react-slot/-/react-slot-1.0.1.tgz 0ms (cache hit)
687 http cache @react-native/babel-plugin-codegen@https://registry.npmjs.org/@react-native/babel-plugin-codegen/-/babel-plugin-codegen-0.76.9.tgz 0ms (cache hit)
688 http cache @radix-ui/react-compose-refs@https://registry.npmjs.org/@radix-ui/react-compose-refs/-/react-compose-refs-1.0.0.tgz 0ms (cache hit)
689 http cache @protobufjs/utf8@https://registry.npmjs.org/@protobufjs/utf8/-/utf8-1.1.2.tgz 0ms (cache hit)
690 http cache @react-native/assets-registry@https://registry.npmjs.org/@react-native/assets-registry/-/assets-registry-0.76.5.tgz 0ms (cache hit)
691 http cache @protobufjs/pool@https://registry.npmjs.org/@protobufjs/pool/-/pool-1.1.0.tgz 0ms (cache hit)
692 http cache @protobufjs/path@https://registry.npmjs.org/@protobufjs/path/-/path-1.1.2.tgz 0ms (cache hit)
693 http cache @protobufjs/float@https://registry.npmjs.org/@protobufjs/float/-/float-1.0.2.tgz 0ms (cache hit)
694 http cache @protobufjs/fetch@https://registry.npmjs.org/@protobufjs/fetch/-/fetch-1.1.1.tgz 0ms (cache hit)
695 http cache @pkgjs/parseargs@https://registry.npmjs.org/@pkgjs/parseargs/-/parseargs-0.11.0.tgz 0ms (cache hit)
696 http cache @protobufjs/codegen@https://registry.npmjs.org/@protobufjs/codegen/-/codegen-2.0.5.tgz 0ms (cache hit)
697 http cache @opentelemetry/api@https://registry.npmjs.org/@opentelemetry/api/-/api-1.9.1.tgz 0ms (cache hit)
698 http cache @protobufjs/base64@https://registry.npmjs.org/@protobufjs/base64/-/base64-1.1.2.tgz 0ms (cache hit)
699 http cache @npmcli/fs@https://registry.npmjs.org/@npmcli/fs/-/fs-3.1.1.tgz 0ms (cache hit)
700 http cache @protobufjs/eventemitter@https://registry.npmjs.org/@protobufjs/eventemitter/-/eventemitter-1.1.1.tgz 0ms (cache hit)
701 http cache @protobufjs/aspromise@https://registry.npmjs.org/@protobufjs/aspromise/-/aspromise-1.1.2.tgz 0ms (cache hit)
702 http cache @nodable/entities@https://registry.npmjs.org/@nodable/entities/-/entities-3.0.0.tgz 0ms (cache hit)
703 http cache @mapbox/node-pre-gyp@https://registry.npmjs.org/@mapbox/node-pre-gyp/-/node-pre-gyp-2.0.3.tgz 0ms (cache hit)
704 http cache @js-sdsl/ordered-map@https://registry.npmjs.org/@js-sdsl/ordered-map/-/ordered-map-4.4.2.tgz 0ms (cache hit)
705 http cache @nodelib/fs.stat@https://registry.npmjs.org/@nodelib/fs.stat/-/fs.stat-2.0.5.tgz 0ms (cache hit)
706 http cache @nodelib/fs.scandir@https://registry.npmjs.org/@nodelib/fs.scandir/-/fs.scandir-2.1.5.tgz 0ms (cache hit)
707 http cache @jridgewell/source-map@https://registry.npmjs.org/@jridgewell/source-map/-/source-map-0.3.11.tgz 0ms (cache hit)
708 http cache @nodelib/fs.walk@https://registry.npmjs.org/@nodelib/fs.walk/-/fs.walk-1.2.8.tgz 0ms (cache hit)
709 http cache @jridgewell/trace-mapping@https://registry.npmjs.org/@jridgewell/trace-mapping/-/trace-mapping-0.3.31.tgz 0ms (cache hit)
710 http cache @jridgewell/sourcemap-codec@https://registry.npmjs.org/@jridgewell/sourcemap-codec/-/sourcemap-codec-1.5.5.tgz 0ms (cache hit)
711 http cache @jridgewell/remapping@https://registry.npmjs.org/@jridgewell/remapping/-/remapping-2.3.5.tgz 0ms (cache hit)
712 http cache @jridgewell/resolve-uri@https://registry.npmjs.org/@jridgewell/resolve-uri/-/resolve-uri-3.1.2.tgz 0ms (cache hit)
713 http cache @jridgewell/gen-mapping@https://registry.npmjs.org/@jridgewell/gen-mapping/-/gen-mapping-0.3.13.tgz 0ms (cache hit)
714 http cache @jest/types@https://registry.npmjs.org/@jest/types/-/types-29.6.3.tgz 0ms (cache hit)
715 http cache @jest/transform@https://registry.npmjs.org/@jest/transform/-/transform-29.7.0.tgz 0ms (cache hit)
716 http cache @jest/schemas@https://registry.npmjs.org/@jest/schemas/-/schemas-29.6.3.tgz 0ms (cache hit)
717 http cache @jest/fake-timers@https://registry.npmjs.org/@jest/fake-timers/-/fake-timers-29.7.0.tgz 0ms (cache hit)
718 http cache @jest/environment@https://registry.npmjs.org/@jest/environment/-/environment-29.7.0.tgz 0ms (cache hit)
719 http cache @jest/create-cache-key-function@https://registry.npmjs.org/@jest/create-cache-key-function/-/create-cache-key-function-29.7.0.tgz 0ms (cache hit)
720 http cache @isaacs/ttlcache@https://registry.npmjs.org/@isaacs/ttlcache/-/ttlcache-1.4.1.tgz 0ms (cache hit)
721 http cache @istanbuljs/schema@https://registry.npmjs.org/@istanbuljs/schema/-/schema-0.1.6.tgz 0ms (cache hit)
722 http cache @istanbuljs/load-nyc-config@https://registry.npmjs.org/@istanbuljs/load-nyc-config/-/load-nyc-config-1.1.0.tgz 0ms (cache hit)
723 http cache @grpc/proto-loader@https://registry.npmjs.org/@grpc/proto-loader/-/proto-loader-0.7.15.tgz 0ms (cache hit)
724 http cache @isaacs/fs-minipass@https://registry.npmjs.org/@isaacs/fs-minipass/-/fs-minipass-4.0.1.tgz 0ms (cache hit)
725 http cache @isaacs/brace-expansion@https://registry.npmjs.org/@isaacs/brace-expansion/-/brace-expansion-5.0.1.tgz 0ms (cache hit)
726 http cache @isaacs/balanced-match@https://registry.npmjs.org/@isaacs/balanced-match/-/balanced-match-4.0.1.tgz 0ms (cache hit)
727 http cache @grpc/grpc-js@https://registry.npmjs.org/@grpc/grpc-js/-/grpc-js-1.9.16.tgz 0ms (cache hit)
728 http cache @isaacs/cliui@https://registry.npmjs.org/@isaacs/cliui/-/cliui-8.0.2.tgz 0ms (cache hit)
729 http cache @google-cloud/promisify@https://registry.npmjs.org/@google-cloud/promisify/-/promisify-4.0.0.tgz 0ms (cache hit)
730 http cache @google-cloud/paginator@https://registry.npmjs.org/@google-cloud/paginator/-/paginator-5.0.2.tgz 1ms (cache hit)
731 http cache @google-cloud/storage@https://registry.npmjs.org/@google-cloud/storage/-/storage-7.21.0.tgz 0ms (cache hit)
732 http cache @google-cloud/firestore@https://registry.npmjs.org/@google-cloud/firestore/-/firestore-8.7.0.tgz 0ms (cache hit)
733 http cache @firebase/webchannel-wrapper@https://registry.npmjs.org/@firebase/webchannel-wrapper/-/webchannel-wrapper-1.0.1.tgz 0ms (cache hit)
734 http cache @google-cloud/projectify@https://registry.npmjs.org/@google-cloud/projectify/-/projectify-4.0.0.tgz 0ms (cache hit)
735 http cache @firebase/util@https://registry.npmjs.org/@firebase/util/-/util-1.10.0.tgz 0ms (cache hit)
736 http cache @firebase/vertexai-preview@https://registry.npmjs.org/@firebase/vertexai-preview/-/vertexai-preview-0.0.4.tgz 0ms (cache hit)
737 http cache @firebase/storage-types@https://registry.npmjs.org/@firebase/storage-types/-/storage-types-0.8.2.tgz 0ms (cache hit)
738 http cache @firebase/remote-config-types@https://registry.npmjs.org/@firebase/remote-config-types/-/remote-config-types-0.3.2.tgz 0ms (cache hit)
739 http cache @firebase/storage-compat@https://registry.npmjs.org/@firebase/storage-compat/-/storage-compat-0.3.12.tgz 0ms (cache hit)
740 http cache @firebase/remote-config-compat@https://registry.npmjs.org/@firebase/remote-config-compat/-/remote-config-compat-0.2.9.tgz 0ms (cache hit)
741 http cache @firebase/storage@https://registry.npmjs.org/@firebase/storage/-/storage-0.13.2.tgz 0ms (cache hit)
742 http cache @firebase/performance-types@https://registry.npmjs.org/@firebase/performance-types/-/performance-types-0.2.2.tgz 0ms (cache hit)
743 http cache @firebase/messaging-interop-types@https://registry.npmjs.org/@firebase/messaging-interop-types/-/messaging-interop-types-0.2.2.tgz 0ms (cache hit)
744 http cache @firebase/remote-config@https://registry.npmjs.org/@firebase/remote-config/-/remote-config-0.4.9.tgz 0ms (cache hit)
745 http cache @firebase/performance-compat@https://registry.npmjs.org/@firebase/performance-compat/-/performance-compat-0.2.9.tgz 0ms (cache hit)
746 http cache @firebase/performance@https://registry.npmjs.org/@firebase/performance/-/performance-0.6.9.tgz 0ms (cache hit)
747 http cache @firebase/messaging-compat@https://registry.npmjs.org/@firebase/messaging-compat/-/messaging-compat-0.2.12.tgz 0ms (cache hit)
748 http cache @firebase/messaging@https://registry.npmjs.org/@firebase/messaging/-/messaging-0.12.12.tgz 0ms (cache hit)
749 http cache @firebase/logger@https://registry.npmjs.org/@firebase/logger/-/logger-0.4.2.tgz 0ms (cache hit)
750 http cache @firebase/installations-types@https://registry.npmjs.org/@firebase/installations-types/-/installations-types-0.5.2.tgz 0ms (cache hit)
751 http cache @firebase/installations-compat@https://registry.npmjs.org/@firebase/installations-compat/-/installations-compat-0.2.9.tgz 0ms (cache hit)
752 http cache @firebase/functions-types@https://registry.npmjs.org/@firebase/functions-types/-/functions-types-0.6.2.tgz 0ms (cache hit)
753 http cache @firebase/installations@https://registry.npmjs.org/@firebase/installations/-/installations-0.6.9.tgz 0ms (cache hit)
754 http cache @firebase/functions-compat@https://registry.npmjs.org/@firebase/functions-compat/-/functions-compat-0.3.14.tgz 0ms (cache hit)
755 http cache @firebase/functions@https://registry.npmjs.org/@firebase/functions/-/functions-0.11.8.tgz 0ms (cache hit)
756 http cache @firebase/firestore-types@https://registry.npmjs.org/@firebase/firestore-types/-/firestore-types-3.0.2.tgz 0ms (cache hit)
757 http cache @firebase/firestore-compat@https://registry.npmjs.org/@firebase/firestore-compat/-/firestore-compat-0.3.38.tgz 0ms (cache hit)
758 http cache @firebase/firestore@https://registry.npmjs.org/@firebase/firestore/-/firestore-4.7.3.tgz 0ms (cache hit)
759 http cache @firebase/database-types@https://registry.npmjs.org/@firebase/database-types/-/database-types-1.0.5.tgz 0ms (cache hit)
760 http cache @firebase/database-compat@https://registry.npmjs.org/@firebase/database-compat/-/database-compat-1.0.8.tgz 0ms (cache hit)
761 http cache @firebase/database@https://registry.npmjs.org/@firebase/database/-/database-1.0.8.tgz 0ms (cache hit)
762 http cache @firebase/data-connect@https://registry.npmjs.org/@firebase/data-connect/-/data-connect-0.1.0.tgz 0ms (cache hit)
763 http cache @firebase/component@https://registry.npmjs.org/@firebase/component/-/component-0.6.9.tgz 0ms (cache hit)
764 http cache @firebase/auth-interop-types@https://registry.npmjs.org/@firebase/auth-interop-types/-/auth-interop-types-0.2.3.tgz 0ms (cache hit)
765 http cache @firebase/auth-types@https://registry.npmjs.org/@firebase/auth-types/-/auth-types-0.12.2.tgz 0ms (cache hit)
766 http cache @firebase/auth-compat@https://registry.npmjs.org/@firebase/auth-compat/-/auth-compat-0.5.14.tgz 0ms (cache hit)
767 http cache @firebase/app-compat@https://registry.npmjs.org/@firebase/app-compat/-/app-compat-0.2.43.tgz 0ms (cache hit)
768 http cache @firebase/app-types@https://registry.npmjs.org/@firebase/app-types/-/app-types-0.9.2.tgz 0ms (cache hit)
769 http cache @firebase/auth@https://registry.npmjs.org/@firebase/auth/-/auth-1.7.9.tgz 0ms (cache hit)
770 http cache @firebase/app-check-types@https://registry.npmjs.org/@firebase/app-check-types/-/app-check-types-0.5.2.tgz 0ms (cache hit)
771 http cache @firebase/app-check-interop-types@https://registry.npmjs.org/@firebase/app-check-interop-types/-/app-check-interop-types-0.3.2.tgz 0ms (cache hit)
772 http cache @firebase/app-check@https://registry.npmjs.org/@firebase/app-check/-/app-check-0.8.8.tgz 0ms (cache hit)
773 http cache @firebase/app-check-compat@https://registry.npmjs.org/@firebase/app-check-compat/-/app-check-compat-0.3.15.tgz 0ms (cache hit)
774 http cache @firebase/analytics-types@https://registry.npmjs.org/@firebase/analytics-types/-/analytics-types-0.8.2.tgz 0ms (cache hit)
775 http cache @expo/xcpretty@https://registry.npmjs.org/@expo/xcpretty/-/xcpretty-4.4.4.tgz 0ms (cache hit)
776 http cache @firebase/analytics-compat@https://registry.npmjs.org/@firebase/analytics-compat/-/analytics-compat-0.2.14.tgz 0ms (cache hit)
777 http cache @expo/ws-tunnel@https://registry.npmjs.org/@expo/ws-tunnel/-/ws-tunnel-1.0.6.tgz 0ms (cache hit)
778 http cache @fastify/busboy@https://registry.npmjs.org/@fastify/busboy/-/busboy-3.2.0.tgz 0ms (cache hit)
779 http cache @firebase/analytics@https://registry.npmjs.org/@firebase/analytics/-/analytics-0.10.8.tgz 0ms (cache hit)
780 http cache @firebase/app@https://registry.npmjs.org/@firebase/app/-/app-0.10.13.tgz 0ms (cache hit)
781 http cache @expo/sudo-prompt@https://registry.npmjs.org/@expo/sudo-prompt/-/sudo-prompt-9.3.2.tgz 0ms (cache hit)
782 http cache @expo/spawn-async@https://registry.npmjs.org/@expo/spawn-async/-/spawn-async-1.8.0.tgz 0ms (cache hit)
783 http cache @expo/vector-icons@https://registry.npmjs.org/@expo/vector-icons/-/vector-icons-14.0.4.tgz 0ms (cache hit)
784 http cache @expo/sdk-runtime-versions@https://registry.npmjs.org/@expo/sdk-runtime-versions/-/sdk-runtime-versions-1.0.0.tgz 0ms (cache hit)
785 http cache @expo/plist@https://registry.npmjs.org/@expo/plist/-/plist-0.2.2.tgz 0ms (cache hit)
786 http cache @expo/prebuild-config@https://registry.npmjs.org/@expo/prebuild-config/-/prebuild-config-8.2.0.tgz 0ms (cache hit)
787 http cache @expo/rudder-sdk-node@https://registry.npmjs.org/@expo/rudder-sdk-node/-/rudder-sdk-node-1.1.1.tgz 0ms (cache hit)
788 http cache @expo/package-manager@https://registry.npmjs.org/@expo/package-manager/-/package-manager-1.13.1.tgz 0ms (cache hit)
789 http cache @expo/osascript@https://registry.npmjs.org/@expo/osascript/-/osascript-2.7.1.tgz 0ms (cache hit)
790 http cache @expo/metro-config@https://registry.npmjs.org/@expo/metro-config/-/metro-config-0.19.12.tgz 0ms (cache hit)
791 http cache @expo/metro-runtime@https://registry.npmjs.org/@expo/metro-runtime/-/metro-runtime-4.0.1.tgz 0ms (cache hit)
792 http cache @expo/server@https://registry.npmjs.org/@expo/server/-/server-0.5.3.tgz 0ms (cache hit)
793 http cache @expo/json-file@https://registry.npmjs.org/@expo/json-file/-/json-file-9.1.5.tgz 0ms (cache hit)
794 http cache @expo/image-utils@https://registry.npmjs.org/@expo/image-utils/-/image-utils-0.6.5.tgz 0ms (cache hit)
795 http cache @expo/env@https://registry.npmjs.org/@expo/env/-/env-0.4.2.tgz 0ms (cache hit)
796 http cache @expo/config-plugins@https://registry.npmjs.org/@expo/config-plugins/-/config-plugins-9.0.17.tgz 0ms (cache hit)
797 http cache @expo/devcert@https://registry.npmjs.org/@expo/devcert/-/devcert-1.2.1.tgz 0ms (cache hit)
798 http cache @expo/fingerprint@https://registry.npmjs.org/@expo/fingerprint/-/fingerprint-0.11.11.tgz 0ms (cache hit)
799 http cache @expo/config-types@https://registry.npmjs.org/@expo/config-types/-/config-types-52.0.5.tgz 0ms (cache hit)
800 http cache @expo/config@https://registry.npmjs.org/@expo/config/-/config-10.0.11.tgz 0ms (cache hit)
801 http cache @esbuild/win32-x64@https://registry.npmjs.org/@esbuild/win32-x64/-/win32-x64-0.27.0.tgz 0ms (cache hit)
802 http cache @edge-runtime/vm@https://registry.npmjs.org/@edge-runtime/vm/-/vm-3.2.0.tgz 0ms (cache hit)
803 http cache @expo/code-signing-certificates@https://registry.npmjs.org/@expo/code-signing-certificates/-/code-signing-certificates-0.0.6.tgz 0ms (cache hit)
804 http cache @expo/cli@https://registry.npmjs.org/@expo/cli/-/cli-0.22.28.tgz 0ms (cache hit)
805 http cache @expo/bunyan@https://registry.npmjs.org/@expo/bunyan/-/bunyan-4.0.1.tgz 0ms (cache hit)
806 http cache @edge-runtime/primitives@https://registry.npmjs.org/@edge-runtime/primitives/-/primitives-4.1.0.tgz 0ms (cache hit)
807 http cache @edge-runtime/node-utils@https://registry.npmjs.org/@edge-runtime/node-utils/-/node-utils-2.3.0.tgz 0ms (cache hit)
808 http cache @edge-runtime/format@https://registry.npmjs.org/@edge-runtime/format/-/format-2.2.1.tgz 0ms (cache hit)
809 http cache @edge-runtime/ponyfill@https://registry.npmjs.org/@edge-runtime/ponyfill/-/ponyfill-2.4.2.tgz 0ms (cache hit)
810 http cache @bytecodealliance/preview2-shim@https://registry.npmjs.org/@bytecodealliance/preview2-shim/-/preview2-shim-0.17.6.tgz 0ms (cache hit)
811 http cache @babel/traverse--for-generate-function-map@https://registry.npmjs.org/@babel/traverse/-/traverse-7.29.7.tgz 0ms (cache hit)
812 http cache @babel/types@https://registry.npmjs.org/@babel/types/-/types-7.29.7.tgz 0ms (cache hit)
813 http cache @babel/runtime@https://registry.npmjs.org/@babel/runtime/-/runtime-7.29.7.tgz 0ms (cache hit)
814 http cache @babel/template@https://registry.npmjs.org/@babel/template/-/template-7.29.7.tgz 0ms (cache hit)
815 http cache @babel/traverse@https://registry.npmjs.org/@babel/traverse/-/traverse-7.29.7.tgz 0ms (cache hit)
816 http cache @babel/register@https://registry.npmjs.org/@babel/register/-/register-7.29.7.tgz 0ms (cache hit)
817 http cache @babel/preset-modules@https://registry.npmjs.org/@babel/preset-modules/-/preset-modules-0.1.6-no-external-plugins.tgz 0ms (cache hit)
818 http cache @babel/preset-typescript@https://registry.npmjs.org/@babel/preset-typescript/-/preset-typescript-7.29.7.tgz 0ms (cache hit)
819 http cache @babel/preset-react@https://registry.npmjs.org/@babel/preset-react/-/preset-react-7.29.7.tgz 0ms (cache hit)
820 http cache @babel/preset-flow@https://registry.npmjs.org/@babel/preset-flow/-/preset-flow-7.29.7.tgz 0ms (cache hit)
821 http cache @babel/plugin-transform-unicode-sets-regex@https://registry.npmjs.org/@babel/plugin-transform-unicode-sets-regex/-/plugin-transform-unicode-sets-regex-7.29.7.tgz 0ms (cache hit)
822 http cache @babel/plugin-transform-unicode-regex@https://registry.npmjs.org/@babel/plugin-transform-unicode-regex/-/plugin-transform-unicode-regex-7.29.7.tgz 0ms (cache hit)
823 http cache @babel/preset-env@https://registry.npmjs.org/@babel/preset-env/-/preset-env-7.29.7.tgz 0ms (cache hit)
824 http cache @babel/plugin-transform-unicode-property-regex@https://registry.npmjs.org/@babel/plugin-transform-unicode-property-regex/-/plugin-transform-unicode-property-regex-7.29.7.tgz 0ms (cache hit)
825 http cache @babel/plugin-transform-typeof-symbol@https://registry.npmjs.org/@babel/plugin-transform-typeof-symbol/-/plugin-transform-typeof-symbol-7.29.7.tgz 0ms (cache hit)
826 http cache @babel/plugin-transform-unicode-escapes@https://registry.npmjs.org/@babel/plugin-transform-unicode-escapes/-/plugin-transform-unicode-escapes-7.29.7.tgz 0ms (cache hit)
827 http cache @babel/plugin-transform-sticky-regex@https://registry.npmjs.org/@babel/plugin-transform-sticky-regex/-/plugin-transform-sticky-regex-7.29.7.tgz 0ms (cache hit)
828 http cache @babel/plugin-transform-typescript@https://registry.npmjs.org/@babel/plugin-transform-typescript/-/plugin-transform-typescript-7.29.7.tgz 0ms (cache hit)
829 http cache @babel/plugin-transform-template-literals@https://registry.npmjs.org/@babel/plugin-transform-template-literals/-/plugin-transform-template-literals-7.29.7.tgz 0ms (cache hit)
830 http cache @babel/plugin-transform-shorthand-properties@https://registry.npmjs.org/@babel/plugin-transform-shorthand-properties/-/plugin-transform-shorthand-properties-7.29.7.tgz 0ms (cache hit)
831 http cache @babel/plugin-transform-runtime@https://registry.npmjs.org/@babel/plugin-transform-runtime/-/plugin-transform-runtime-7.29.7.tgz 0ms (cache hit)
832 http cache @babel/plugin-transform-regexp-modifiers@https://registry.npmjs.org/@babel/plugin-transform-regexp-modifiers/-/plugin-transform-regexp-modifiers-7.29.7.tgz 0ms (cache hit)
833 http cache @babel/plugin-transform-spread@https://registry.npmjs.org/@babel/plugin-transform-spread/-/plugin-transform-spread-7.29.7.tgz 0ms (cache hit)
834 http cache @babel/plugin-transform-reserved-words@https://registry.npmjs.org/@babel/plugin-transform-reserved-words/-/plugin-transform-reserved-words-7.29.7.tgz 0ms (cache hit)
835 http cache @babel/plugin-transform-react-pure-annotations@https://registry.npmjs.org/@babel/plugin-transform-react-pure-annotations/-/plugin-transform-react-pure-annotations-7.29.7.tgz 0ms (cache hit)
836 http cache @babel/plugin-transform-regenerator@https://registry.npmjs.org/@babel/plugin-transform-regenerator/-/plugin-transform-regenerator-7.29.7.tgz 0ms (cache hit)
837 http cache @babel/plugin-transform-react-jsx-source@https://registry.npmjs.org/@babel/plugin-transform-react-jsx-source/-/plugin-transform-react-jsx-source-7.29.7.tgz 0ms (cache hit)
838 http cache @babel/plugin-transform-react-jsx-self@https://registry.npmjs.org/@babel/plugin-transform-react-jsx-self/-/plugin-transform-react-jsx-self-7.29.7.tgz 0ms (cache hit)
839 http cache @babel/plugin-transform-react-jsx-development@https://registry.npmjs.org/@babel/plugin-transform-react-jsx-development/-/plugin-transform-react-jsx-development-7.29.7.tgz 0ms (cache hit)
840 http cache @babel/plugin-transform-react-display-name@https://registry.npmjs.org/@babel/plugin-transform-react-display-name/-/plugin-transform-react-display-name-7.29.7.tgz 0ms (cache hit)
841 http cache @babel/plugin-transform-react-jsx@https://registry.npmjs.org/@babel/plugin-transform-react-jsx/-/plugin-transform-react-jsx-7.29.7.tgz 0ms (cache hit)
842 http cache @babel/plugin-transform-private-property-in-object@https://registry.npmjs.org/@babel/plugin-transform-private-property-in-object/-/plugin-transform-private-property-in-object-7.29.7.tgz 0ms (cache hit)
843 http cache @babel/plugin-transform-property-literals@https://registry.npmjs.org/@babel/plugin-transform-property-literals/-/plugin-transform-property-literals-7.29.7.tgz 0ms (cache hit)
844 http cache @babel/plugin-transform-private-methods@https://registry.npmjs.org/@babel/plugin-transform-private-methods/-/plugin-transform-private-methods-7.29.7.tgz 0ms (cache hit)
845 http cache @babel/plugin-transform-parameters@https://registry.npmjs.org/@babel/plugin-transform-parameters/-/plugin-transform-parameters-7.29.7.tgz 0ms (cache hit)
846 http cache @babel/plugin-transform-object-super@https://registry.npmjs.org/@babel/plugin-transform-object-super/-/plugin-transform-object-super-7.29.7.tgz 0ms (cache hit)
847 http cache @babel/plugin-transform-optional-catch-binding@https://registry.npmjs.org/@babel/plugin-transform-optional-catch-binding/-/plugin-transform-optional-catch-binding-7.29.7.tgz 0ms (cache hit)
848 http cache @babel/plugin-transform-numeric-separator@https://registry.npmjs.org/@babel/plugin-transform-numeric-separator/-/plugin-transform-numeric-separator-7.29.7.tgz 0ms (cache hit)
849 http cache @babel/plugin-transform-object-rest-spread@https://registry.npmjs.org/@babel/plugin-transform-object-rest-spread/-/plugin-transform-object-rest-spread-7.29.7.tgz 0ms (cache hit)
850 http cache @babel/plugin-transform-nullish-coalescing-operator@https://registry.npmjs.org/@babel/plugin-transform-nullish-coalescing-operator/-/plugin-transform-nullish-coalescing-operator-7.29.7.tgz 0ms (cache hit)
851 http cache @babel/plugin-transform-optional-chaining@https://registry.npmjs.org/@babel/plugin-transform-optional-chaining/-/plugin-transform-optional-chaining-7.29.7.tgz 0ms (cache hit)
852 http cache @babel/plugin-transform-modules-umd@https://registry.npmjs.org/@babel/plugin-transform-modules-umd/-/plugin-transform-modules-umd-7.29.7.tgz 0ms (cache hit)
853 http cache @babel/plugin-transform-new-target@https://registry.npmjs.org/@babel/plugin-transform-new-target/-/plugin-transform-new-target-7.29.7.tgz 0ms (cache hit)
854 http cache @babel/plugin-transform-modules-commonjs@https://registry.npmjs.org/@babel/plugin-transform-modules-commonjs/-/plugin-transform-modules-commonjs-7.29.7.tgz 0ms (cache hit)
855 http cache @babel/plugin-transform-modules-systemjs@https://registry.npmjs.org/@babel/plugin-transform-modules-systemjs/-/plugin-transform-modules-systemjs-7.29.7.tgz 0ms (cache hit)
856 http cache @babel/plugin-transform-modules-amd@https://registry.npmjs.org/@babel/plugin-transform-modules-amd/-/plugin-transform-modules-amd-7.29.7.tgz 0ms (cache hit)
857 http cache @babel/plugin-transform-named-capturing-groups-regex@https://registry.npmjs.org/@babel/plugin-transform-named-capturing-groups-regex/-/plugin-transform-named-capturing-groups-regex-7.29.7.tgz 0ms (cache hit)
858 http cache @babel/plugin-transform-logical-assignment-operators@https://registry.npmjs.org/@babel/plugin-transform-logical-assignment-operators/-/plugin-transform-logical-assignment-operators-7.29.7.tgz 0ms (cache hit)
859 http cache @babel/plugin-transform-member-expression-literals@https://registry.npmjs.org/@babel/plugin-transform-member-expression-literals/-/plugin-transform-member-expression-literals-7.29.7.tgz 0ms (cache hit)
860 http cache @babel/plugin-transform-json-strings@https://registry.npmjs.org/@babel/plugin-transform-json-strings/-/plugin-transform-json-strings-7.29.7.tgz 0ms (cache hit)
861 http cache @babel/plugin-transform-literals@https://registry.npmjs.org/@babel/plugin-transform-literals/-/plugin-transform-literals-7.29.7.tgz 0ms (cache hit)
862 http cache @babel/plugin-transform-function-name@https://registry.npmjs.org/@babel/plugin-transform-function-name/-/plugin-transform-function-name-7.29.7.tgz 0ms (cache hit)
863 http cache @babel/plugin-transform-exponentiation-operator@https://registry.npmjs.org/@babel/plugin-transform-exponentiation-operator/-/plugin-transform-exponentiation-operator-7.29.7.tgz 0ms (cache hit)
864 http cache @babel/plugin-transform-explicit-resource-management@https://registry.npmjs.org/@babel/plugin-transform-explicit-resource-management/-/plugin-transform-explicit-resource-management-7.29.7.tgz 0ms (cache hit)
865 http cache @babel/plugin-transform-export-namespace-from@https://registry.npmjs.org/@babel/plugin-transform-export-namespace-from/-/plugin-transform-export-namespace-from-7.29.7.tgz 0ms (cache hit)
866 http cache @babel/plugin-transform-flow-strip-types@https://registry.npmjs.org/@babel/plugin-transform-flow-strip-types/-/plugin-transform-flow-strip-types-7.29.7.tgz 0ms (cache hit)
867 http cache @babel/plugin-transform-dynamic-import@https://registry.npmjs.org/@babel/plugin-transform-dynamic-import/-/plugin-transform-dynamic-import-7.29.7.tgz 0ms (cache hit)
868 http cache @babel/plugin-transform-for-of@https://registry.npmjs.org/@babel/plugin-transform-for-of/-/plugin-transform-for-of-7.29.7.tgz 0ms (cache hit)
869 http cache @babel/plugin-transform-dotall-regex@https://registry.npmjs.org/@babel/plugin-transform-dotall-regex/-/plugin-transform-dotall-regex-7.29.7.tgz 0ms (cache hit)
870 http cache @babel/plugin-transform-duplicate-named-capturing-groups-regex@https://registry.npmjs.org/@babel/plugin-transform-duplicate-named-capturing-groups-regex/-/plugin-transform-duplicate-named-capturing-groups-regex-7.29.7.tgz 0ms (cache hit)
871 http cache @babel/plugin-transform-duplicate-keys@https://registry.npmjs.org/@babel/plugin-transform-duplicate-keys/-/plugin-transform-duplicate-keys-7.29.7.tgz 0ms (cache hit)
872 http cache @babel/plugin-transform-computed-properties@https://registry.npmjs.org/@babel/plugin-transform-computed-properties/-/plugin-transform-computed-properties-7.29.7.tgz 0ms (cache hit)
873 http cache @babel/plugin-transform-destructuring@https://registry.npmjs.org/@babel/plugin-transform-destructuring/-/plugin-transform-destructuring-7.29.7.tgz 0ms (cache hit)
874 http cache @babel/plugin-transform-classes@https://registry.npmjs.org/@babel/plugin-transform-classes/-/plugin-transform-classes-7.29.7.tgz 0ms (cache hit)
875 http cache @babel/plugin-transform-class-static-block@https://registry.npmjs.org/@babel/plugin-transform-class-static-block/-/plugin-transform-class-static-block-7.29.7.tgz 0ms (cache hit)
876 http cache @babel/plugin-transform-block-scoping@https://registry.npmjs.org/@babel/plugin-transform-block-scoping/-/plugin-transform-block-scoping-7.29.7.tgz 0ms (cache hit)
877 http cache @babel/plugin-transform-class-properties@https://registry.npmjs.org/@babel/plugin-transform-class-properties/-/plugin-transform-class-properties-7.29.7.tgz 0ms (cache hit)
878 http cache @babel/plugin-transform-block-scoped-functions@https://registry.npmjs.org/@babel/plugin-transform-block-scoped-functions/-/plugin-transform-block-scoped-functions-7.29.7.tgz 0ms (cache hit)
879 http cache @babel/plugin-transform-arrow-functions@https://registry.npmjs.org/@babel/plugin-transform-arrow-functions/-/plugin-transform-arrow-functions-7.29.7.tgz 0ms (cache hit)
880 http cache @babel/plugin-transform-async-to-generator@https://registry.npmjs.org/@babel/plugin-transform-async-to-generator/-/plugin-transform-async-to-generator-7.29.7.tgz 0ms (cache hit)
881 http cache @babel/plugin-transform-async-generator-functions@https://registry.npmjs.org/@babel/plugin-transform-async-generator-functions/-/plugin-transform-async-generator-functions-7.29.7.tgz 0ms (cache hit)
882 http cache @babel/plugin-syntax-unicode-sets-regex@https://registry.npmjs.org/@babel/plugin-syntax-unicode-sets-regex/-/plugin-syntax-unicode-sets-regex-7.18.6.tgz 0ms (cache hit)
883 http cache @babel/plugin-syntax-top-level-await@https://registry.npmjs.org/@babel/plugin-syntax-top-level-await/-/plugin-syntax-top-level-await-7.14.5.tgz 0ms (cache hit)
884 http cache @babel/plugin-syntax-typescript@https://registry.npmjs.org/@babel/plugin-syntax-typescript/-/plugin-syntax-typescript-7.29.7.tgz 0ms (cache hit)
885 http cache @babel/plugin-syntax-optional-chaining@https://registry.npmjs.org/@babel/plugin-syntax-optional-chaining/-/plugin-syntax-optional-chaining-7.8.3.tgz 0ms (cache hit)
886 http cache @babel/plugin-syntax-private-property-in-object@https://registry.npmjs.org/@babel/plugin-syntax-private-property-in-object/-/plugin-syntax-private-property-in-object-7.14.5.tgz 0ms (cache hit)
887 http cache @babel/plugin-syntax-optional-catch-binding@https://registry.npmjs.org/@babel/plugin-syntax-optional-catch-binding/-/plugin-syntax-optional-catch-binding-7.8.3.tgz 0ms (cache hit)
888 http cache @babel/plugin-syntax-nullish-coalescing-operator@https://registry.npmjs.org/@babel/plugin-syntax-nullish-coalescing-operator/-/plugin-syntax-nullish-coalescing-operator-7.8.3.tgz 0ms (cache hit)
889 http cache @babel/plugin-syntax-object-rest-spread@https://registry.npmjs.org/@babel/plugin-syntax-object-rest-spread/-/plugin-syntax-object-rest-spread-7.8.3.tgz 0ms (cache hit)
890 http cache @babel/plugin-syntax-numeric-separator@https://registry.npmjs.org/@babel/plugin-syntax-numeric-separator/-/plugin-syntax-numeric-separator-7.10.4.tgz 0ms (cache hit)
891 http cache @babel/plugin-syntax-logical-assignment-operators@https://registry.npmjs.org/@babel/plugin-syntax-logical-assignment-operators/-/plugin-syntax-logical-assignment-operators-7.10.4.tgz 0ms (cache hit)
892 http cache @babel/plugin-syntax-jsx@https://registry.npmjs.org/@babel/plugin-syntax-jsx/-/plugin-syntax-jsx-7.29.7.tgz 0ms (cache hit)
893 http cache @babel/plugin-syntax-import-meta@https://registry.npmjs.org/@babel/plugin-syntax-import-meta/-/plugin-syntax-import-meta-7.10.4.tgz 0ms (cache hit)
894 http cache @babel/plugin-syntax-import-attributes@https://registry.npmjs.org/@babel/plugin-syntax-import-attributes/-/plugin-syntax-import-attributes-7.29.7.tgz 0ms (cache hit)
895 http cache @babel/plugin-syntax-flow@https://registry.npmjs.org/@babel/plugin-syntax-flow/-/plugin-syntax-flow-7.29.7.tgz 0ms (cache hit)
896 http cache @babel/plugin-syntax-import-assertions@https://registry.npmjs.org/@babel/plugin-syntax-import-assertions/-/plugin-syntax-import-assertions-7.29.7.tgz 0ms (cache hit)
897 http cache @babel/plugin-syntax-dynamic-import@https://registry.npmjs.org/@babel/plugin-syntax-dynamic-import/-/plugin-syntax-dynamic-import-7.8.3.tgz 0ms (cache hit)
898 http cache @babel/plugin-syntax-export-default-from@https://registry.npmjs.org/@babel/plugin-syntax-export-default-from/-/plugin-syntax-export-default-from-7.29.7.tgz 0ms (cache hit)
899 http cache @babel/plugin-syntax-class-static-block@https://registry.npmjs.org/@babel/plugin-syntax-class-static-block/-/plugin-syntax-class-static-block-7.14.5.tgz 0ms (cache hit)
900 http cache @babel/plugin-syntax-json-strings@https://registry.npmjs.org/@babel/plugin-syntax-json-strings/-/plugin-syntax-json-strings-7.8.3.tgz 0ms (cache hit)
901 http cache @babel/plugin-syntax-class-properties@https://registry.npmjs.org/@babel/plugin-syntax-class-properties/-/plugin-syntax-class-properties-7.12.13.tgz 0ms (cache hit)
902 http cache @babel/plugin-syntax-decorators@https://registry.npmjs.org/@babel/plugin-syntax-decorators/-/plugin-syntax-decorators-7.29.7.tgz 0ms (cache hit)
903 http cache @babel/plugin-syntax-async-generators@https://registry.npmjs.org/@babel/plugin-syntax-async-generators/-/plugin-syntax-async-generators-7.8.4.tgz 0ms (cache hit)
904 http cache @babel/plugin-proposal-optional-chaining@https://registry.npmjs.org/@babel/plugin-proposal-optional-chaining/-/plugin-proposal-optional-chaining-7.21.0.tgz 0ms (cache hit)
905 http cache @babel/plugin-syntax-bigint@https://registry.npmjs.org/@babel/plugin-syntax-bigint/-/plugin-syntax-bigint-7.8.3.tgz 0ms (cache hit)
906 http cache @babel/plugin-proposal-decorators@https://registry.npmjs.org/@babel/plugin-proposal-decorators/-/plugin-proposal-decorators-7.29.7.tgz 0ms (cache hit)
907 http cache @babel/plugin-proposal-nullish-coalescing-operator@https://registry.npmjs.org/@babel/plugin-proposal-nullish-coalescing-operator/-/plugin-proposal-nullish-coalescing-operator-7.18.6.tgz 0ms (cache hit)
908 http cache @babel/plugin-proposal-private-property-in-object@https://registry.npmjs.org/@babel/plugin-proposal-private-property-in-object/-/plugin-proposal-private-property-in-object-7.21.0-placeholder-for-preset-env.2.tgz 0ms (cache hit)
909 http cache @babel/plugin-bugfix-v8-static-class-fields-redefine-readonly@https://registry.npmjs.org/@babel/plugin-bugfix-v8-static-class-fields-redefine-readonly/-/plugin-bugfix-v8-static-class-fields-redefine-readonly-7.29.7.tgz 0ms (cache hit)
910 http cache @babel/plugin-bugfix-safari-id-destructuring-collision-in-function-expression@https://registry.npmjs.org/@babel/plugin-bugfix-safari-id-destructuring-collision-in-function-expression/-/plugin-bugfix-safari-id-destructuring-collision-in-function-expression-7.29.7.tgz 0ms (cache hit)
911 http cache @babel/plugin-bugfix-firefox-class-in-computed-class-key@https://registry.npmjs.org/@babel/plugin-bugfix-firefox-class-in-computed-class-key/-/plugin-bugfix-firefox-class-in-computed-class-key-7.29.7.tgz 0ms (cache hit)
912 http cache @babel/plugin-bugfix-v8-spread-parameters-in-optional-chaining@https://registry.npmjs.org/@babel/plugin-bugfix-v8-spread-parameters-in-optional-chaining/-/plugin-bugfix-v8-spread-parameters-in-optional-chaining-7.29.7.tgz 0ms (cache hit)
913 http cache @babel/plugin-proposal-export-default-from@https://registry.npmjs.org/@babel/plugin-proposal-export-default-from/-/plugin-proposal-export-default-from-7.29.7.tgz 0ms (cache hit)
914 http cache @babel/plugin-bugfix-safari-rest-destructuring-rhs-array@https://registry.npmjs.org/@babel/plugin-bugfix-safari-rest-destructuring-rhs-array/-/plugin-bugfix-safari-rest-destructuring-rhs-array-7.29.7.tgz 0ms (cache hit)
915 http cache @babel/highlight@https://registry.npmjs.org/@babel/highlight/-/highlight-7.25.9.tgz 0ms (cache hit)
916 http cache @babel/plugin-bugfix-safari-class-field-initializer-scope@https://registry.npmjs.org/@babel/plugin-bugfix-safari-class-field-initializer-scope/-/plugin-bugfix-safari-class-field-initializer-scope-7.29.7.tgz 0ms (cache hit)
917 http cache @babel/helper-wrap-function@https://registry.npmjs.org/@babel/helper-wrap-function/-/helper-wrap-function-7.29.7.tgz 0ms (cache hit)
918 http cache @babel/parser@https://registry.npmjs.org/@babel/parser/-/parser-7.29.7.tgz 0ms (cache hit)
919 http cache @babel/helpers@https://registry.npmjs.org/@babel/helpers/-/helpers-7.29.7.tgz 0ms (cache hit)
920 http cache @babel/helper-validator-identifier@https://registry.npmjs.org/@babel/helper-validator-identifier/-/helper-validator-identifier-7.29.7.tgz 0ms (cache hit)
921 http cache @babel/helper-validator-option@https://registry.npmjs.org/@babel/helper-validator-option/-/helper-validator-option-7.29.7.tgz 0ms (cache hit)
922 http cache @babel/helper-string-parser@https://registry.npmjs.org/@babel/helper-string-parser/-/helper-string-parser-7.29.7.tgz 0ms (cache hit)
923 http cache @babel/helper-remap-async-to-generator@https://registry.npmjs.org/@babel/helper-remap-async-to-generator/-/helper-remap-async-to-generator-7.29.7.tgz 0ms (cache hit)
924 http cache @babel/helper-skip-transparent-expression-wrappers@https://registry.npmjs.org/@babel/helper-skip-transparent-expression-wrappers/-/helper-skip-transparent-expression-wrappers-7.29.7.tgz 0ms (cache hit)
925 http cache @babel/plugin-proposal-class-properties@https://registry.npmjs.org/@babel/plugin-proposal-class-properties/-/plugin-proposal-class-properties-7.18.6.tgz 0ms (cache hit)
926 http cache @babel/helper-optimise-call-expression@https://registry.npmjs.org/@babel/helper-optimise-call-expression/-/helper-optimise-call-expression-7.29.7.tgz 0ms (cache hit)
927 http cache @babel/helper-replace-supers@https://registry.npmjs.org/@babel/helper-replace-supers/-/helper-replace-supers-7.29.7.tgz 0ms (cache hit)
928 http cache @babel/helper-plugin-utils@https://registry.npmjs.org/@babel/helper-plugin-utils/-/helper-plugin-utils-7.29.7.tgz 0ms (cache hit)
929 http cache @babel/helper-module-transforms@https://registry.npmjs.org/@babel/helper-module-transforms/-/helper-module-transforms-7.29.7.tgz 0ms (cache hit)
930 http cache @babel/helper-module-imports@https://registry.npmjs.org/@babel/helper-module-imports/-/helper-module-imports-7.29.7.tgz 0ms (cache hit)
931 http cache @babel/helper-create-regexp-features-plugin@https://registry.npmjs.org/@babel/helper-create-regexp-features-plugin/-/helper-create-regexp-features-plugin-7.29.7.tgz 0ms (cache hit)
932 http cache @babel/helper-create-class-features-plugin@https://registry.npmjs.org/@babel/helper-create-class-features-plugin/-/helper-create-class-features-plugin-7.29.7.tgz 0ms (cache hit)
933 http cache @babel/helper-define-polyfill-provider@https://registry.npmjs.org/@babel/helper-define-polyfill-provider/-/helper-define-polyfill-provider-0.6.8.tgz 0ms (cache hit)
934 http cache @babel/helper-compilation-targets@https://registry.npmjs.org/@babel/helper-compilation-targets/-/helper-compilation-targets-7.29.7.tgz 0ms (cache hit)
935 http cache @babel/helper-member-expression-to-functions@https://registry.npmjs.org/@babel/helper-member-expression-to-functions/-/helper-member-expression-to-functions-7.29.7.tgz 0ms (cache hit)
936 http cache @babel/helper-globals@https://registry.npmjs.org/@babel/helper-globals/-/helper-globals-7.29.7.tgz 0ms (cache hit)
937 http cache @babel/generator@https://registry.npmjs.org/@babel/generator/-/generator-7.29.7.tgz 0ms (cache hit)
938 http cache @babel/helper-annotate-as-pure@https://registry.npmjs.org/@babel/helper-annotate-as-pure/-/helper-annotate-as-pure-7.29.7.tgz 0ms (cache hit)
939 http cache @babel/compat-data@https://registry.npmjs.org/@babel/compat-data/-/compat-data-7.29.7.tgz 0ms (cache hit)
940 http cache @aws/lambda-invoke-store@https://registry.npmjs.org/@aws/lambda-invoke-store/-/lambda-invoke-store-0.3.0.tgz 0ms (cache hit)
941 http cache @babel/core@https://registry.npmjs.org/@babel/core/-/core-7.29.7.tgz 0ms (cache hit)
942 http cache @aws-sdk/token-providers@https://registry.npmjs.org/@aws-sdk/token-providers/-/token-providers-3.1103.0.tgz 0ms (cache hit)
943 http cache @babel/code-frame@https://registry.npmjs.org/@babel/code-frame/-/code-frame-7.29.7.tgz 0ms (cache hit)
944 http cache @aws-sdk/signature-v4-multi-region@https://registry.npmjs.org/@aws-sdk/signature-v4-multi-region/-/signature-v4-multi-region-3.996.43.tgz 0ms (cache hit)
945 http cache @aws-sdk/types@https://registry.npmjs.org/@aws-sdk/types/-/types-3.974.2.tgz 0ms (cache hit)
946 http cache @aws-sdk/s3-request-presigner@https://registry.npmjs.org/@aws-sdk/s3-request-presigner/-/s3-request-presigner-3.1103.0.tgz 0ms (cache hit)
947 http cache @aws-sdk/xml-builder@https://registry.npmjs.org/@aws-sdk/xml-builder/-/xml-builder-3.972.37.tgz 0ms (cache hit)
948 http cache @aws-sdk/nested-clients@https://registry.npmjs.org/@aws-sdk/nested-clients/-/nested-clients-3.997.41.tgz 0ms (cache hit)
949 http cache @aws-sdk/credential-provider-sso@https://registry.npmjs.org/@aws-sdk/credential-provider-sso/-/credential-provider-sso-3.973.11.tgz 0ms (cache hit)
950 http cache @aws-sdk/middleware-sdk-s3@https://registry.npmjs.org/@aws-sdk/middleware-sdk-s3/-/middleware-sdk-s3-3.972.72.tgz 0ms (cache hit)
951 http cache @aws-sdk/credential-provider-web-identity@https://registry.npmjs.org/@aws-sdk/credential-provider-web-identity/-/credential-provider-web-identity-3.972.73.tgz 0ms (cache hit)
952 http cache @aws-sdk/credential-provider-process@https://registry.npmjs.org/@aws-sdk/credential-provider-process/-/credential-provider-process-3.972.67.tgz 0ms (cache hit)
953 http cache @aws-sdk/credential-provider-node@https://registry.npmjs.org/@aws-sdk/credential-provider-node/-/credential-provider-node-3.972.78.tgz 0ms (cache hit)
954 http cache @aws-sdk/credential-provider-login@https://registry.npmjs.org/@aws-sdk/credential-provider-login/-/credential-provider-login-3.972.74.tgz 0ms (cache hit)
955 http cache @aws-sdk/credential-provider-http@https://registry.npmjs.org/@aws-sdk/credential-provider-http/-/credential-provider-http-3.972.69.tgz 0ms (cache hit)
956 http cache @aws-sdk/core@https://registry.npmjs.org/@aws-sdk/core/-/core-3.977.6.tgz 0ms (cache hit)
957 http cache @0no-co/graphql.web@https://registry.npmjs.org/@0no-co/graphql.web/-/graphql.web-1.3.3.tgz 0ms (cache hit)
958 http cache string-width@https://registry.npmjs.org/string-width/-/string-width-4.2.3.tgz 0ms (cache hit)
959 http cache @aws-sdk/credential-provider-ini@https://registry.npmjs.org/@aws-sdk/credential-provider-ini/-/credential-provider-ini-3.973.12.tgz 0ms (cache hit)
960 http cache @aws-sdk/credential-provider-env@https://registry.npmjs.org/@aws-sdk/credential-provider-env/-/credential-provider-env-3.972.67.tgz 0ms (cache hit)
961 http cache @aws-sdk/client-s3@https://registry.npmjs.org/@aws-sdk/client-s3/-/client-s3-3.1103.0.tgz 0ms (cache hit)
962 http cache strip-ansi@https://registry.npmjs.org/strip-ansi/-/strip-ansi-6.0.1.tgz 0ms (cache hit)
963 http cache xmlbuilder@https://registry.npmjs.org/xmlbuilder/-/xmlbuilder-11.0.1.tgz 0ms (cache hit)
964 http cache @aws-sdk/checksums@https://registry.npmjs.org/@aws-sdk/checksums/-/checksums-3.1000.26.tgz 0ms (cache hit)
965 http cache strip-ansi@https://registry.npmjs.org/strip-ansi/-/strip-ansi-6.0.1.tgz 0ms (cache hit)
966 http cache emoji-regex@https://registry.npmjs.org/emoji-regex/-/emoji-regex-8.0.0.tgz 0ms (cache hit)
967 http cache strip-ansi@https://registry.npmjs.org/strip-ansi/-/strip-ansi-6.0.1.tgz 0ms (cache hit)
968 http cache string-width@https://registry.npmjs.org/string-width/-/string-width-4.2.3.tgz 0ms (cache hit)
969 http cache webidl-conversions@https://registry.npmjs.org/webidl-conversions/-/webidl-conversions-5.0.0.tgz 0ms (cache hit)
970 http cache commander@https://registry.npmjs.org/commander/-/commander-2.20.3.tgz 0ms (cache hit)
971 http cache glob@https://registry.npmjs.org/glob/-/glob-7.2.3.tgz 0ms (cache hit)
972 http cache emoji-regex@https://registry.npmjs.org/emoji-regex/-/emoji-regex-8.0.0.tgz 0ms (cache hit)
973 http cache emoji-regex@https://registry.npmjs.org/emoji-regex/-/emoji-regex-8.0.0.tgz 0ms (cache hit)
974 http cache string-width@https://registry.npmjs.org/string-width/-/string-width-4.2.3.tgz 0ms (cache hit)
975 http cache is-stream@https://registry.npmjs.org/is-stream/-/is-stream-2.0.1.tgz 0ms (cache hit)
976 http cache type-fest@https://registry.npmjs.org/type-fest/-/type-fest-0.16.0.tgz 0ms (cache hit)
977 http cache signal-exit@https://registry.npmjs.org/signal-exit/-/signal-exit-3.0.7.tgz 0ms (cache hit)
978 http cache glob@https://registry.npmjs.org/glob/-/glob-7.2.3.tgz 0ms (cache hit)
979 http cache yallist@https://registry.npmjs.org/yallist/-/yallist-4.0.0.tgz 0ms (cache hit)
980 http cache mkdirp@https://registry.npmjs.org/mkdirp/-/mkdirp-1.0.4.tgz 0ms (cache hit)
981 http cache minipass@https://registry.npmjs.org/minipass/-/minipass-5.0.0.tgz 0ms (cache hit)
982 http cache uuid@https://registry.npmjs.org/uuid/-/uuid-7.0.3.tgz 0ms (cache hit)
983 http cache rimraf@https://registry.npmjs.org/rimraf/-/rimraf-2.6.3.tgz 0ms (cache hit)
984 http cache minipass@https://registry.npmjs.org/minipass/-/minipass-3.3.6.tgz 0ms (cache hit)
985 http cache https-proxy-agent@https://registry.npmjs.org/https-proxy-agent/-/https-proxy-agent-5.0.1.tgz 0ms (cache hit)
986 http cache agent-base@https://registry.npmjs.org/agent-base/-/agent-base-6.0.2.tgz 0ms (cache hit)
987 http cache commander@https://registry.npmjs.org/commander/-/commander-4.1.1.tgz 0ms (cache hit)
988 http cache fs-minipass@https://registry.npmjs.org/fs-minipass/-/fs-minipass-2.1.0.tgz 0ms (cache hit)
989 http cache escape-string-regexp@https://registry.npmjs.org/escape-string-regexp/-/escape-string-regexp-2.0.0.tgz 0ms (cache hit)
990 http cache uuid@https://registry.npmjs.org/uuid/-/uuid-9.0.1.tgz 0ms (cache hit)
991 http cache ansi-regex@https://registry.npmjs.org/ansi-regex/-/ansi-regex-6.2.2.tgz 0ms (cache hit)
992 http cache emoji-regex@https://registry.npmjs.org/emoji-regex/-/emoji-regex-8.0.0.tgz 0ms (cache hit)
993 http cache source-map@https://registry.npmjs.org/source-map/-/source-map-0.6.1.tgz 0ms (cache hit)
994 http cache strip-ansi@https://registry.npmjs.org/strip-ansi/-/strip-ansi-6.0.1.tgz 0ms (cache hit)
995 http cache is-arrayish@https://registry.npmjs.org/is-arrayish/-/is-arrayish-0.3.4.tgz 0ms (cache hit)
996 http cache bplist-creator@https://registry.npmjs.org/bplist-creator/-/bplist-creator-0.1.0.tgz 0ms (cache hit)
997 http cache bplist-parser@https://registry.npmjs.org/bplist-parser/-/bplist-parser-0.3.1.tgz 0ms (cache hit)
998 http cache encodeurl@https://registry.npmjs.org/encodeurl/-/encodeurl-2.0.0.tgz 0ms (cache hit)
999 http cache statuses@https://registry.npmjs.org/statuses/-/statuses-2.0.2.tgz 0ms (cache hit)
1000 http cache resolve@https://registry.npmjs.org/resolve/-/resolve-1.7.1.tgz 0ms (cache hit)
1001 http cache ms@https://registry.npmjs.org/ms/-/ms-2.0.0.tgz 0ms (cache hit)
1002 http cache glob@https://registry.npmjs.org/glob/-/glob-7.2.3.tgz 0ms (cache hit)
1003 http cache signal-exit@https://registry.npmjs.org/signal-exit/-/signal-exit-3.0.7.tgz 0ms (cache hit)
1004 http cache ws@https://registry.npmjs.org/ws/-/ws-6.2.6.tgz 0ms (cache hit)
1005 http cache source-map@https://registry.npmjs.org/source-map/-/source-map-0.6.1.tgz 0ms (cache hit)
1006 http cache promise@https://registry.npmjs.org/promise/-/promise-8.3.0.tgz 0ms (cache hit)
1007 http cache @react-native/normalize-colors@https://registry.npmjs.org/@react-native/normalize-colors/-/normalize-colors-0.74.89.tgz 0ms (cache hit)
1008 http cache scheduler@https://registry.npmjs.org/scheduler/-/scheduler-0.24.0-canary-efb381bbf-20230505.tgz 0ms (cache hit)
1009 http cache memoize-one@https://registry.npmjs.org/memoize-one/-/memoize-one-6.0.0.tgz 0ms (cache hit)
1010 http cache semver@https://registry.npmjs.org/semver/-/semver-7.8.5.tgz 0ms (cache hit)
1011 http cache commander@https://registry.npmjs.org/commander/-/commander-12.1.0.tgz 0ms (cache hit)
1012 http cache glob@https://registry.npmjs.org/glob/-/glob-7.2.3.tgz 0ms (cache hit)
1013 http cache on-finished@https://registry.npmjs.org/on-finished/-/on-finished-2.4.1.tgz 0ms (cache hit)
1014 http cache babel-plugin-syntax-hermes-parser@https://registry.npmjs.org/babel-plugin-syntax-hermes-parser/-/babel-plugin-syntax-hermes-parser-0.23.1.tgz 0ms (cache hit)
1015 http cache ws@https://registry.npmjs.org/ws/-/ws-7.5.13.tgz 0ms (cache hit)
1016 http cache encodeurl@https://registry.npmjs.org/encodeurl/-/encodeurl-2.0.0.tgz 0ms (cache hit)
1017 http cache ansi-styles@https://registry.npmjs.org/ansi-styles/-/ansi-styles-5.2.0.tgz 0ms (cache hit)
1018 http cache debug@https://registry.npmjs.org/debug/-/debug-2.6.9.tgz 0ms (cache hit)
1019 http cache @react-native/normalize-colors@https://registry.npmjs.org/@react-native/normalize-colors/-/normalize-colors-0.76.5.tgz 0ms (cache hit)
1020 http cache react-is@https://registry.npmjs.org/react-is/-/react-is-16.13.1.tgz 0ms (cache hit)
1021 http cache path-exists@https://registry.npmjs.org/path-exists/-/path-exists-3.0.0.tgz 0ms (cache hit)
1022 http cache xmlbuilder@https://registry.npmjs.org/xmlbuilder/-/xmlbuilder-15.1.1.tgz 0ms (cache hit)
1023 http cache react-is@https://registry.npmjs.org/react-is/-/react-is-18.3.1.tgz 0ms (cache hit)
1024 http cache @xmldom/xmldom@https://registry.npmjs.org/@xmldom/xmldom/-/xmldom-0.9.10.tgz 0ms (cache hit)
1025 http cache @react-native/codegen@https://registry.npmjs.org/@react-native/codegen/-/codegen-0.76.5.tgz 0ms (cache hit)
1026 http cache p-locate@https://registry.npmjs.org/p-locate/-/p-locate-3.0.0.tgz 1ms (cache hit)
1027 http cache supports-color@https://registry.npmjs.org/supports-color/-/supports-color-5.5.0.tgz 0ms (cache hit)
1028 http cache lru-cache@https://registry.npmjs.org/lru-cache/-/lru-cache-10.4.3.tgz 0ms (cache hit)
1029 http cache p-limit@https://registry.npmjs.org/p-limit/-/p-limit-2.3.0.tgz 0ms (cache hit)
1030 http cache locate-path@https://registry.npmjs.org/locate-path/-/locate-path-3.0.0.tgz 0ms (cache hit)
1031 http cache strip-ansi@https://registry.npmjs.org/strip-ansi/-/strip-ansi-5.2.0.tgz 0ms (cache hit)
1032 http cache has-flag@https://registry.npmjs.org/has-flag/-/has-flag-3.0.0.tgz 0ms (cache hit)
1033 http cache find-up@https://registry.npmjs.org/find-up/-/find-up-3.0.0.tgz 0ms (cache hit)
1034 http cache escape-string-regexp@https://registry.npmjs.org/escape-string-regexp/-/escape-string-regexp-1.0.5.tgz 0ms (cache hit)
1035 http cache color-convert@https://registry.npmjs.org/color-convert/-/color-convert-1.9.3.tgz 0ms (cache hit)
1036 http cache path-key@https://registry.npmjs.org/path-key/-/path-key-2.0.1.tgz 0ms (cache hit)
1037 http cache chalk@https://registry.npmjs.org/chalk/-/chalk-2.4.2.tgz 0ms (cache hit)
1038 http cache color-name@https://registry.npmjs.org/color-name/-/color-name-1.1.3.tgz 0ms (cache hit)
1039 http cache semver@https://registry.npmjs.org/semver/-/semver-7.8.5.tgz 0ms (cache hit)
1040 http cache minipass@https://registry.npmjs.org/minipass/-/minipass-3.3.6.tgz 0ms (cache hit)
1041 http cache ansi-styles@https://registry.npmjs.org/ansi-styles/-/ansi-styles-3.2.1.tgz 0ms (cache hit)
1042 http cache yallist@https://registry.npmjs.org/yallist/-/yallist-4.0.0.tgz 0ms (cache hit)
1043 http cache ansi-regex@https://registry.npmjs.org/ansi-regex/-/ansi-regex-4.1.1.tgz 0ms (cache hit)
1044 http cache yallist@https://registry.npmjs.org/yallist/-/yallist-4.0.0.tgz 0ms (cache hit)
1045 http cache minipass@https://registry.npmjs.org/minipass/-/minipass-3.3.6.tgz 0ms (cache hit)
1046 http cache picomatch@https://registry.npmjs.org/picomatch/-/picomatch-2.3.2.tgz 0ms (cache hit)
1047 http cache debug@https://registry.npmjs.org/debug/-/debug-2.6.9.tgz 0ms (cache hit)
1048 http cache ms@https://registry.npmjs.org/ms/-/ms-2.0.0.tgz 0ms (cache hit)
1049 http cache minipass@https://registry.npmjs.org/minipass/-/minipass-3.3.6.tgz 0ms (cache hit)
1050 http cache yallist@https://registry.npmjs.org/yallist/-/yallist-4.0.0.tgz 0ms (cache hit)
1051 http cache mime-db@https://registry.npmjs.org/mime-db/-/mime-db-1.52.0.tgz 0ms (cache hit)
1052 http cache ms@https://registry.npmjs.org/ms/-/ms-2.0.0.tgz 0ms (cache hit)
1053 http cache semver@https://registry.npmjs.org/semver/-/semver-5.7.2.tgz 0ms (cache hit)
1054 http cache hermes-parser@https://registry.npmjs.org/hermes-parser/-/hermes-parser-0.25.1.tgz 0ms (cache hit)
1055 http cache hermes-parser@https://registry.npmjs.org/hermes-parser/-/hermes-parser-0.25.1.tgz 0ms (cache hit)
1056 http cache lru-cache@https://registry.npmjs.org/lru-cache/-/lru-cache-11.5.2.tgz 0ms (cache hit)
1057 http cache ws@https://registry.npmjs.org/ws/-/ws-7.5.13.tgz 0ms (cache hit)
1058 http cache hermes-estree@https://registry.npmjs.org/hermes-estree/-/hermes-estree-0.25.1.tgz 0ms (cache hit)
1059 http cache supports-color@https://registry.npmjs.org/supports-color/-/supports-color-5.5.0.tgz 0ms (cache hit)
1060 http cache hermes-estree@https://registry.npmjs.org/hermes-estree/-/hermes-estree-0.25.1.tgz 0ms (cache hit)
1061 http cache has-flag@https://registry.npmjs.org/has-flag/-/has-flag-3.0.0.tgz 0ms (cache hit)
1062 http cache debug@https://registry.npmjs.org/debug/-/debug-2.6.9.tgz 0ms (cache hit)
1063 http cache ci-info@https://registry.npmjs.org/ci-info/-/ci-info-2.0.0.tgz 0ms (cache hit)
1064 http cache escape-string-regexp@https://registry.npmjs.org/escape-string-regexp/-/escape-string-regexp-1.0.5.tgz 0ms (cache hit)
1065 http cache debug@https://registry.npmjs.org/debug/-/debug-2.6.9.tgz 0ms (cache hit)
1066 http cache ms@https://registry.npmjs.org/ms/-/ms-2.0.0.tgz 0ms (cache hit)
1067 http cache ansi-styles@https://registry.npmjs.org/ansi-styles/-/ansi-styles-3.2.1.tgz 0ms (cache hit)
1068 http cache color-name@https://registry.npmjs.org/color-name/-/color-name-1.1.3.tgz 0ms (cache hit)
1069 http cache color-convert@https://registry.npmjs.org/color-convert/-/color-convert-1.9.3.tgz 0ms (cache hit)
1070 http cache lru-cache@https://registry.npmjs.org/lru-cache/-/lru-cache-11.5.2.tgz 0ms (cache hit)
1071 http cache resolve-from@https://registry.npmjs.org/resolve-from/-/resolve-from-3.0.0.tgz 0ms (cache hit)
1072 http cache semver@https://registry.npmjs.org/semver/-/semver-7.8.5.tgz 0ms (cache hit)
1073 http cache camelcase@https://registry.npmjs.org/camelcase/-/camelcase-6.3.0.tgz 0ms (cache hit)
1074 http cache supports-color@https://registry.npmjs.org/supports-color/-/supports-color-8.1.1.tgz 0ms (cache hit)
1075 http cache picomatch@https://registry.npmjs.org/picomatch/-/picomatch-2.3.2.tgz 0ms (cache hit)
1076 http cache agent-base@https://registry.npmjs.org/agent-base/-/agent-base-6.0.2.tgz 0ms (cache hit)
1077 http cache jose@https://registry.npmjs.org/jose/-/jose-4.15.9.tgz 0ms (cache hit)
1078 http cache statuses@https://registry.npmjs.org/statuses/-/statuses-2.0.2.tgz 0ms (cache hit)
1079 http cache lru-cache@https://registry.npmjs.org/lru-cache/-/lru-cache-10.4.3.tgz 0ms (cache hit)
1080 http cache teeny-request@https://registry.npmjs.org/teeny-request/-/teeny-request-10.1.4.tgz 0ms (cache hit)
1081 http cache rimraf@https://registry.npmjs.org/rimraf/-/rimraf-5.0.10.tgz 0ms (cache hit)
1082 http cache retry-request@https://registry.npmjs.org/retry-request/-/retry-request-8.0.4.tgz 0ms (cache hit)
1083 http cache http-proxy-agent@https://registry.npmjs.org/http-proxy-agent/-/http-proxy-agent-7.0.2.tgz 0ms (cache hit)
1084 http cache @grpc/grpc-js@https://registry.npmjs.org/@grpc/grpc-js/-/grpc-js-1.14.4.tgz 0ms (cache hit)
1085 http cache node-fetch@https://registry.npmjs.org/node-fetch/-/node-fetch-3.3.2.tgz 0ms (cache hit)
1086 http cache node-fetch@https://registry.npmjs.org/node-fetch/-/node-fetch-3.3.2.tgz 0ms (cache hit)
1087 http cache gaxios@https://registry.npmjs.org/gaxios/-/gaxios-7.3.0.tgz 0ms (cache hit)
1088 http cache gtoken@https://registry.npmjs.org/gtoken/-/gtoken-8.0.0.tgz 0ms (cache hit)
1089 http cache gaxios@https://registry.npmjs.org/gaxios/-/gaxios-7.3.0.tgz 0ms (cache hit)
1090 http cache google-auth-library@https://registry.npmjs.org/google-auth-library/-/google-auth-library-10.5.0.tgz 0ms (cache hit)
1091 http cache brace-expansion@https://registry.npmjs.org/brace-expansion/-/brace-expansion-2.1.3.tgz 0ms (cache hit)
1092 http cache @firebase/util@https://registry.npmjs.org/@firebase/util/-/util-1.15.2.tgz 0ms (cache hit)
1093 http cache @grpc/proto-loader@https://registry.npmjs.org/@grpc/proto-loader/-/proto-loader-0.8.1.tgz 0ms (cache hit)
1094 http cache gaxios@https://registry.npmjs.org/gaxios/-/gaxios-7.3.0.tgz 0ms (cache hit)
1095 http cache minimatch@https://registry.npmjs.org/minimatch/-/minimatch-9.0.9.tgz 0ms (cache hit)
1096 http cache node-fetch@https://registry.npmjs.org/node-fetch/-/node-fetch-3.3.2.tgz 0ms (cache hit)
1097 http cache uuid@https://registry.npmjs.org/uuid/-/uuid-9.0.1.tgz 0ms (cache hit)
1098 http cache is-stream@https://registry.npmjs.org/is-stream/-/is-stream-2.0.1.tgz 0ms (cache hit)
1099 http cache @firebase/logger@https://registry.npmjs.org/@firebase/logger/-/logger-0.5.1.tgz 0ms (cache hit)
1100 http cache @firebase/database-types@https://registry.npmjs.org/@firebase/database-types/-/database-types-1.0.21.tgz 0ms (cache hit)
1101 http cache @firebase/database-compat@https://registry.npmjs.org/@firebase/database-compat/-/database-compat-2.1.5.tgz 0ms (cache hit)
1102 http cache @firebase/component@https://registry.npmjs.org/@firebase/component/-/component-0.7.4.tgz 0ms (cache hit)
1103 http cache @firebase/app-types@https://registry.npmjs.org/@firebase/app-types/-/app-types-0.9.5.tgz 0ms (cache hit)
1104 http cache universalify@https://registry.npmjs.org/universalify/-/universalify-2.0.1.tgz 0ms (cache hit)
1105 http cache debug@https://registry.npmjs.org/debug/-/debug-2.6.9.tgz 0ms (cache hit)
1106 http cache ms@https://registry.npmjs.org/ms/-/ms-2.0.0.tgz 0ms (cache hit)
1107 http cache jsonfile@https://registry.npmjs.org/jsonfile/-/jsonfile-6.2.1.tgz 0ms (cache hit)
1108 http cache semver@https://registry.npmjs.org/semver/-/semver-7.6.3.tgz 0ms (cache hit)
1109 http cache @firebase/database@https://registry.npmjs.org/@firebase/database/-/database-1.1.4.tgz 0ms (cache hit)
1110 http cache expo-keep-awake@https://registry.npmjs.org/expo-keep-awake/-/expo-keep-awake-14.0.3.tgz 0ms (cache hit)
1111 http cache @firebase/auth-interop-types@https://registry.npmjs.org/@firebase/auth-interop-types/-/auth-interop-types-0.2.5.tgz 0ms (cache hit)
1112 http cache @firebase/app-check-interop-types@https://registry.npmjs.org/@firebase/app-check-interop-types/-/app-check-interop-types-0.3.4.tgz 0ms (cache hit)
1113 http cache fs-extra@https://registry.npmjs.org/fs-extra/-/fs-extra-9.1.0.tgz 0ms (cache hit)
1114 http cache signal-exit@https://registry.npmjs.org/signal-exit/-/signal-exit-3.0.7.tgz 0ms (cache hit)
1115 http cache expo-file-system@https://registry.npmjs.org/expo-file-system/-/expo-file-system-18.0.12.tgz 0ms (cache hit)
1116 http cache shebang-regex@https://registry.npmjs.org/shebang-regex/-/shebang-regex-1.0.0.tgz 0ms (cache hit)
1117 http cache which@https://registry.npmjs.org/which/-/which-1.3.1.tgz 0ms (cache hit)
1118 http cache signal-exit@https://registry.npmjs.org/signal-exit/-/signal-exit-4.0.2.tgz 0ms (cache hit)
1119 http cache shebang-command@https://registry.npmjs.org/shebang-command/-/shebang-command-1.2.0.tgz 0ms (cache hit)
1120 http cache semver@https://registry.npmjs.org/semver/-/semver-5.7.2.tgz 0ms (cache hit)
1121 http cache path-key@https://registry.npmjs.org/path-key/-/path-key-2.0.1.tgz 0ms (cache hit)
1122 http cache js-yaml@https://registry.npmjs.org/js-yaml/-/js-yaml-3.15.0.tgz 0ms (cache hit)
1123 http cache picocolors@https://registry.npmjs.org/picocolors/-/picocolors-1.0.0.tgz 0ms (cache hit)
1124 http cache async-listen@https://registry.npmjs.org/async-listen/-/async-listen-3.0.1.tgz 1ms (cache hit)
1125 http cache cross-spawn@https://registry.npmjs.org/cross-spawn/-/cross-spawn-6.0.6.tgz 0ms (cache hit)
1126 http cache argparse@https://registry.npmjs.org/argparse/-/argparse-1.0.10.tgz 0ms (cache hit)
1127 http cache debug@https://registry.npmjs.org/debug/-/debug-2.6.9.tgz 0ms (cache hit)
1128 http cache ms@https://registry.npmjs.org/ms/-/ms-2.0.0.tgz 0ms (cache hit)
1129 http cache strip-ansi@https://registry.npmjs.org/strip-ansi/-/strip-ansi-6.0.1.tgz 0ms (cache hit)
1130 http cache ms@https://registry.npmjs.org/ms/-/ms-2.0.0.tgz 0ms (cache hit)
1131 http cache string-width@https://registry.npmjs.org/string-width/-/string-width-4.2.3.tgz 0ms (cache hit)
1132 http cache chalk@https://registry.npmjs.org/chalk/-/chalk-2.4.2.tgz 0ms (cache hit)
1133 http cache mkdirp@https://registry.npmjs.org/mkdirp/-/mkdirp-1.0.4.tgz 0ms (cache hit)
1134 http cache emoji-regex@https://registry.npmjs.org/emoji-regex/-/emoji-regex-8.0.0.tgz 0ms (cache hit)
1135 http cache debug@https://registry.npmjs.org/debug/-/debug-2.6.9.tgz 0ms (cache hit)
1136 http cache open@https://registry.npmjs.org/open/-/open-8.4.2.tgz 0ms (cache hit)
1137 http cache negotiator@https://registry.npmjs.org/negotiator/-/negotiator-0.6.4.tgz 0ms (cache hit)
1138 http cache lru-cache@https://registry.npmjs.org/lru-cache/-/lru-cache-10.4.3.tgz 0ms (cache hit)
1139 http cache type-fest@https://registry.npmjs.org/type-fest/-/type-fest-0.21.3.tgz 0ms (cache hit)
1140 http cache picomatch@https://registry.npmjs.org/picomatch/-/picomatch-2.3.2.tgz 0ms (cache hit)
1141 http cache hermes-estree@https://registry.npmjs.org/hermes-estree/-/hermes-estree-0.25.1.tgz 0ms (cache hit)
1142 http cache ajv@https://registry.npmjs.org/ajv/-/ajv-8.6.3.tgz 0ms (cache hit)
1143 http cache hermes-parser@https://registry.npmjs.org/hermes-parser/-/hermes-parser-0.25.1.tgz 0ms (cache hit)
1144 http cache minimatch@https://registry.npmjs.org/minimatch/-/minimatch-10.1.1.tgz 0ms (cache hit)
1145 http cache jsonfile@https://registry.npmjs.org/jsonfile/-/jsonfile-6.2.1.tgz 0ms (cache hit)
1146 http cache universalify@https://registry.npmjs.org/universalify/-/universalify-2.0.1.tgz 0ms (cache hit)
1147 http cache fs-extra@https://registry.npmjs.org/fs-extra/-/fs-extra-11.1.1.tgz 0ms (cache hit)
1148 http cache undici-types@https://registry.npmjs.org/undici-types/-/undici-types-5.26.5.tgz 0ms (cache hit)
1149 http cache js-yaml@https://registry.npmjs.org/js-yaml/-/js-yaml-4.1.1.tgz 0ms (cache hit)
1150 http cache picomatch@https://registry.npmjs.org/picomatch/-/picomatch-4.0.5.tgz 0ms (cache hit)
1151 http cache @types/node@https://registry.npmjs.org/@types/node/-/node-20.11.0.tgz 0ms (cache hit)
1152 http cache lru-cache@https://registry.npmjs.org/lru-cache/-/lru-cache-11.5.2.tgz 0ms (cache hit)
1153 http cache undici@https://registry.npmjs.org/undici/-/undici-5.28.4.tgz 0ms (cache hit)
1154 http cache typescript@https://registry.npmjs.org/typescript/-/typescript-5.9.3.tgz 0ms (cache hit)
1155 http cache node-fetch@https://registry.npmjs.org/node-fetch/-/node-fetch-2.6.9.tgz 0ms (cache hit)
1156 http cache path-scurry@https://registry.npmjs.org/path-scurry/-/path-scurry-2.0.2.tgz 0ms (cache hit)
1157 http cache @fastify/busboy@https://registry.npmjs.org/@fastify/busboy/-/busboy-2.1.1.tgz 0ms (cache hit)
1158 http cache brace-expansion@https://registry.npmjs.org/brace-expansion/-/brace-expansion-5.0.9.tgz 0ms (cache hit)
1159 http cache form-data@https://registry.npmjs.org/form-data/-/form-data-2.5.6.tgz 0ms (cache hit)
1160 http cache es-module-lexer@https://registry.npmjs.org/es-module-lexer/-/es-module-lexer-1.5.0.tgz 0ms (cache hit)
1161 http cache picomatch@https://registry.npmjs.org/picomatch/-/picomatch-4.0.5.tgz 0ms (cache hit)
1162 http cache ws@https://registry.npmjs.org/ws/-/ws-6.2.6.tgz 0ms (cache hit)
1163 http cache mkdirp@https://registry.npmjs.org/mkdirp/-/mkdirp-1.0.4.tgz 0ms (cache hit)
1164 http cache glob@https://registry.npmjs.org/glob/-/glob-13.0.6.tgz 0ms (cache hit)
1165 http cache @react-native/codegen@https://registry.npmjs.org/@react-native/codegen/-/codegen-0.76.5.tgz 0ms (cache hit)
1166 http cache glob@https://registry.npmjs.org/glob/-/glob-7.2.3.tgz 0ms (cache hit)
1167 http cache balanced-match@https://registry.npmjs.org/balanced-match/-/balanced-match-4.0.4.tgz 0ms (cache hit)
1168 http cache minimatch@https://registry.npmjs.org/minimatch/-/minimatch-10.2.6.tgz 0ms (cache hit)
1169 http cache @react-native/babel-preset@https://registry.npmjs.org/@react-native/babel-preset/-/babel-preset-0.76.5.tgz 0ms (cache hit)
1170 http cache ws@https://registry.npmjs.org/ws/-/ws-6.2.6.tgz 0ms (cache hit)
1171 http cache debug@https://registry.npmjs.org/debug/-/debug-2.6.9.tgz 0ms (cache hit)
1172 http cache @react-native/babel-plugin-codegen@https://registry.npmjs.org/@react-native/babel-plugin-codegen/-/babel-plugin-codegen-0.76.5.tgz 0ms (cache hit)
1173 http cache signal-exit@https://registry.npmjs.org/signal-exit/-/signal-exit-3.0.7.tgz 0ms (cache hit)
1174 http cache ms@https://registry.npmjs.org/ms/-/ms-2.0.0.tgz 0ms (cache hit)
1175 http cache npm-run-path@https://registry.npmjs.org/npm-run-path/-/npm-run-path-4.0.1.tgz 0ms (cache hit)
1176 http cache semver@https://registry.npmjs.org/semver/-/semver-7.8.5.tgz 0ms (cache hit)
1177 http cache onetime@https://registry.npmjs.org/onetime/-/onetime-5.1.2.tgz 0ms (cache hit)
1178 http cache ms@https://registry.npmjs.org/ms/-/ms-2.0.0.tgz 0ms (cache hit)
1179 http cache mimic-fn@https://registry.npmjs.org/mimic-fn/-/mimic-fn-2.1.0.tgz 0ms (cache hit)
1180 http cache execa@https://registry.npmjs.org/execa/-/execa-5.1.1.tgz 0ms (cache hit)
1181 http cache get-stream@https://registry.npmjs.org/get-stream/-/get-stream-6.0.1.tgz 0ms (cache hit)
1182 http cache glob@https://registry.npmjs.org/glob/-/glob-7.2.3.tgz 0ms (cache hit)
1183 http cache debug@https://registry.npmjs.org/debug/-/debug-2.6.9.tgz 0ms (cache hit)
1184 http cache is-stream@https://registry.npmjs.org/is-stream/-/is-stream-2.0.1.tgz 0ms (cache hit)
1185 http cache @react-native/dev-middleware@https://registry.npmjs.org/@react-native/dev-middleware/-/dev-middleware-0.76.5.tgz 0ms (cache hit)
1186 http cache semver@https://registry.npmjs.org/semver/-/semver-7.8.5.tgz 0ms (cache hit)
1187 http cache @react-native/debugger-frontend@https://registry.npmjs.org/@react-native/debugger-frontend/-/debugger-frontend-0.76.5.tgz 0ms (cache hit)
1188 http cache tar@https://registry.npmjs.org/tar/-/tar-7.5.22.tgz 0ms (cache hit)
1189 http cache semver@https://registry.npmjs.org/semver/-/semver-7.8.5.tgz 0ms (cache hit)
1190 http cache p-locate@https://registry.npmjs.org/p-locate/-/p-locate-4.1.0.tgz 0ms (cache hit)
1191 http cache minizlib@https://registry.npmjs.org/minizlib/-/minizlib-3.1.0.tgz 0ms (cache hit)
1192 http cache write-file-atomic@https://registry.npmjs.org/write-file-atomic/-/write-file-atomic-4.0.2.tgz 0ms (cache hit)
1193 http cache yallist@https://registry.npmjs.org/yallist/-/yallist-5.0.0.tgz 0ms (cache hit)
1194 http cache chownr@https://registry.npmjs.org/chownr/-/chownr-3.0.0.tgz 0ms (cache hit)
1195 http cache detect-libc@https://registry.npmjs.org/detect-libc/-/detect-libc-2.1.2.tgz 0ms (cache hit)
1196 http cache signal-exit@https://registry.npmjs.org/signal-exit/-/signal-exit-3.0.7.tgz 0ms (cache hit)
1197 http cache locate-path@https://registry.npmjs.org/locate-path/-/locate-path-5.0.0.tgz 0ms (cache hit)
1198 http cache p-limit@https://registry.npmjs.org/p-limit/-/p-limit-2.3.0.tgz 0ms (cache hit)
1199 http cache find-up@https://registry.npmjs.org/find-up/-/find-up-4.1.0.tgz 0ms (cache hit)
1200 http cache js-yaml@https://registry.npmjs.org/js-yaml/-/js-yaml-3.15.0.tgz 0ms (cache hit)
1201 http cache wrap-ansi@https://registry.npmjs.org/wrap-ansi/-/wrap-ansi-8.1.0.tgz 0ms (cache hit)
1202 http cache ansi-styles@https://registry.npmjs.org/ansi-styles/-/ansi-styles-6.2.3.tgz 0ms (cache hit)
1203 http cache argparse@https://registry.npmjs.org/argparse/-/argparse-1.0.10.tgz 0ms (cache hit)
1204 http cache google-logging-utils@https://registry.npmjs.org/google-logging-utils/-/google-logging-utils-0.0.2.tgz 0ms (cache hit)
1205 http cache undici@https://registry.npmjs.org/undici/-/undici-6.19.7.tgz 0ms (cache hit)
1206 http cache mime@https://registry.npmjs.org/mime/-/mime-3.0.0.tgz 0ms (cache hit)
1207 http cache google-auth-library@https://registry.npmjs.org/google-auth-library/-/google-auth-library-9.15.1.tgz 0ms (cache hit)
1208 http cache undici@https://registry.npmjs.org/undici/-/undici-6.19.7.tgz 0ms (cache hit)
1209 http cache undici@https://registry.npmjs.org/undici/-/undici-6.19.7.tgz 0ms (cache hit)
1210 http cache undici@https://registry.npmjs.org/undici/-/undici-6.19.7.tgz 0ms (cache hit)
1211 http cache undici@https://registry.npmjs.org/undici/-/undici-6.19.7.tgz 0ms (cache hit)
1212 http cache gcp-metadata@https://registry.npmjs.org/gcp-metadata/-/gcp-metadata-6.1.1.tgz 0ms (cache hit)
1213 http cache universalify@https://registry.npmjs.org/universalify/-/universalify-2.0.1.tgz 0ms (cache hit)
1214 http cache @expo/json-file@https://registry.npmjs.org/@expo/json-file/-/json-file-11.0.1.tgz 0ms (cache hit)
1215 http cache jsonfile@https://registry.npmjs.org/jsonfile/-/jsonfile-6.2.1.tgz 0ms (cache hit)
1216 http cache universalify@https://registry.npmjs.org/universalify/-/universalify-2.0.1.tgz 0ms (cache hit)
1217 http cache fs-extra@https://registry.npmjs.org/fs-extra/-/fs-extra-9.1.0.tgz 0ms (cache hit)
1218 http cache @babel/code-frame@https://registry.npmjs.org/@babel/code-frame/-/code-frame-7.10.4.tgz 0ms (cache hit)
1219 http cache fs-extra@https://registry.npmjs.org/fs-extra/-/fs-extra-9.1.0.tgz 0ms (cache hit)
1220 http cache jsonfile@https://registry.npmjs.org/jsonfile/-/jsonfile-6.2.1.tgz 0ms (cache hit)
1221 http cache @expo/json-file@https://registry.npmjs.org/@expo/json-file/-/json-file-9.0.2.tgz 0ms (cache hit)
1222 http cache semver@https://registry.npmjs.org/semver/-/semver-7.8.5.tgz 0ms (cache hit)
1223 http cache @babel/code-frame@https://registry.npmjs.org/@babel/code-frame/-/code-frame-7.10.4.tgz 0ms (cache hit)
1224 http cache semver@https://registry.npmjs.org/semver/-/semver-7.8.5.tgz 0ms (cache hit)
1225 http cache semver@https://registry.npmjs.org/semver/-/semver-7.8.5.tgz 0ms (cache hit)
1226 http cache universalify@https://registry.npmjs.org/universalify/-/universalify-1.0.0.tgz 0ms (cache hit)
1227 http cache @expo/json-file@https://registry.npmjs.org/@expo/json-file/-/json-file-9.0.2.tgz 0ms (cache hit)
1228 http cache debug@https://registry.npmjs.org/debug/-/debug-3.2.7.tgz 0ms (cache hit)
1229 http cache semver@https://registry.npmjs.org/semver/-/semver-7.8.5.tgz 0ms (cache hit)
1230 http cache universalify@https://registry.npmjs.org/universalify/-/universalify-2.0.1.tgz 0ms (cache hit)
1231 http cache @babel/code-frame@https://registry.npmjs.org/@babel/code-frame/-/code-frame-7.10.4.tgz 0ms (cache hit)
1232 http cache babel-plugin-polyfill-corejs3@https://registry.npmjs.org/babel-plugin-polyfill-corejs3/-/babel-plugin-polyfill-corejs3-0.14.2.tgz 0ms (cache hit)
1233 http cache semver@https://registry.npmjs.org/semver/-/semver-7.8.5.tgz 0ms (cache hit)
1234 http cache supports-color@https://registry.npmjs.org/supports-color/-/supports-color-5.5.0.tgz 0ms (cache hit)
1235 http cache has-flag@https://registry.npmjs.org/has-flag/-/has-flag-3.0.0.tgz 0ms (cache hit)
1236 http cache color-convert@https://registry.npmjs.org/color-convert/-/color-convert-1.9.3.tgz 0ms (cache hit)
1237 http cache @babel/code-frame@https://registry.npmjs.org/@babel/code-frame/-/code-frame-7.10.4.tgz 0ms (cache hit)
1238 http cache semver@https://registry.npmjs.org/semver/-/semver-7.8.5.tgz 0ms (cache hit)
1239 http cache chalk@https://registry.npmjs.org/chalk/-/chalk-2.4.2.tgz 1ms (cache hit)
1240 http cache color-name@https://registry.npmjs.org/color-name/-/color-name-1.1.3.tgz 0ms (cache hit)
1241 http cache fs-extra@https://registry.npmjs.org/fs-extra/-/fs-extra-9.0.0.tgz 0ms (cache hit)
1242 http cache jsonfile@https://registry.npmjs.org/jsonfile/-/jsonfile-6.2.1.tgz 0ms (cache hit)
1243 http cache ansi-styles@https://registry.npmjs.org/ansi-styles/-/ansi-styles-3.2.1.tgz 0ms (cache hit)
1244 http cache escape-string-regexp@https://registry.npmjs.org/escape-string-regexp/-/escape-string-regexp-1.0.5.tgz 0ms (cache hit)
1245 warn deprecated inflight@1.0.6: This module is not supported, and leaks memory. Do not use it. Check out lru-cache if you want a good and tested way to coalesce async requests by a key value, which is much more comprehensive and powerful.
1246 warn deprecated @babel/plugin-proposal-nullish-coalescing-operator@7.18.6: This proposal has been merged to the ECMAScript standard and thus this plugin is no longer maintained. Please use @babel/plugin-transform-nullish-coalescing-operator instead.
1247 warn deprecated @babel/plugin-proposal-class-properties@7.18.6: This proposal has been merged to the ECMAScript standard and thus this plugin is no longer maintained. Please use @babel/plugin-transform-class-properties instead.
1248 warn deprecated rimraf@2.6.3: Rimraf versions prior to v4 are no longer supported
1249 warn deprecated rimraf@3.0.2: Rimraf versions prior to v4 are no longer supported
1250 warn deprecated @babel/plugin-proposal-optional-chaining@7.21.0: This proposal has been merged to the ECMAScript standard and thus this plugin is no longer maintained. Please use @babel/plugin-transform-optional-chaining instead.
1251 warn deprecated glob@7.2.3: Old versions of glob are not supported, and contain widely publicized security vulnerabilities, which have been fixed in the current version. Please update. Support for old versions may be purchased (at exorbitant rates) by contacting i@izs.me
1252 warn deprecated glob@7.2.3: Old versions of glob are not supported, and contain widely publicized security vulnerabilities, which have been fixed in the current version. Please update. Support for old versions may be purchased (at exorbitant rates) by contacting i@izs.me
1253 warn deprecated glob@7.2.3: Old versions of glob are not supported, and contain widely publicized security vulnerabilities, which have been fixed in the current version. Please update. Support for old versions may be purchased (at exorbitant rates) by contacting i@izs.me
1254 warn deprecated glob@7.2.3: Old versions of glob are not supported, and contain widely publicized security vulnerabilities, which have been fixed in the current version. Please update. Support for old versions may be purchased (at exorbitant rates) by contacting i@izs.me
1255 warn deprecated glob@7.2.3: Old versions of glob are not supported, and contain widely publicized security vulnerabilities, which have been fixed in the current version. Please update. Support for old versions may be purchased (at exorbitant rates) by contacting i@izs.me
1256 warn deprecated glob@7.2.3: Old versions of glob are not supported, and contain widely publicized security vulnerabilities, which have been fixed in the current version. Please update. Support for old versions may be purchased (at exorbitant rates) by contacting i@izs.me
1257 warn deprecated @xmldom/xmldom@0.7.13: this version has critical issues, please update to the latest version
1258 warn deprecated tar@6.2.1: Old versions of tar are not supported, and contain widely publicized security vulnerabilities, which have been fixed in the current version. Please update. Support for old versions may be purchased (at exorbitant rates) by contacting i@izs.me
1259 warn deprecated node-domexception@1.0.0: Use your platform's native DOMException instead
1260 warn deprecated uuid@7.0.3: uuid@10 and below is no longer supported.  For ESM codebases, update to uuid@latest.  For CommonJS codebases, use uuid@11 (but be aware this version will likely be deprecated in 2028).
1261 warn deprecated uuid@8.3.2: uuid@10 and below is no longer supported.  For ESM codebases, update to uuid@latest.  For CommonJS codebases, use uuid@11 (but be aware this version will likely be deprecated in 2028).
1262 warn deprecated glob@10.5.0: Old versions of glob are not supported, and contain widely publicized security vulnerabilities, which have been fixed in the current version. Please update. Support for old versions may be purchased (at exorbitant rates) by contacting i@izs.me
1263 warn deprecated uuid@9.0.1: uuid@10 and below is no longer supported.  For ESM codebases, update to uuid@latest.  For CommonJS codebases, use uuid@11 (but be aware this version will likely be deprecated in 2028).
1264 warn deprecated uuid@9.0.1: uuid@10 and below is no longer supported.  For ESM codebases, update to uuid@latest.  For CommonJS codebases, use uuid@11 (but be aware this version will likely be deprecated in 2028).
1265 silly ADD node_modules/zod
1266 silly ADD node_modules/yocto-queue
1267 silly ADD node_modules/yargs-parser
1268 silly ADD node_modules/yargs
1269 silly ADD node_modules/yargs/node_modules/strip-ansi
1270 silly ADD node_modules/yargs/node_modules/string-width
1271 silly ADD node_modules/yargs/node_modules/emoji-regex
1272 silly ADD node_modules/yallist
1273 silly ADD node_modules/y18n
1274 silly ADD node_modules/xmlbuilder
1275 silly ADD node_modules/xml2js
1276 silly ADD node_modules/xml2js/node_modules/xmlbuilder
1277 silly ADD node_modules/xml-naming
1278 silly ADD node_modules/xcode
1279 silly ADD node_modules/xcode/node_modules/uuid
1280 silly ADD node_modules/ws
1281 silly ADD node_modules/write-file-atomic
1282 silly ADD node_modules/write-file-atomic/node_modules/signal-exit
1283 silly ADD node_modules/wrappy
1284 silly ADD node_modules/wrap-ansi-cjs
1285 silly ADD node_modules/wrap-ansi-cjs/node_modules/strip-ansi
1286 silly ADD node_modules/wrap-ansi-cjs/node_modules/string-width
1287 silly ADD node_modules/wrap-ansi-cjs/node_modules/emoji-regex
1288 silly ADD node_modules/wrap-ansi
1289 silly ADD node_modules/wrap-ansi/node_modules/strip-ansi
1290 silly ADD node_modules/wrap-ansi/node_modules/string-width
1291 silly ADD node_modules/wrap-ansi/node_modules/emoji-regex
1292 silly ADD node_modules/wonka
1293 silly ADD node_modules/which
1294 silly ADD node_modules/whatwg-url-without-unicode
1295 silly ADD node_modules/whatwg-url-without-unicode/node_modules/webidl-conversions
1296 silly ADD node_modules/whatwg-url
1297 silly ADD node_modules/whatwg-fetch
1298 silly ADD node_modules/websocket-extensions
1299 silly ADD node_modules/websocket-driver
1300 silly ADD node_modules/webidl-conversions
1301 silly ADD node_modules/web-streams-polyfill
1302 silly ADD node_modules/wcwidth
1303 silly ADD node_modules/warn-once
1304 silly ADD node_modules/walker
1305 silly ADD node_modules/vlq
1306 silly ADD node_modules/vary
1307 silly ADD node_modules/validate-npm-package-name
1308 silly ADD node_modules/uuid
1309 silly ADD node_modules/utils-merge
1310 silly ADD node_modules/util-deprecate
1311 silly ADD node_modules/use-sync-external-store
1312 silly ADD node_modules/use-latest-callback
1313 silly ADD node_modules/uri-js
1314 silly ADD node_modules/update-browserslist-db
1315 silly ADD node_modules/unpipe
1316 silly ADD node_modules/universalify
1317 silly ADD node_modules/unique-string
1318 silly ADD node_modules/unique-slug
1319 silly ADD node_modules/unique-filename
1320 silly ADD node_modules/unicode-property-aliases-ecmascript
1321 silly ADD node_modules/unicode-match-property-value-ecmascript
1322 silly ADD node_modules/unicode-match-property-ecmascript
1323 silly ADD node_modules/unicode-canonical-property-names-ecmascript
1324 silly ADD node_modules/undici-types
1325 silly ADD node_modules/undici
1326 silly ADD node_modules/ua-parser-js
1327 silly ADD node_modules/typescript
1328 silly ADD node_modules/type-fest
1329 silly ADD node_modules/type-detect
1330 silly ADD node_modules/tsx
1331 silly ADD node_modules/tslib
1332 silly ADD node_modules/ts-toolbelt
1333 silly ADD node_modules/ts-morph
1334 silly ADD node_modules/ts-interface-checker
1335 silly ADD node_modules/tr46
1336 silly ADD node_modules/toidentifier
1337 silly ADD node_modules/to-regex-range
1338 silly ADD node_modules/tmpl
1339 silly ADD node_modules/time-span
1340 silly ADD node_modules/throat
1341 silly ADD node_modules/thenify-all
1342 silly ADD node_modules/thenify
1343 silly ADD node_modules/test-exclude
1344 silly ADD node_modules/test-exclude/node_modules/glob
1345 silly ADD node_modules/terser
1346 silly ADD node_modules/terser/node_modules/commander
1347 silly ADD node_modules/terminal-link
1348 silly ADD node_modules/tempy
1349 silly ADD node_modules/tempy/node_modules/type-fest
1350 silly ADD node_modules/tempy/node_modules/is-stream
1351 silly ADD node_modules/temp-dir
1352 silly ADD node_modules/temp
1353 silly ADD node_modules/temp/node_modules/rimraf
1354 silly ADD node_modules/temp/node_modules/glob
1355 silly ADD node_modules/teeny-request
1356 silly ADD node_modules/teeny-request/node_modules/uuid
1357 silly ADD node_modules/teeny-request/node_modules/https-proxy-agent
1358 silly ADD node_modules/teeny-request/node_modules/agent-base
1359 silly ADD node_modules/tar
1360 silly ADD node_modules/tar/node_modules/yallist
1361 silly ADD node_modules/tar/node_modules/mkdirp
1362 silly ADD node_modules/tar/node_modules/minipass
1363 silly ADD node_modules/tar/node_modules/fs-minipass
1364 silly ADD node_modules/tar/node_modules/fs-minipass/node_modules/minipass
1365 silly ADD node_modules/supports-preserve-symlinks-flag
1366 silly ADD node_modules/supports-hyperlinks
1367 silly ADD node_modules/supports-color
1368 silly ADD node_modules/sucrase
1369 silly ADD node_modules/sucrase/node_modules/commander
1370 silly ADD node_modules/styleq
1371 silly ADD node_modules/stubs
1372 silly ADD node_modules/structured-headers
1373 silly ADD node_modules/strnum
1374 silly ADD node_modules/strip-json-comments
1375 silly ADD node_modules/strip-final-newline
1376 silly ADD node_modules/strip-eof
1377 silly ADD node_modules/strip-ansi-cjs
1378 silly ADD node_modules/strip-ansi
1379 silly ADD node_modules/strip-ansi/node_modules/ansi-regex
1380 silly ADD node_modules/string-width-cjs
1381 silly ADD node_modules/string-width-cjs/node_modules/strip-ansi
1382 silly ADD node_modules/string-width-cjs/node_modules/emoji-regex
1383 silly ADD node_modules/string-width
1384 silly ADD node_modules/string_decoder
1385 silly ADD node_modules/strict-uri-encode
1386 silly ADD node_modules/stream-shift
1387 silly ADD node_modules/stream-events
1388 silly ADD node_modules/stream-buffers
1389 silly ADD node_modules/statuses
1390 silly ADD node_modules/standard-navigation
1391 silly ADD node_modules/stacktrace-parser
1392 silly ADD node_modules/stackframe
1393 silly ADD node_modules/stack-utils
1394 silly ADD node_modules/stack-utils/node_modules/escape-string-regexp
1395 silly ADD node_modules/ssri
1396 silly ADD node_modules/sprintf-js
1397 silly ADD node_modules/split-on-first
1398 silly ADD node_modules/source-map-support
1399 silly ADD node_modules/source-map-support/node_modules/source-map
1400 silly ADD node_modules/source-map-js
1401 silly ADD node_modules/source-map
1402 silly ADD node_modules/smol-toml
1403 silly ADD node_modules/slugify
1404 silly ADD node_modules/slash
1405 silly ADD node_modules/sisteransi
1406 silly ADD node_modules/simple-swizzle
1407 silly ADD node_modules/simple-swizzle/node_modules/is-arrayish
1408 silly ADD node_modules/simple-plist
1409 silly ADD node_modules/simple-plist/node_modules/bplist-parser
1410 silly ADD node_modules/simple-plist/node_modules/bplist-creator
1411 silly ADD node_modules/signal-exit
1412 silly ADD node_modules/shell-quote
1413 silly ADD node_modules/shebang-regex
1414 silly ADD node_modules/shebang-command
1415 silly ADD node_modules/shallowequal
1416 silly ADD node_modules/shallow-clone
1417 silly ADD node_modules/sf-symbols-typescript
1418 silly ADD node_modules/setprototypeof
1419 silly ADD node_modules/setimmediate
1420 silly ADD node_modules/server-only
1421 silly ADD node_modules/serve-static
1422 silly ADD node_modules/serve-static/node_modules/encodeurl
1423 silly ADD node_modules/serialize-error
1424 silly ADD node_modules/send
1425 silly ADD node_modules/send/node_modules/statuses
1426 silly ADD node_modules/send/node_modules/on-finished
1427 silly ADD node_modules/send/node_modules/encodeurl
1428 silly ADD node_modules/send/node_modules/debug
1429 silly ADD node_modules/send/node_modules/debug/node_modules/ms
1430 silly ADD node_modules/semver
1431 silly ADD node_modules/selfsigned
1432 silly ADD node_modules/schema-utils
1433 silly ADD node_modules/scheduler
1434 silly ADD node_modules/sax
1435 silly ADD node_modules/safe-buffer
1436 silly ADD node_modules/run-parallel
1437 silly ADD node_modules/rimraf
1438 silly ADD node_modules/rimraf/node_modules/glob
1439 silly ADD node_modules/reusify
1440 silly ADD node_modules/retry-request
1441 silly ADD node_modules/retry
1442 silly ADD node_modules/restore-cursor
1443 silly ADD node_modules/restore-cursor/node_modules/signal-exit
1444 silly ADD node_modules/resolve.exports
1445 silly ADD node_modules/resolve-workspace-root
1446 silly ADD node_modules/resolve-pkg-maps
1447 silly ADD node_modules/resolve-from
1448 silly ADD node_modules/resolve
1449 silly ADD node_modules/requireg
1450 silly ADD node_modules/requireg/node_modules/resolve
1451 silly ADD node_modules/require-from-string
1452 silly ADD node_modules/require-directory
1453 silly ADD node_modules/remove-trailing-slash
1454 silly ADD node_modules/regjsparser
1455 silly ADD node_modules/regjsgen
1456 silly ADD node_modules/regexpu-core
1457 silly ADD node_modules/regenerator-runtime
1458 silly ADD node_modules/regenerate-unicode-properties
1459 silly ADD node_modules/regenerate
1460 silly ADD node_modules/recast
1461 silly ADD node_modules/recast/node_modules/source-map
1462 silly ADD node_modules/readline
1463 silly ADD node_modules/readable-stream
1464 silly ADD node_modules/react-refresh
1465 silly ADD node_modules/react-native-web
1466 silly ADD node_modules/react-native-web/node_modules/memoize-one
1467 silly ADD node_modules/react-native-web/node_modules/@react-native/normalize-colors
1468 silly ADD node_modules/react-native-screens
1469 silly ADD node_modules/react-native-safe-area-context
1470 silly ADD node_modules/react-native-is-edge-to-edge
1471 silly ADD node_modules/react-native-helmet-async
1472 silly ADD node_modules/react-native
1473 silly ADD node_modules/react-native/node_modules/ws
1474 silly ADD node_modules/react-native/node_modules/semver
1475 silly ADD node_modules/react-native/node_modules/scheduler
1476 silly ADD node_modules/react-native/node_modules/promise
1477 silly ADD node_modules/react-native/node_modules/glob
1478 silly ADD node_modules/react-native/node_modules/commander
1479 silly ADD node_modules/react-native/node_modules/babel-plugin-syntax-hermes-parser
1480 silly ADD node_modules/react-native/node_modules/@react-native/normalize-colors
1481 silly ADD node_modules/react-native/node_modules/@react-native/codegen
1482 silly ADD node_modules/react-is
1483 silly ADD node_modules/react-helmet-async
1484 silly ADD node_modules/react-freeze
1485 silly ADD node_modules/react-fast-compare
1486 silly ADD node_modules/react-dom
1487 silly ADD node_modules/react-devtools-core
1488 silly ADD node_modules/react-devtools-core/node_modules/ws
1489 silly ADD node_modules/react
1490 silly ADD node_modules/rc
1491 silly ADD node_modules/range-parser
1492 silly ADD node_modules/queue-microtask
1493 silly ADD node_modules/queue
1494 silly ADD node_modules/query-string
1495 silly ADD node_modules/qrcode-terminal
1496 silly ADD node_modules/punycode
1497 silly ADD node_modules/pump
1498 silly ADD node_modules/protobufjs
1499 silly ADD node_modules/proto3-json-serializer
1500 silly ADD node_modules/prop-types
1501 silly ADD node_modules/prop-types/node_modules/react-is
1502 silly ADD node_modules/prompts
1503 silly ADD node_modules/promise
1504 silly ADD node_modules/progress
1505 silly ADD node_modules/proc-log
1506 silly ADD node_modules/pretty-ms
1507 silly ADD node_modules/pretty-format
1508 silly ADD node_modules/pretty-format/node_modules/react-is
1509 silly ADD node_modules/pretty-format/node_modules/ansi-styles
1510 silly ADD node_modules/pretty-bytes
1511 silly ADD node_modules/postcss-value-parser
1512 silly ADD node_modules/postcss
1513 silly ADD node_modules/pngjs
1514 silly ADD node_modules/plist
1515 silly ADD node_modules/plist/node_modules/xmlbuilder
1516 silly ADD node_modules/plist/node_modules/@xmldom/xmldom
1517 silly ADD node_modules/pkg-dir
1518 silly ADD node_modules/pkg-dir/node_modules/path-exists
1519 silly ADD node_modules/pkg-dir/node_modules/p-locate
1520 silly ADD node_modules/pkg-dir/node_modules/p-limit
1521 silly ADD node_modules/pkg-dir/node_modules/locate-path
1522 silly ADD node_modules/pkg-dir/node_modules/find-up
1523 silly ADD node_modules/pirates
1524 silly ADD node_modules/pify
1525 silly ADD node_modules/picomatch
1526 silly ADD node_modules/picocolors
1527 silly ADD node_modules/path-type
1528 silly ADD node_modules/path-to-regexp-updated
1529 silly ADD node_modules/path-to-regexp
1530 silly ADD node_modules/path-scurry
1531 silly ADD node_modules/path-scurry/node_modules/lru-cache
1532 silly ADD node_modules/path-parse
1533 silly ADD node_modules/path-key
1534 silly ADD node_modules/path-is-absolute
1535 silly ADD node_modules/path-expression-matcher
1536 silly ADD node_modules/path-exists
1537 silly ADD node_modules/path-browserify
1538 silly ADD node_modules/parseurl
1539 silly ADD node_modules/parse-png
1540 silly ADD node_modules/parse-ms
1541 silly ADD node_modules/parse-json
1542 silly ADD node_modules/package-json-from-dist
1543 silly ADD node_modules/p-try
1544 silly ADD node_modules/p-map
1545 silly ADD node_modules/p-locate
1546 silly ADD node_modules/p-limit
1547 silly ADD node_modules/p-finally
1548 silly ADD node_modules/ora
1549 silly ADD node_modules/ora/node_modules/supports-color
1550 silly ADD node_modules/ora/node_modules/strip-ansi
1551 silly ADD node_modules/ora/node_modules/has-flag
1552 silly ADD node_modules/ora/node_modules/escape-string-regexp
1553 silly ADD node_modules/ora/node_modules/color-name
1554 silly ADD node_modules/ora/node_modules/color-convert
1555 silly ADD node_modules/ora/node_modules/chalk
1556 silly ADD node_modules/ora/node_modules/ansi-styles
1557 silly ADD node_modules/ora/node_modules/ansi-regex
1558 silly ADD node_modules/open
1559 silly ADD node_modules/onetime
1560 silly ADD node_modules/once
1561 silly ADD node_modules/on-headers
1562 silly ADD node_modules/on-finished
1563 silly ADD node_modules/object-hash
1564 silly ADD node_modules/object-assign
1565 silly ADD node_modules/ob1
1566 silly ADD node_modules/nullthrows
1567 silly ADD node_modules/npm-run-path
1568 silly ADD node_modules/npm-run-path/node_modules/path-key
1569 silly ADD node_modules/npm-package-arg
1570 silly ADD node_modules/npm-package-arg/node_modules/semver
1571 silly ADD node_modules/normalize-path
1572 silly ADD node_modules/nopt
1573 silly ADD node_modules/node-releases
1574 silly ADD node_modules/node-int64
1575 silly ADD node_modules/node-gyp-build
1576 silly ADD node_modules/node-forge
1577 silly ADD node_modules/node-fetch
1578 silly ADD node_modules/node-domexception
1579 silly ADD node_modules/node-dir
1580 silly ADD node_modules/nice-try
1581 silly ADD node_modules/nested-error-stacks
1582 silly ADD node_modules/neo-async
1583 silly ADD node_modules/negotiator
1584 silly ADD node_modules/nanoid
1585 silly ADD node_modules/mz
1586 silly ADD node_modules/ms
1587 silly ADD node_modules/mri
1588 silly ADD node_modules/mkdirp
1589 silly ADD node_modules/minizlib
1590 silly ADD node_modules/minizlib/node_modules/yallist
1591 silly ADD node_modules/minizlib/node_modules/minipass
1592 silly ADD node_modules/minipass-pipeline
1593 silly ADD node_modules/minipass-pipeline/node_modules/yallist
1594 silly ADD node_modules/minipass-pipeline/node_modules/minipass
1595 silly ADD node_modules/minipass-flush
1596 silly ADD node_modules/minipass-flush/node_modules/yallist
1597 silly ADD node_modules/minipass-flush/node_modules/minipass
1598 silly ADD node_modules/minipass-collect
1599 silly ADD node_modules/minipass
1600 silly ADD node_modules/minimist
1601 silly ADD node_modules/minimatch
1602 silly ADD node_modules/mimic-fn
1603 silly ADD node_modules/mime-types
1604 silly ADD node_modules/mime-types/node_modules/mime-db
1605 silly ADD node_modules/mime-db
1606 silly ADD node_modules/mime
1607 silly ADD node_modules/micromatch
1608 silly ADD node_modules/micromatch/node_modules/picomatch
1609 silly ADD node_modules/metro-transform-worker
1610 silly ADD node_modules/metro-transform-plugins
1611 silly ADD node_modules/metro-symbolicate
1612 silly ADD node_modules/metro-source-map
1613 silly ADD node_modules/metro-runtime
1614 silly ADD node_modules/metro-resolver
1615 silly ADD node_modules/metro-minify-terser
1616 silly ADD node_modules/metro-file-map
1617 silly ADD node_modules/metro-file-map/node_modules/ms
1618 silly ADD node_modules/metro-file-map/node_modules/debug
1619 silly ADD node_modules/metro-core
1620 silly ADD node_modules/metro-config
1621 silly ADD node_modules/metro-cache-key
1622 silly ADD node_modules/metro-cache
1623 silly ADD node_modules/metro-babel-transformer
1624 silly ADD node_modules/metro-babel-transformer/node_modules/hermes-parser
1625 silly ADD node_modules/metro-babel-transformer/node_modules/hermes-estree
1626 silly ADD node_modules/metro
1627 silly ADD node_modules/metro/node_modules/ws
1628 silly ADD node_modules/metro/node_modules/ms
1629 silly ADD node_modules/metro/node_modules/hermes-parser
1630 silly ADD node_modules/metro/node_modules/hermes-estree
1631 silly ADD node_modules/metro/node_modules/debug
1632 silly ADD node_modules/metro/node_modules/ci-info
1633 silly ADD node_modules/merge2
1634 silly ADD node_modules/merge-stream
1635 silly ADD node_modules/merge-options
1636 silly ADD node_modules/memoize-one
1637 silly ADD node_modules/md5-file
1638 silly ADD node_modules/md5
1639 silly ADD node_modules/math-intrinsics
1640 silly ADD node_modules/marky
1641 silly ADD node_modules/makeerror
1642 silly ADD node_modules/make-dir
1643 silly ADD node_modules/make-dir/node_modules/semver
1644 silly ADD node_modules/lru-memoizer
1645 silly ADD node_modules/lru-memoizer/node_modules/lru-cache
1646 silly ADD node_modules/lru-cache
1647 silly ADD node_modules/loose-envify
1648 silly ADD node_modules/long
1649 silly ADD node_modules/log-symbols
1650 silly ADD node_modules/log-symbols/node_modules/supports-color
1651 silly ADD node_modules/log-symbols/node_modules/has-flag
1652 silly ADD node_modules/log-symbols/node_modules/escape-string-regexp
1653 silly ADD node_modules/log-symbols/node_modules/color-name
1654 silly ADD node_modules/log-symbols/node_modules/color-convert
1655 silly ADD node_modules/log-symbols/node_modules/chalk
1656 silly ADD node_modules/log-symbols/node_modules/ansi-styles
1657 silly ADD node_modules/lodash.throttle
1658 silly ADD node_modules/lodash.once
1659 silly ADD node_modules/lodash.isstring
1660 silly ADD node_modules/lodash.isplainobject
1661 silly ADD node_modules/lodash.isnumber
1662 silly ADD node_modules/lodash.isinteger
1663 silly ADD node_modules/lodash.isboolean
1664 silly ADD node_modules/lodash.includes
1665 silly ADD node_modules/lodash.debounce
1666 silly ADD node_modules/lodash.clonedeep
1667 silly ADD node_modules/lodash.camelcase
1668 silly ADD node_modules/locate-path
1669 silly ADD node_modules/lines-and-columns
1670 silly ADD node_modules/limiter
1671 silly ADD node_modules/lightningcss-win32-x64-msvc
1672 silly ADD node_modules/lightningcss
1673 silly ADD node_modules/lighthouse-logger
1674 silly ADD node_modules/lighthouse-logger/node_modules/ms
1675 silly ADD node_modules/lighthouse-logger/node_modules/debug
1676 silly ADD node_modules/leven
1677 silly ADD node_modules/kleur
1678 silly ADD node_modules/kind-of
1679 silly ADD node_modules/jws
1680 silly ADD node_modules/jwks-rsa
1681 silly ADD node_modules/jwks-rsa/node_modules/lru-cache
1682 silly ADD node_modules/jwks-rsa/node_modules/jose
1683 silly ADD node_modules/jwa
1684 silly ADD node_modules/jsonwebtoken
1685 silly ADD node_modules/jsonwebtoken/node_modules/semver
1686 silly ADD node_modules/jsonfile
1687 silly ADD node_modules/json5
1688 silly ADD node_modules/json-schema-traverse
1689 silly ADD node_modules/json-schema-to-ts
1690 silly ADD node_modules/json-parse-better-errors
1691 silly ADD node_modules/json-bigint
1692 silly ADD node_modules/jsesc
1693 silly ADD node_modules/jscodeshift
1694 silly ADD node_modules/jsc-safe-url
1695 silly ADD node_modules/jsc-android
1696 silly ADD node_modules/js-yaml
1697 silly ADD node_modules/js-tokens
1698 silly ADD node_modules/join-component
1699 silly ADD node_modules/jimp-compact
1700 silly ADD node_modules/jest-worker
1701 silly ADD node_modules/jest-worker/node_modules/supports-color
1702 silly ADD node_modules/jest-validate
1703 silly ADD node_modules/jest-validate/node_modules/camelcase
1704 silly ADD node_modules/jest-util
1705 silly ADD node_modules/jest-util/node_modules/picomatch
1706 silly ADD node_modules/jest-regex-util
1707 silly ADD node_modules/jest-mock
1708 silly ADD node_modules/jest-message-util
1709 silly ADD node_modules/jest-haste-map
1710 silly ADD node_modules/jest-get-type
1711 silly ADD node_modules/jest-environment-node
1712 silly ADD node_modules/jackspeak
1713 silly ADD node_modules/istanbul-lib-instrument
1714 silly ADD node_modules/istanbul-lib-coverage
1715 silly ADD node_modules/isobject
1716 silly ADD node_modules/isexe
1717 silly ADD node_modules/is-wsl
1718 silly ADD node_modules/is-unsafe
1719 silly ADD node_modules/is-stream
1720 silly ADD node_modules/is-plain-object
1721 silly ADD node_modules/is-plain-obj
1722 silly ADD node_modules/is-path-inside
1723 silly ADD node_modules/is-path-cwd
1724 silly ADD node_modules/is-number
1725 silly ADD node_modules/is-glob
1726 silly ADD node_modules/is-fullwidth-code-point
1727 silly ADD node_modules/is-extglob
1728 silly ADD node_modules/is-docker
1729 silly ADD node_modules/is-directory
1730 silly ADD node_modules/is-core-module
1731 silly ADD node_modules/is-buffer
1732 silly ADD node_modules/is-arrayish
1733 silly ADD node_modules/ipaddr.js
1734 silly ADD node_modules/ip-regex
1735 silly ADD node_modules/invariant
1736 silly ADD node_modules/internal-ip
1737 silly ADD node_modules/inline-style-prefixer
1738 silly ADD node_modules/ini
1739 silly ADD node_modules/inherits
1740 silly ADD node_modules/inflight
1741 silly ADD node_modules/indent-string
1742 silly ADD node_modules/imurmurhash
1743 silly ADD node_modules/import-fresh
1744 silly ADD node_modules/import-fresh/node_modules/resolve-from
1745 silly ADD node_modules/image-size
1746 silly ADD node_modules/ignore
1747 silly ADD node_modules/ieee754
1748 silly ADD node_modules/idb
1749 silly ADD node_modules/hyphenate-style-name
1750 silly ADD node_modules/human-signals
1751 silly ADD node_modules/https-proxy-agent
1752 silly ADD node_modules/http-proxy-agent
1753 silly ADD node_modules/http-proxy-agent/node_modules/agent-base
1754 silly ADD node_modules/http-parser-js
1755 silly ADD node_modules/http-errors
1756 silly ADD node_modules/http-errors/node_modules/statuses
1757 silly ADD node_modules/html-entities
1758 silly ADD node_modules/hosted-git-info
1759 silly ADD node_modules/hosted-git-info/node_modules/lru-cache
1760 silly ADD node_modules/hermes-parser
1761 silly ADD node_modules/hermes-estree
1762 silly ADD node_modules/hasown
1763 silly ADD node_modules/has-tostringtag
1764 silly ADD node_modules/has-symbols
1765 silly ADD node_modules/has-flag
1766 silly ADD node_modules/gtoken
1767 silly ADD node_modules/graceful-fs
1768 silly ADD node_modules/gopd
1769 silly ADD node_modules/google-logging-utils
1770 silly ADD node_modules/google-gax
1771 silly ADD node_modules/google-gax/node_modules/teeny-request
1772 silly ADD node_modules/google-gax/node_modules/rimraf
1773 silly ADD node_modules/google-gax/node_modules/retry-request
1774 silly ADD node_modules/google-gax/node_modules/node-fetch
1775 silly ADD node_modules/google-gax/node_modules/http-proxy-agent
1776 silly ADD node_modules/google-gax/node_modules/gtoken
1777 silly ADD node_modules/google-gax/node_modules/google-auth-library
1778 silly ADD node_modules/google-gax/node_modules/gaxios
1779 silly ADD node_modules/google-gax/node_modules/@grpc/proto-loader
1780 silly ADD node_modules/google-gax/node_modules/@grpc/grpc-js
1781 silly ADD node_modules/google-auth-library
1782 silly ADD node_modules/google-auth-library/node_modules/node-fetch
1783 silly ADD node_modules/google-auth-library/node_modules/gaxios
1784 silly ADD node_modules/globby
1785 silly ADD node_modules/glob-parent
1786 silly ADD node_modules/glob
1787 silly ADD node_modules/glob/node_modules/minimatch
1788 silly ADD node_modules/glob/node_modules/brace-expansion
1789 silly ADD node_modules/getenv
1790 silly ADD node_modules/get-tsconfig
1791 silly ADD node_modules/get-stream
1792 silly ADD node_modules/get-proto
1793 silly ADD node_modules/get-package-type
1794 silly ADD node_modules/get-intrinsic
1795 silly ADD node_modules/get-caller-file
1796 silly ADD node_modules/gensync
1797 silly ADD node_modules/gcp-metadata
1798 silly ADD node_modules/gcp-metadata/node_modules/node-fetch
1799 silly ADD node_modules/gcp-metadata/node_modules/gaxios
1800 silly ADD node_modules/gaxios
1801 silly ADD node_modules/gaxios/node_modules/uuid
1802 silly ADD node_modules/gaxios/node_modules/is-stream
1803 silly ADD node_modules/functional-red-black-tree
1804 silly ADD node_modules/function-bind
1805 silly ADD node_modules/fs.realpath
1806 silly ADD node_modules/fs-minipass
1807 silly ADD node_modules/fs-extra
1808 silly ADD node_modules/fresh
1809 silly ADD node_modules/freeport-async
1810 silly ADD node_modules/formdata-polyfill
1811 silly ADD node_modules/form-data
1812 silly ADD node_modules/foreground-child
1813 silly ADD node_modules/fontfaceobserver
1814 silly ADD node_modules/flow-parser
1815 silly ADD node_modules/flow-estree
1816 silly ADD node_modules/flow-enums-runtime
1817 silly ADD node_modules/firebase-admin
1818 silly ADD node_modules/firebase-admin/node_modules/@firebase/util
1819 silly ADD node_modules/firebase-admin/node_modules/@firebase/logger
1820 silly ADD node_modules/firebase-admin/node_modules/@firebase/database-types
1821 silly ADD node_modules/firebase-admin/node_modules/@firebase/database-compat
1822 silly ADD node_modules/firebase-admin/node_modules/@firebase/database
1823 silly ADD node_modules/firebase-admin/node_modules/@firebase/component
1824 silly ADD node_modules/firebase-admin/node_modules/@firebase/auth-interop-types
1825 silly ADD node_modules/firebase-admin/node_modules/@firebase/app-types
1826 silly ADD node_modules/firebase-admin/node_modules/@firebase/app-check-interop-types
1827 silly ADD node_modules/firebase
1828 silly ADD node_modules/find-up
1829 silly ADD node_modules/find-cache-dir
1830 silly ADD node_modules/finalhandler
1831 silly ADD node_modules/finalhandler/node_modules/ms
1832 silly ADD node_modules/finalhandler/node_modules/debug
1833 silly ADD node_modules/filter-obj
1834 silly ADD node_modules/fill-range
1835 silly ADD node_modules/file-uri-to-path
1836 silly ADD node_modules/fetch-retry
1837 silly ADD node_modules/fetch-blob
1838 silly ADD node_modules/fbjs-css-vars
1839 silly ADD node_modules/fbjs
1840 silly ADD node_modules/fbemitter
1841 silly ADD node_modules/fb-watchman
1842 silly ADD node_modules/faye-websocket
1843 silly ADD node_modules/fastq
1844 silly ADD node_modules/fast-xml-parser
1845 silly ADD node_modules/fast-xml-builder
1846 silly ADD node_modules/fast-uri
1847 silly ADD node_modules/fast-loops
1848 silly ADD node_modules/fast-json-stable-stringify
1849 silly ADD node_modules/fast-glob
1850 silly ADD node_modules/fast-deep-equal
1851 silly ADD node_modules/extend
1852 silly ADD node_modules/exponential-backoff
1853 silly ADD node_modules/expo-status-bar
1854 silly ADD node_modules/expo-router
1855 silly ADD node_modules/expo-router/node_modules/semver
1856 silly ADD node_modules/expo-modules-core
1857 silly ADD node_modules/expo-modules-autolinking
1858 silly ADD node_modules/expo-modules-autolinking/node_modules/universalify
1859 silly ADD node_modules/expo-modules-autolinking/node_modules/jsonfile
1860 silly ADD node_modules/expo-modules-autolinking/node_modules/fs-extra
1861 silly ADD node_modules/expo-linking
1862 silly ADD node_modules/expo-linear-gradient
1863 silly ADD node_modules/expo-image-picker
1864 silly ADD node_modules/expo-image-loader
1865 silly ADD node_modules/expo-font
1866 silly ADD node_modules/expo-constants
1867 silly ADD node_modules/expo-asset
1868 silly ADD node_modules/expo
1869 silly ADD node_modules/expo/node_modules/expo-keep-awake
1870 silly ADD node_modules/expo/node_modules/expo-file-system
1871 silly ADD node_modules/execa
1872 silly ADD node_modules/execa/node_modules/which
1873 silly ADD node_modules/execa/node_modules/signal-exit
1874 silly ADD node_modules/execa/node_modules/shebang-regex
1875 silly ADD node_modules/execa/node_modules/shebang-command
1876 silly ADD node_modules/execa/node_modules/semver
1877 silly ADD node_modules/execa/node_modules/path-key
1878 silly ADD node_modules/execa/node_modules/cross-spawn
1879 silly ADD node_modules/event-target-shim
1880 silly ADD node_modules/etag
1881 silly ADD node_modules/esutils
1882 silly ADD node_modules/estree-walker
1883 silly ADD node_modules/esprima
1884 silly ADD node_modules/escape-string-regexp
1885 silly ADD node_modules/escape-html
1886 silly ADD node_modules/escalade
1887 silly ADD node_modules/esbuild
1888 silly ADD node_modules/es-set-tostringtag
1889 silly ADD node_modules/es-object-atoms
1890 silly ADD node_modules/es-module-lexer
1891 silly ADD node_modules/es-errors
1892 silly ADD node_modules/es-define-property
1893 silly ADD node_modules/error-stack-parser
1894 silly ADD node_modules/error-ex
1895 silly ADD node_modules/env-editor
1896 silly ADD node_modules/end-of-stream
1897 silly ADD node_modules/encodeurl
1898 silly ADD node_modules/emoji-regex
1899 silly ADD node_modules/electron-to-chromium
1900 silly ADD node_modules/ee-first
1901 silly ADD node_modules/edge-runtime
1902 silly ADD node_modules/edge-runtime/node_modules/signal-exit
1903 silly ADD node_modules/edge-runtime/node_modules/picocolors
1904 silly ADD node_modules/edge-runtime/node_modules/async-listen
1905 silly ADD node_modules/ecdsa-sig-formatter
1906 silly ADD node_modules/eastasianwidth
1907 silly ADD node_modules/duplexify
1908 silly ADD node_modules/dunder-proto
1909 silly ADD node_modules/dotenv-expand
1910 silly ADD node_modules/dotenv
1911 silly ADD node_modules/dir-glob
1912 silly ADD node_modules/detect-libc
1913 silly ADD node_modules/destroy
1914 silly ADD node_modules/depd
1915 silly ADD node_modules/delayed-stream
1916 silly ADD node_modules/del
1917 silly ADD node_modules/define-lazy-prop
1918 silly ADD node_modules/defaults
1919 silly ADD node_modules/default-gateway
1920 silly ADD node_modules/deepmerge
1921 silly ADD node_modules/deep-extend
1922 silly ADD node_modules/decode-uri-component
1923 silly ADD node_modules/debug
1924 silly ADD node_modules/data-uri-to-buffer
1925 silly ADD node_modules/csstype
1926 silly ADD node_modules/css-in-js-utils
1927 silly ADD node_modules/crypto-random-string
1928 silly ADD node_modules/crypt
1929 silly ADD node_modules/cross-spawn
1930 silly ADD node_modules/cross-fetch
1931 silly ADD node_modules/cosmiconfig
1932 silly ADD node_modules/cosmiconfig/node_modules/js-yaml
1933 silly ADD node_modules/cosmiconfig/node_modules/argparse
1934 silly ADD node_modules/core-js-compat
1935 silly ADD node_modules/convert-source-map
1936 silly ADD node_modules/convert-hrtime
1937 silly ADD node_modules/consola
1938 silly ADD node_modules/connect
1939 silly ADD node_modules/connect/node_modules/ms
1940 silly ADD node_modules/connect/node_modules/debug
1941 silly ADD node_modules/concat-map
1942 silly ADD node_modules/compression
1943 silly ADD node_modules/compression/node_modules/negotiator
1944 silly ADD node_modules/compression/node_modules/ms
1945 silly ADD node_modules/compression/node_modules/debug
1946 silly ADD node_modules/compressible
1947 silly ADD node_modules/component-type
1948 silly ADD node_modules/commondir
1949 silly ADD node_modules/commander
1950 silly ADD node_modules/combined-stream
1951 silly ADD node_modules/color-string
1952 silly ADD node_modules/color-name
1953 silly ADD node_modules/color-convert
1954 silly ADD node_modules/color
1955 silly ADD node_modules/code-block-writer
1956 silly ADD node_modules/clone-deep
1957 silly ADD node_modules/clone
1958 silly ADD node_modules/cliui
1959 silly ADD node_modules/cliui/node_modules/strip-ansi
1960 silly ADD node_modules/cliui/node_modules/string-width
1961 silly ADD node_modules/cliui/node_modules/emoji-regex
1962 silly ADD node_modules/client-only
1963 silly ADD node_modules/cli-spinners
1964 silly ADD node_modules/cli-cursor
1965 silly ADD node_modules/clean-stack
1966 silly ADD node_modules/cjs-module-lexer
1967 silly ADD node_modules/ci-info
1968 silly ADD node_modules/chromium-edge-launcher
1969 silly ADD node_modules/chromium-edge-launcher/node_modules/mkdirp
1970 silly ADD node_modules/chrome-launcher
1971 silly ADD node_modules/chownr
1972 silly ADD node_modules/charenc
1973 silly ADD node_modules/chalk
1974 silly ADD node_modules/caniuse-lite
1975 silly ADD node_modules/camelcase
1976 silly ADD node_modules/callsites
1977 silly ADD node_modules/caller-path
1978 silly ADD node_modules/caller-callsite
1979 silly ADD node_modules/call-bind-apply-helpers
1980 silly ADD node_modules/cacache
1981 silly ADD node_modules/cacache/node_modules/lru-cache
1982 silly ADD node_modules/bytes
1983 silly ADD node_modules/buffer-from
1984 silly ADD node_modules/buffer-fill
1985 silly ADD node_modules/buffer-equal-constant-time
1986 silly ADD node_modules/buffer-alloc-unsafe
1987 silly ADD node_modules/buffer-alloc
1988 silly ADD node_modules/buffer
1989 silly ADD node_modules/bser
1990 silly ADD node_modules/browserslist
1991 silly ADD node_modules/braces
1992 silly ADD node_modules/brace-expansion
1993 silly ADD node_modules/bplist-parser
1994 silly ADD node_modules/bplist-creator
1995 silly ADD node_modules/bowser
1996 silly ADD node_modules/bindings
1997 silly ADD node_modules/bignumber.js
1998 silly ADD node_modules/big-integer
1999 silly ADD node_modules/better-opn
2000 silly ADD node_modules/better-opn/node_modules/open
2001 silly ADD node_modules/baseline-browser-mapping
2002 silly ADD node_modules/base64-js
2003 silly ADD node_modules/balanced-match
2004 silly ADD node_modules/babel-preset-jest
2005 silly ADD node_modules/babel-preset-expo
2006 silly ADD node_modules/babel-preset-current-node-syntax
2007 silly ADD node_modules/babel-plugin-transform-flow-enums
2008 silly ADD node_modules/babel-plugin-syntax-hermes-parser
2009 silly ADD node_modules/babel-plugin-syntax-hermes-parser/node_modules/hermes-parser
2010 silly ADD node_modules/babel-plugin-syntax-hermes-parser/node_modules/hermes-estree
2011 silly ADD node_modules/babel-plugin-react-native-web
2012 silly ADD node_modules/babel-plugin-polyfill-regenerator
2013 silly ADD node_modules/babel-plugin-polyfill-corejs3
2014 silly ADD node_modules/babel-plugin-polyfill-corejs2
2015 silly ADD node_modules/babel-plugin-jest-hoist
2016 silly ADD node_modules/babel-plugin-istanbul
2017 silly ADD node_modules/babel-jest
2018 silly ADD node_modules/babel-core
2019 silly ADD node_modules/at-least-node
2020 silly ADD node_modules/asynckit
2021 silly ADD node_modules/async-sema
2022 silly ADD node_modules/async-retry
2023 silly ADD node_modules/async-listen
2024 silly ADD node_modules/async-limiter
2025 silly ADD node_modules/ast-types
2026 silly ADD node_modules/asap
2027 silly ADD node_modules/arrify
2028 silly ADD node_modules/array-union
2029 silly ADD node_modules/argparse
2030 silly ADD node_modules/arg
2031 silly ADD node_modules/anynum
2032 silly ADD node_modules/anymatch
2033 silly ADD node_modules/anymatch/node_modules/picomatch
2034 silly ADD node_modules/any-promise
2035 silly ADD node_modules/ansi-styles
2036 silly ADD node_modules/ansi-regex
2037 silly ADD node_modules/ansi-escapes
2038 silly ADD node_modules/ansi-escapes/node_modules/type-fest
2039 silly ADD node_modules/anser
2040 silly ADD node_modules/ajv-keywords
2041 silly ADD node_modules/ajv-formats
2042 silly ADD node_modules/ajv
2043 silly ADD node_modules/aggregate-error
2044 silly ADD node_modules/agent-base
2045 silly ADD node_modules/acorn-import-attributes
2046 silly ADD node_modules/acorn
2047 silly ADD node_modules/accepts
2048 silly ADD node_modules/abort-controller
2049 silly ADD node_modules/abbrev
2050 silly ADD node_modules/@xmldom/xmldom
2051 silly ADD node_modules/@vercel/static-config
2052 silly ADD node_modules/@vercel/static-config/node_modules/ajv
2053 silly ADD node_modules/@vercel/python-analysis
2054 silly ADD node_modules/@vercel/python-analysis/node_modules/universalify
2055 silly ADD node_modules/@vercel/python-analysis/node_modules/minimatch
2056 silly ADD node_modules/@vercel/python-analysis/node_modules/jsonfile
2057 silly ADD node_modules/@vercel/python-analysis/node_modules/js-yaml
2058 silly ADD node_modules/@vercel/python-analysis/node_modules/fs-extra
2059 silly ADD node_modules/@vercel/node
2060 silly ADD node_modules/@vercel/node/node_modules/undici-types
2061 silly ADD node_modules/@vercel/node/node_modules/undici
2062 silly ADD node_modules/@vercel/node/node_modules/typescript
2063 silly ADD node_modules/@vercel/node/node_modules/node-fetch
2064 silly ADD node_modules/@vercel/node/node_modules/@types/node
2065 silly ADD node_modules/@vercel/node/node_modules/@fastify/busboy
2066 silly ADD node_modules/@vercel/nft
2067 silly ADD node_modules/@vercel/nft/node_modules/picomatch
2068 silly ADD node_modules/@vercel/nft/node_modules/path-scurry
2069 silly ADD node_modules/@vercel/nft/node_modules/minimatch
2070 silly ADD node_modules/@vercel/nft/node_modules/lru-cache
2071 silly ADD node_modules/@vercel/nft/node_modules/glob
2072 silly ADD node_modules/@vercel/nft/node_modules/brace-expansion
2073 silly ADD node_modules/@vercel/nft/node_modules/balanced-match
2074 silly ADD node_modules/@vercel/error-utils
2075 silly ADD node_modules/@vercel/build-utils
2076 silly ADD node_modules/@vercel/build-utils/node_modules/es-module-lexer
2077 silly ADD node_modules/@urql/exchange-retry
2078 silly ADD node_modules/@urql/core
2079 silly ADD node_modules/@types/yargs-parser
2080 silly ADD node_modules/@types/yargs
2081 silly ADD node_modules/@types/tough-cookie
2082 silly ADD node_modules/@types/stack-utils
2083 silly ADD node_modules/@types/request
2084 silly ADD node_modules/@types/request/node_modules/form-data
2085 silly ADD node_modules/@types/react
2086 silly ADD node_modules/@types/prop-types
2087 silly ADD node_modules/@types/node-forge
2088 silly ADD node_modules/@types/node
2089 silly ADD node_modules/@types/ms
2090 silly ADD node_modules/@types/jsonwebtoken
2091 silly ADD node_modules/@types/json-schema
2092 silly ADD node_modules/@types/istanbul-reports
2093 silly ADD node_modules/@types/istanbul-lib-report
2094 silly ADD node_modules/@types/istanbul-lib-coverage
2095 silly ADD node_modules/@types/graceful-fs
2096 silly ADD node_modules/@types/estree
2097 silly ADD node_modules/@types/caseless
2098 silly ADD node_modules/@types/babel__traverse
2099 silly ADD node_modules/@types/babel__template
2100 silly ADD node_modules/@types/babel__generator
2101 silly ADD node_modules/@types/babel__core
2102 silly ADD node_modules/@ts-morph/common
2103 silly ADD node_modules/@ts-morph/common/node_modules/mkdirp
2104 silly ADD node_modules/@tootallnate/once
2105 silly ADD node_modules/@smithy/types
2106 silly ADD node_modules/@smithy/signature-v4
2107 silly ADD node_modules/@smithy/node-http-handler
2108 silly ADD node_modules/@smithy/fetch-http-handler
2109 silly ADD node_modules/@smithy/credential-provider-imds
2110 silly ADD node_modules/@smithy/core
2111 silly ADD node_modules/@sinonjs/fake-timers
2112 silly ADD node_modules/@sinonjs/commons
2113 silly ADD node_modules/@sinclair/typebox
2114 silly ADD node_modules/@segment/loosely-validate-event
2115 silly ADD node_modules/@rollup/pluginutils
2116 silly ADD node_modules/@rollup/pluginutils/node_modules/picomatch
2117 silly ADD node_modules/@renovatebot/pep440
2118 silly ADD node_modules/@react-navigation/routers
2119 silly ADD node_modules/@react-navigation/native-stack
2120 silly ADD node_modules/@react-navigation/native
2121 silly ADD node_modules/@react-navigation/elements
2122 silly ADD node_modules/@react-navigation/core
2123 silly ADD node_modules/@react-navigation/bottom-tabs
2124 silly ADD node_modules/@react-native/virtualized-lists
2125 silly ADD node_modules/@react-native/normalize-colors
2126 silly ADD node_modules/@react-native/metro-babel-transformer
2127 silly ADD node_modules/@react-native/metro-babel-transformer/node_modules/glob
2128 silly ADD node_modules/@react-native/metro-babel-transformer/node_modules/@react-native/codegen
2129 silly ADD node_modules/@react-native/metro-babel-transformer/node_modules/@react-native/babel-preset
2130 silly ADD node_modules/@react-native/metro-babel-transformer/node_modules/@react-native/babel-plugin-codegen
2131 silly ADD node_modules/@react-native/js-polyfills
2132 silly ADD node_modules/@react-native/gradle-plugin
2133 silly ADD node_modules/@react-native/dev-middleware
2134 silly ADD node_modules/@react-native/dev-middleware/node_modules/ws
2135 silly ADD node_modules/@react-native/dev-middleware/node_modules/ms
2136 silly ADD node_modules/@react-native/dev-middleware/node_modules/debug
2137 silly ADD node_modules/@react-native/debugger-frontend
2138 silly ADD node_modules/@react-native/community-cli-plugin
2139 silly ADD node_modules/@react-native/community-cli-plugin/node_modules/ws
2140 silly ADD node_modules/@react-native/community-cli-plugin/node_modules/signal-exit
2141 silly ADD node_modules/@react-native/community-cli-plugin/node_modules/semver
2142 silly ADD node_modules/@react-native/community-cli-plugin/node_modules/onetime
2143 silly ADD node_modules/@react-native/community-cli-plugin/node_modules/npm-run-path
2144 silly ADD node_modules/@react-native/community-cli-plugin/node_modules/ms
2145 silly ADD node_modules/@react-native/community-cli-plugin/node_modules/mimic-fn
2146 silly ADD node_modules/@react-native/community-cli-plugin/node_modules/is-stream
2147 silly ADD node_modules/@react-native/community-cli-plugin/node_modules/get-stream
2148 silly ADD node_modules/@react-native/community-cli-plugin/node_modules/execa
2149 silly ADD node_modules/@react-native/community-cli-plugin/node_modules/debug
2150 silly ADD node_modules/@react-native/community-cli-plugin/node_modules/@react-native/dev-middleware
2151 silly ADD node_modules/@react-native/community-cli-plugin/node_modules/@react-native/debugger-frontend
2152 silly ADD node_modules/@react-native/codegen
2153 silly ADD node_modules/@react-native/codegen/node_modules/glob
2154 silly ADD node_modules/@react-native/babel-preset
2155 silly ADD node_modules/@react-native/babel-plugin-codegen
2156 silly ADD node_modules/@react-native/assets-registry
2157 silly ADD node_modules/@react-native-async-storage/async-storage
2158 silly ADD node_modules/@radix-ui/react-slot
2159 silly ADD node_modules/@radix-ui/react-compose-refs
2160 silly ADD node_modules/@protobufjs/utf8
2161 silly ADD node_modules/@protobufjs/pool
2162 silly ADD node_modules/@protobufjs/path
2163 silly ADD node_modules/@protobufjs/float
2164 silly ADD node_modules/@protobufjs/fetch
2165 silly ADD node_modules/@protobufjs/eventemitter
2166 silly ADD node_modules/@protobufjs/codegen
2167 silly ADD node_modules/@protobufjs/base64
2168 silly ADD node_modules/@protobufjs/aspromise
2169 silly ADD node_modules/@pkgjs/parseargs
2170 silly ADD node_modules/@opentelemetry/api
2171 silly ADD node_modules/@npmcli/fs
2172 silly ADD node_modules/@npmcli/fs/node_modules/semver
2173 silly ADD node_modules/@nodelib/fs.walk
2174 silly ADD node_modules/@nodelib/fs.stat
2175 silly ADD node_modules/@nodelib/fs.scandir
2176 silly ADD node_modules/@nodable/entities
2177 silly ADD node_modules/@mapbox/node-pre-gyp
2178 silly ADD node_modules/@mapbox/node-pre-gyp/node_modules/yallist
2179 silly ADD node_modules/@mapbox/node-pre-gyp/node_modules/tar
2180 silly ADD node_modules/@mapbox/node-pre-gyp/node_modules/semver
2181 silly ADD node_modules/@mapbox/node-pre-gyp/node_modules/minizlib
2182 silly ADD node_modules/@mapbox/node-pre-gyp/node_modules/detect-libc
2183 silly ADD node_modules/@mapbox/node-pre-gyp/node_modules/chownr
2184 silly ADD node_modules/@js-sdsl/ordered-map
2185 silly ADD node_modules/@jridgewell/trace-mapping
2186 silly ADD node_modules/@jridgewell/sourcemap-codec
2187 silly ADD node_modules/@jridgewell/source-map
2188 silly ADD node_modules/@jridgewell/resolve-uri
2189 silly ADD node_modules/@jridgewell/remapping
2190 silly ADD node_modules/@jridgewell/gen-mapping
2191 silly ADD node_modules/@jest/types
2192 silly ADD node_modules/@jest/transform
2193 silly ADD node_modules/@jest/transform/node_modules/write-file-atomic
2194 silly ADD node_modules/@jest/transform/node_modules/signal-exit
2195 silly ADD node_modules/@jest/schemas
2196 silly ADD node_modules/@jest/fake-timers
2197 silly ADD node_modules/@jest/environment
2198 silly ADD node_modules/@jest/create-cache-key-function
2199 silly ADD node_modules/@istanbuljs/schema
2200 silly ADD node_modules/@istanbuljs/load-nyc-config
2201 silly ADD node_modules/@istanbuljs/load-nyc-config/node_modules/p-locate
2202 silly ADD node_modules/@istanbuljs/load-nyc-config/node_modules/p-limit
2203 silly ADD node_modules/@istanbuljs/load-nyc-config/node_modules/locate-path
2204 silly ADD node_modules/@istanbuljs/load-nyc-config/node_modules/js-yaml
2205 silly ADD node_modules/@istanbuljs/load-nyc-config/node_modules/find-up
2206 silly ADD node_modules/@istanbuljs/load-nyc-config/node_modules/argparse
2207 silly ADD node_modules/@isaacs/ttlcache
2208 silly ADD node_modules/@isaacs/fs-minipass
2209 silly ADD node_modules/@isaacs/cliui
2210 silly ADD node_modules/@isaacs/cliui/node_modules/wrap-ansi
2211 silly ADD node_modules/@isaacs/cliui/node_modules/ansi-styles
2212 silly ADD node_modules/@isaacs/brace-expansion
2213 silly ADD node_modules/@isaacs/balanced-match
2214 silly ADD node_modules/@grpc/proto-loader
2215 silly ADD node_modules/@grpc/grpc-js
2216 silly ADD node_modules/@google-cloud/storage
2217 silly ADD node_modules/@google-cloud/storage/node_modules/mime
2218 silly ADD node_modules/@google-cloud/storage/node_modules/google-logging-utils
2219 silly ADD node_modules/@google-cloud/storage/node_modules/google-auth-library
2220 silly ADD node_modules/@google-cloud/storage/node_modules/gcp-metadata
2221 silly ADD node_modules/@google-cloud/promisify
2222 silly ADD node_modules/@google-cloud/projectify
2223 silly ADD node_modules/@google-cloud/paginator
2224 silly ADD node_modules/@google-cloud/firestore
2225 silly ADD node_modules/@firebase/webchannel-wrapper
2226 silly ADD node_modules/@firebase/vertexai-preview
2227 silly ADD node_modules/@firebase/util
2228 silly ADD node_modules/@firebase/storage-types
2229 silly ADD node_modules/@firebase/storage-compat
2230 silly ADD node_modules/@firebase/storage
2231 silly ADD node_modules/@firebase/storage/node_modules/undici
2232 silly ADD node_modules/@firebase/remote-config-types
2233 silly ADD node_modules/@firebase/remote-config-compat
2234 silly ADD node_modules/@firebase/remote-config
2235 silly ADD node_modules/@firebase/performance-types
2236 silly ADD node_modules/@firebase/performance-compat
2237 silly ADD node_modules/@firebase/performance
2238 silly ADD node_modules/@firebase/messaging-interop-types
2239 silly ADD node_modules/@firebase/messaging-compat
2240 silly ADD node_modules/@firebase/messaging
2241 silly ADD node_modules/@firebase/logger
2242 silly ADD node_modules/@firebase/installations-types
2243 silly ADD node_modules/@firebase/installations-compat
2244 silly ADD node_modules/@firebase/installations
2245 silly ADD node_modules/@firebase/functions-types
2246 silly ADD node_modules/@firebase/functions-compat
2247 silly ADD node_modules/@firebase/functions
2248 silly ADD node_modules/@firebase/functions/node_modules/undici
2249 silly ADD node_modules/@firebase/firestore-types
2250 silly ADD node_modules/@firebase/firestore-compat
2251 silly ADD node_modules/@firebase/firestore
2252 silly ADD node_modules/@firebase/firestore/node_modules/undici
2253 silly ADD node_modules/@firebase/database-types
2254 silly ADD node_modules/@firebase/database-compat
2255 silly ADD node_modules/@firebase/database
2256 silly ADD node_modules/@firebase/data-connect
2257 silly ADD node_modules/@firebase/component
2258 silly ADD node_modules/@firebase/auth-types
2259 silly ADD node_modules/@firebase/auth-interop-types
2260 silly ADD node_modules/@firebase/auth-compat
2261 silly ADD node_modules/@firebase/auth-compat/node_modules/undici
2262 silly ADD node_modules/@firebase/auth
2263 silly ADD node_modules/@firebase/auth/node_modules/undici
2264 silly ADD node_modules/@firebase/app-types
2265 silly ADD node_modules/@firebase/app-compat
2266 silly ADD node_modules/@firebase/app-check-types
2267 silly ADD node_modules/@firebase/app-check-interop-types
2268 silly ADD node_modules/@firebase/app-check-compat
2269 silly ADD node_modules/@firebase/app-check
2270 silly ADD node_modules/@firebase/app
2271 silly ADD node_modules/@firebase/analytics-types
2272 silly ADD node_modules/@firebase/analytics-compat
2273 silly ADD node_modules/@firebase/analytics
2274 silly ADD node_modules/@fastify/busboy
2275 silly ADD node_modules/@expo/xcpretty
2276 silly ADD node_modules/@expo/ws-tunnel
2277 silly ADD node_modules/@expo/vector-icons
2278 silly ADD node_modules/@expo/sudo-prompt
2279 silly ADD node_modules/@expo/spawn-async
2280 silly ADD node_modules/@expo/server
2281 silly ADD node_modules/@expo/sdk-runtime-versions
2282 silly ADD node_modules/@expo/rudder-sdk-node
2283 silly ADD node_modules/@expo/prebuild-config
2284 silly ADD node_modules/@expo/prebuild-config/node_modules/universalify
2285 silly ADD node_modules/@expo/prebuild-config/node_modules/semver
2286 silly ADD node_modules/@expo/prebuild-config/node_modules/jsonfile
2287 silly ADD node_modules/@expo/prebuild-config/node_modules/fs-extra
2288 silly ADD node_modules/@expo/plist
2289 silly ADD node_modules/@expo/package-manager
2290 silly ADD node_modules/@expo/package-manager/node_modules/@expo/json-file
2291 silly ADD node_modules/@expo/osascript
2292 silly ADD node_modules/@expo/metro-runtime
2293 silly ADD node_modules/@expo/metro-config
2294 silly ADD node_modules/@expo/metro-config/node_modules/universalify
2295 silly ADD node_modules/@expo/metro-config/node_modules/jsonfile
2296 silly ADD node_modules/@expo/metro-config/node_modules/fs-extra
2297 silly ADD node_modules/@expo/metro-config/node_modules/@expo/json-file
2298 silly ADD node_modules/@expo/metro-config/node_modules/@babel/code-frame
2299 silly ADD node_modules/@expo/json-file
2300 silly ADD node_modules/@expo/json-file/node_modules/@babel/code-frame
2301 silly ADD node_modules/@expo/image-utils
2302 silly ADD node_modules/@expo/image-utils/node_modules/universalify
2303 silly ADD node_modules/@expo/image-utils/node_modules/semver
2304 silly ADD node_modules/@expo/image-utils/node_modules/jsonfile
2305 silly ADD node_modules/@expo/image-utils/node_modules/jsonfile/node_modules/universalify
2306 silly ADD node_modules/@expo/image-utils/node_modules/fs-extra
2307 silly ADD node_modules/@expo/fingerprint
2308 silly ADD node_modules/@expo/fingerprint/node_modules/semver
2309 silly ADD node_modules/@expo/env
2310 silly ADD node_modules/@expo/devcert
2311 silly ADD node_modules/@expo/devcert/node_modules/debug
2312 silly ADD node_modules/@expo/config-types
2313 silly ADD node_modules/@expo/config-plugins
2314 silly ADD node_modules/@expo/config-plugins/node_modules/semver
2315 silly ADD node_modules/@expo/config-plugins/node_modules/@expo/json-file
2316 silly ADD node_modules/@expo/config-plugins/node_modules/@babel/code-frame
2317 silly ADD node_modules/@expo/config
2318 silly ADD node_modules/@expo/config/node_modules/semver
2319 silly ADD node_modules/@expo/config/node_modules/@babel/code-frame
2320 silly ADD node_modules/@expo/code-signing-certificates
2321 silly ADD node_modules/@expo/cli
2322 silly ADD node_modules/@expo/cli/node_modules/semver
2323 silly ADD node_modules/@expo/bunyan
2324 silly ADD node_modules/@esbuild/win32-x64
2325 silly ADD node_modules/@edge-runtime/vm
2326 silly ADD node_modules/@edge-runtime/primitives
2327 silly ADD node_modules/@edge-runtime/ponyfill
2328 silly ADD node_modules/@edge-runtime/node-utils
2329 silly ADD node_modules/@edge-runtime/format
2330 silly ADD node_modules/@bytecodealliance/preview2-shim
2331 silly ADD node_modules/@babel/types
2332 silly ADD node_modules/@babel/traverse--for-generate-function-map
2333 silly ADD node_modules/@babel/traverse
2334 silly ADD node_modules/@babel/template
2335 silly ADD node_modules/@babel/runtime
2336 silly ADD node_modules/@babel/register
2337 silly ADD node_modules/@babel/preset-typescript
2338 silly ADD node_modules/@babel/preset-react
2339 silly ADD node_modules/@babel/preset-modules
2340 silly ADD node_modules/@babel/preset-flow
2341 silly ADD node_modules/@babel/preset-env
2342 silly ADD node_modules/@babel/preset-env/node_modules/babel-plugin-polyfill-corejs3
2343 silly ADD node_modules/@babel/plugin-transform-unicode-sets-regex
2344 silly ADD node_modules/@babel/plugin-transform-unicode-regex
2345 silly ADD node_modules/@babel/plugin-transform-unicode-property-regex
2346 silly ADD node_modules/@babel/plugin-transform-unicode-escapes
2347 silly ADD node_modules/@babel/plugin-transform-typescript
2348 silly ADD node_modules/@babel/plugin-transform-typeof-symbol
2349 silly ADD node_modules/@babel/plugin-transform-template-literals
2350 silly ADD node_modules/@babel/plugin-transform-sticky-regex
2351 silly ADD node_modules/@babel/plugin-transform-spread
2352 silly ADD node_modules/@babel/plugin-transform-shorthand-properties
2353 silly ADD node_modules/@babel/plugin-transform-runtime
2354 silly ADD node_modules/@babel/plugin-transform-reserved-words
2355 silly ADD node_modules/@babel/plugin-transform-regexp-modifiers
2356 silly ADD node_modules/@babel/plugin-transform-regenerator
2357 silly ADD node_modules/@babel/plugin-transform-react-pure-annotations
2358 silly ADD node_modules/@babel/plugin-transform-react-jsx-source
2359 silly ADD node_modules/@babel/plugin-transform-react-jsx-self
2360 silly ADD node_modules/@babel/plugin-transform-react-jsx-development
2361 silly ADD node_modules/@babel/plugin-transform-react-jsx
2362 silly ADD node_modules/@babel/plugin-transform-react-display-name
2363 silly ADD node_modules/@babel/plugin-transform-property-literals
2364 silly ADD node_modules/@babel/plugin-transform-private-property-in-object
2365 silly ADD node_modules/@babel/plugin-transform-private-methods
2366 silly ADD node_modules/@babel/plugin-transform-parameters
2367 silly ADD node_modules/@babel/plugin-transform-optional-chaining
2368 silly ADD node_modules/@babel/plugin-transform-optional-catch-binding
2369 silly ADD node_modules/@babel/plugin-transform-object-super
2370 silly ADD node_modules/@babel/plugin-transform-object-rest-spread
2371 silly ADD node_modules/@babel/plugin-transform-numeric-separator
2372 silly ADD node_modules/@babel/plugin-transform-nullish-coalescing-operator
2373 silly ADD node_modules/@babel/plugin-transform-new-target
2374 silly ADD node_modules/@babel/plugin-transform-named-capturing-groups-regex
2375 silly ADD node_modules/@babel/plugin-transform-modules-umd
2376 silly ADD node_modules/@babel/plugin-transform-modules-systemjs
2377 silly ADD node_modules/@babel/plugin-transform-modules-commonjs
2378 silly ADD node_modules/@babel/plugin-transform-modules-amd
2379 silly ADD node_modules/@babel/plugin-transform-member-expression-literals
2380 silly ADD node_modules/@babel/plugin-transform-logical-assignment-operators
2381 silly ADD node_modules/@babel/plugin-transform-literals
2382 silly ADD node_modules/@babel/plugin-transform-json-strings
2383 silly ADD node_modules/@babel/plugin-transform-function-name
2384 silly ADD node_modules/@babel/plugin-transform-for-of
2385 silly ADD node_modules/@babel/plugin-transform-flow-strip-types
2386 silly ADD node_modules/@babel/plugin-transform-export-namespace-from
2387 silly ADD node_modules/@babel/plugin-transform-exponentiation-operator
2388 silly ADD node_modules/@babel/plugin-transform-explicit-resource-management
2389 silly ADD node_modules/@babel/plugin-transform-dynamic-import
2390 silly ADD node_modules/@babel/plugin-transform-duplicate-named-capturing-groups-regex
2391 silly ADD node_modules/@babel/plugin-transform-duplicate-keys
2392 silly ADD node_modules/@babel/plugin-transform-dotall-regex
2393 silly ADD node_modules/@babel/plugin-transform-destructuring
2394 silly ADD node_modules/@babel/plugin-transform-computed-properties
2395 silly ADD node_modules/@babel/plugin-transform-classes
2396 silly ADD node_modules/@babel/plugin-transform-class-static-block
2397 silly ADD node_modules/@babel/plugin-transform-class-properties
2398 silly ADD node_modules/@babel/plugin-transform-block-scoping
2399 silly ADD node_modules/@babel/plugin-transform-block-scoped-functions
2400 silly ADD node_modules/@babel/plugin-transform-async-to-generator
2401 silly ADD node_modules/@babel/plugin-transform-async-generator-functions
2402 silly ADD node_modules/@babel/plugin-transform-arrow-functions
2403 silly ADD node_modules/@babel/plugin-syntax-unicode-sets-regex
2404 silly ADD node_modules/@babel/plugin-syntax-typescript
2405 silly ADD node_modules/@babel/plugin-syntax-top-level-await
2406 silly ADD node_modules/@babel/plugin-syntax-private-property-in-object
2407 silly ADD node_modules/@babel/plugin-syntax-optional-chaining
2408 silly ADD node_modules/@babel/plugin-syntax-optional-catch-binding
2409 silly ADD node_modules/@babel/plugin-syntax-object-rest-spread
2410 silly ADD node_modules/@babel/plugin-syntax-numeric-separator
2411 silly ADD node_modules/@babel/plugin-syntax-nullish-coalescing-operator
2412 silly ADD node_modules/@babel/plugin-syntax-logical-assignment-operators
2413 silly ADD node_modules/@babel/plugin-syntax-jsx
2414 silly ADD node_modules/@babel/plugin-syntax-json-strings
2415 silly ADD node_modules/@babel/plugin-syntax-import-meta
2416 silly ADD node_modules/@babel/plugin-syntax-import-attributes
2417 silly ADD node_modules/@babel/plugin-syntax-import-assertions
2418 silly ADD node_modules/@babel/plugin-syntax-flow
2419 silly ADD node_modules/@babel/plugin-syntax-export-default-from
2420 silly ADD node_modules/@babel/plugin-syntax-dynamic-import
2421 silly ADD node_modules/@babel/plugin-syntax-decorators
2422 silly ADD node_modules/@babel/plugin-syntax-class-static-block
2423 silly ADD node_modules/@babel/plugin-syntax-class-properties
2424 silly ADD node_modules/@babel/plugin-syntax-bigint
2425 silly ADD node_modules/@babel/plugin-syntax-async-generators
2426 silly ADD node_modules/@babel/plugin-proposal-private-property-in-object
2427 silly ADD node_modules/@babel/plugin-proposal-optional-chaining
2428 silly ADD node_modules/@babel/plugin-proposal-nullish-coalescing-operator
2429 silly ADD node_modules/@babel/plugin-proposal-export-default-from
2430 silly ADD node_modules/@babel/plugin-proposal-decorators
2431 silly ADD node_modules/@babel/plugin-proposal-class-properties
2432 silly ADD node_modules/@babel/plugin-bugfix-v8-static-class-fields-redefine-readonly
2433 silly ADD node_modules/@babel/plugin-bugfix-v8-spread-parameters-in-optional-chaining
2434 silly ADD node_modules/@babel/plugin-bugfix-safari-rest-destructuring-rhs-array
2435 silly ADD node_modules/@babel/plugin-bugfix-safari-id-destructuring-collision-in-function-expression
2436 silly ADD node_modules/@babel/plugin-bugfix-safari-class-field-initializer-scope
2437 silly ADD node_modules/@babel/plugin-bugfix-firefox-class-in-computed-class-key
2438 silly ADD node_modules/@babel/parser
2439 silly ADD node_modules/@babel/highlight
2440 silly ADD node_modules/@babel/highlight/node_modules/supports-color
2441 silly ADD node_modules/@babel/highlight/node_modules/has-flag
2442 silly ADD node_modules/@babel/highlight/node_modules/escape-string-regexp
2443 silly ADD node_modules/@babel/highlight/node_modules/color-name
2444 silly ADD node_modules/@babel/highlight/node_modules/color-convert
2445 silly ADD node_modules/@babel/highlight/node_modules/chalk
2446 silly ADD node_modules/@babel/highlight/node_modules/ansi-styles
2447 silly ADD node_modules/@babel/helpers
2448 silly ADD node_modules/@babel/helper-wrap-function
2449 silly ADD node_modules/@babel/helper-validator-option
2450 silly ADD node_modules/@babel/helper-validator-identifier
2451 silly ADD node_modules/@babel/helper-string-parser
2452 silly ADD node_modules/@babel/helper-skip-transparent-expression-wrappers
2453 silly ADD node_modules/@babel/helper-replace-supers
2454 silly ADD node_modules/@babel/helper-remap-async-to-generator
2455 silly ADD node_modules/@babel/helper-plugin-utils
2456 silly ADD node_modules/@babel/helper-optimise-call-expression
2457 silly ADD node_modules/@babel/helper-module-transforms
2458 silly ADD node_modules/@babel/helper-module-imports
2459 silly ADD node_modules/@babel/helper-member-expression-to-functions
2460 silly ADD node_modules/@babel/helper-globals
2461 silly ADD node_modules/@babel/helper-define-polyfill-provider
2462 silly ADD node_modules/@babel/helper-create-regexp-features-plugin
2463 silly ADD node_modules/@babel/helper-create-class-features-plugin
2464 silly ADD node_modules/@babel/helper-compilation-targets
2465 silly ADD node_modules/@babel/helper-annotate-as-pure
2466 silly ADD node_modules/@babel/generator
2467 silly ADD node_modules/@babel/core
2468 silly ADD node_modules/@babel/compat-data
2469 silly ADD node_modules/@babel/code-frame
2470 silly ADD node_modules/@aws/lambda-invoke-store
2471 silly ADD node_modules/@aws-sdk/xml-builder
2472 silly ADD node_modules/@aws-sdk/types
2473 silly ADD node_modules/@aws-sdk/token-providers
2474 silly ADD node_modules/@aws-sdk/signature-v4-multi-region
2475 silly ADD node_modules/@aws-sdk/s3-request-presigner
2476 silly ADD node_modules/@aws-sdk/nested-clients
2477 silly ADD node_modules/@aws-sdk/middleware-sdk-s3
2478 silly ADD node_modules/@aws-sdk/credential-provider-web-identity
2479 silly ADD node_modules/@aws-sdk/credential-provider-sso
2480 silly ADD node_modules/@aws-sdk/credential-provider-process
2481 silly ADD node_modules/@aws-sdk/credential-provider-node
2482 silly ADD node_modules/@aws-sdk/credential-provider-login
2483 silly ADD node_modules/@aws-sdk/credential-provider-ini
2484 silly ADD node_modules/@aws-sdk/credential-provider-http
2485 silly ADD node_modules/@aws-sdk/credential-provider-env
2486 silly ADD node_modules/@aws-sdk/core
2487 silly ADD node_modules/@aws-sdk/client-s3
2488 silly ADD node_modules/@aws-sdk/checksums
2489 silly ADD node_modules/@0no-co/graphql.web
2490 verbose cwd C:\Users\nviveros30\Documents\BITACORA\bitacora
2491 verbose os Windows_NT 10.0.26100
2492 verbose node v24.15.0
2493 verbose npm  v11.12.1
2494 verbose exit 0
2495 info ok
