0 verbose cli C:\nvm4w\nodejs\node.exe C:\nvm4w\nodejs\node_modules\npm\bin\npm-cli.js
1 info using npm@10.8.2
2 info using node@v20.19.6
3 silly config load:file:C:\Users\nviveros30\AppData\Local\nvm\v20.19.6\node_modules\npm\npmrc
4 silly config load:file:C:\Users\nviveros30\Documents\BITACORA\bitacora\.npmrc
5 silly config load:file:C:\Users\nviveros30\.npmrc
6 silly config load:file:C:\nvm4w\nodejs\etc\npmrc
7 verbose title npm ci
8 verbose argv "ci" "--cache" ".\\.npm-cache" "--prefer-offline"
9 verbose logfile logs-max:10 dir:C:\Users\nviveros30\Documents\BITACORA\bitacora\.npm-cache\_logs\2026-08-08T15_56_10_310Z-
10 verbose logfile C:\Users\nviveros30\Documents\BITACORA\bitacora\.npm-cache\_logs\2026-08-08T15_56_10_310Z-debug-0.log
11 silly packumentCache heap:4345298944 maxSize:1086324736 maxEntrySize:543162368
12 silly logfile done cleaning log files
13 silly idealTree buildDeps
14 warn EBADENGINE Unsupported engine {
14 warn EBADENGINE   package: 'firebase-admin@14.2.0',
14 warn EBADENGINE   required: { node: '>=22' },
14 warn EBADENGINE   current: { node: 'v20.19.6', npm: '10.8.2' }
14 warn EBADENGINE }
15 silly reify moves {}
16 silly audit bulk request {
16 silly audit   '@0no-co/graphql.web': [ '1.3.3' ],
16 silly audit   '@aws-sdk/checksums': [ '3.1000.26' ],
16 silly audit   '@aws-sdk/client-s3': [ '3.1103.0' ],
16 silly audit   '@aws-sdk/core': [ '3.977.6' ],
16 silly audit   '@aws-sdk/credential-provider-env': [ '3.972.67' ],
16 silly audit   '@aws-sdk/credential-provider-http': [ '3.972.69' ],
16 silly audit   '@aws-sdk/credential-provider-ini': [ '3.973.12' ],
16 silly audit   '@aws-sdk/credential-provider-login': [ '3.972.74' ],
16 silly audit   '@aws-sdk/credential-provider-node': [ '3.972.78' ],
16 silly audit   '@aws-sdk/credential-provider-process': [ '3.972.67' ],
16 silly audit   '@aws-sdk/credential-provider-sso': [ '3.973.11' ],
16 silly audit   '@aws-sdk/credential-provider-web-identity': [ '3.972.73' ],
16 silly audit   '@aws-sdk/middleware-sdk-s3': [ '3.972.72' ],
16 silly audit   '@aws-sdk/nested-clients': [ '3.997.41' ],
16 silly audit   '@aws-sdk/s3-request-presigner': [ '3.1103.0' ],
16 silly audit   '@aws-sdk/signature-v4-multi-region': [ '3.996.43' ],
16 silly audit   '@aws-sdk/token-providers': [ '3.1103.0' ],
16 silly audit   '@aws-sdk/types': [ '3.974.2' ],
16 silly audit   '@aws-sdk/xml-builder': [ '3.972.37' ],
16 silly audit   '@aws/lambda-invoke-store': [ '0.3.0' ],
16 silly audit   '@babel/code-frame': [ '7.29.7', '7.10.4' ],
16 silly audit   '@babel/compat-data': [ '7.29.7' ],
16 silly audit   '@babel/core': [ '7.29.7' ],
16 silly audit   '@babel/generator': [ '7.29.7' ],
16 silly audit   '@babel/helper-annotate-as-pure': [ '7.29.7' ],
16 silly audit   '@babel/helper-compilation-targets': [ '7.29.7' ],
16 silly audit   '@babel/helper-create-class-features-plugin': [ '7.29.7' ],
16 silly audit   '@babel/helper-create-regexp-features-plugin': [ '7.29.7' ],
16 silly audit   '@babel/helper-define-polyfill-provider': [ '0.6.8' ],
16 silly audit   '@babel/helper-globals': [ '7.29.7' ],
16 silly audit   '@babel/helper-member-expression-to-functions': [ '7.29.7' ],
16 silly audit   '@babel/helper-module-imports': [ '7.29.7' ],
16 silly audit   '@babel/helper-module-transforms': [ '7.29.7' ],
16 silly audit   '@babel/helper-optimise-call-expression': [ '7.29.7' ],
16 silly audit   '@babel/helper-plugin-utils': [ '7.29.7' ],
16 silly audit   '@babel/helper-remap-async-to-generator': [ '7.29.7' ],
16 silly audit   '@babel/helper-replace-supers': [ '7.29.7' ],
16 silly audit   '@babel/helper-skip-transparent-expression-wrappers': [ '7.29.7' ],
16 silly audit   '@babel/helper-string-parser': [ '7.29.7' ],
16 silly audit   '@babel/helper-validator-identifier': [ '7.29.7' ],
16 silly audit   '@babel/helper-validator-option': [ '7.29.7' ],
16 silly audit   '@babel/helper-wrap-function': [ '7.29.7' ],
16 silly audit   '@babel/helpers': [ '7.29.7' ],
16 silly audit   '@babel/highlight': [ '7.25.9' ],
16 silly audit   'ansi-styles': [ '3.2.1', '6.2.3', '4.3.0', '5.2.0' ],
16 silly audit   chalk: [ '2.4.2', '4.1.2' ],
16 silly audit   'color-convert': [ '1.9.3', '2.0.1' ],
16 silly audit   'color-name': [ '1.1.3', '1.1.4' ],
16 silly audit   'escape-string-regexp': [ '1.0.5', '4.0.0', '2.0.0' ],
16 silly audit   'has-flag': [ '3.0.0', '4.0.0' ],
16 silly audit   'supports-color': [ '5.5.0', '8.1.1', '7.2.0' ],
16 silly audit   '@babel/parser': [ '7.29.7' ],
16 silly audit   '@babel/plugin-bugfix-firefox-class-in-computed-class-key': [ '7.29.7' ],
16 silly audit   '@babel/plugin-bugfix-safari-class-field-initializer-scope': [ '7.29.7' ],
16 silly audit   '@babel/plugin-bugfix-safari-id-destructuring-collision-in-function-expression': [ '7.29.7' ],
16 silly audit   '@babel/plugin-bugfix-safari-rest-destructuring-rhs-array': [ '7.29.7' ],
16 silly audit   '@babel/plugin-bugfix-v8-spread-parameters-in-optional-chaining': [ '7.29.7' ],
16 silly audit   '@babel/plugin-bugfix-v8-static-class-fields-redefine-readonly': [ '7.29.7' ],
16 silly audit   '@babel/plugin-proposal-class-properties': [ '7.18.6' ],
16 silly audit   '@babel/plugin-proposal-decorators': [ '7.29.7' ],
16 silly audit   '@babel/plugin-proposal-export-default-from': [ '7.29.7' ],
16 silly audit   '@babel/plugin-proposal-nullish-coalescing-operator': [ '7.18.6' ],
16 silly audit   '@babel/plugin-proposal-optional-chaining': [ '7.21.0' ],
16 silly audit   '@babel/plugin-proposal-private-property-in-object': [ '7.21.0-placeholder-for-preset-env.2' ],
16 silly audit   '@babel/plugin-syntax-async-generators': [ '7.8.4' ],
16 silly audit   '@babel/plugin-syntax-bigint': [ '7.8.3' ],
16 silly audit   '@babel/plugin-syntax-class-properties': [ '7.12.13' ],
16 silly audit   '@babel/plugin-syntax-class-static-block': [ '7.14.5' ],
16 silly audit   '@babel/plugin-syntax-decorators': [ '7.29.7' ],
16 silly audit   '@babel/plugin-syntax-dynamic-import': [ '7.8.3' ],
16 silly audit   '@babel/plugin-syntax-export-default-from': [ '7.29.7' ],
16 silly audit   '@babel/plugin-syntax-flow': [ '7.29.7' ],
16 silly audit   '@babel/plugin-syntax-import-assertions': [ '7.29.7' ],
16 silly audit   '@babel/plugin-syntax-import-attributes': [ '7.29.7' ],
16 silly audit   '@babel/plugin-syntax-import-meta': [ '7.10.4' ],
16 silly audit   '@babel/plugin-syntax-json-strings': [ '7.8.3' ],
16 silly audit   '@babel/plugin-syntax-jsx': [ '7.29.7' ],
16 silly audit   '@babel/plugin-syntax-logical-assignment-operators': [ '7.10.4' ],
16 silly audit   '@babel/plugin-syntax-nullish-coalescing-operator': [ '7.8.3' ],
16 silly audit   '@babel/plugin-syntax-numeric-separator': [ '7.10.4' ],
16 silly audit   '@babel/plugin-syntax-object-rest-spread': [ '7.8.3' ],
16 silly audit   '@babel/plugin-syntax-optional-catch-binding': [ '7.8.3' ],
16 silly audit   '@babel/plugin-syntax-optional-chaining': [ '7.8.3' ],
16 silly audit   '@babel/plugin-syntax-private-property-in-object': [ '7.14.5' ],
16 silly audit   '@babel/plugin-syntax-top-level-await': [ '7.14.5' ],
16 silly audit   '@babel/plugin-syntax-typescript': [ '7.29.7' ],
16 silly audit   '@babel/plugin-syntax-unicode-sets-regex': [ '7.18.6' ],
16 silly audit   '@babel/plugin-transform-arrow-functions': [ '7.29.7' ],
16 silly audit   '@babel/plugin-transform-async-generator-functions': [ '7.29.7' ],
16 silly audit   '@babel/plugin-transform-async-to-generator': [ '7.29.7' ],
16 silly audit   '@babel/plugin-transform-block-scoped-functions': [ '7.29.7' ],
16 silly audit   '@babel/plugin-transform-block-scoping': [ '7.29.7' ],
16 silly audit   '@babel/plugin-transform-class-properties': [ '7.29.7' ],
16 silly audit   '@babel/plugin-transform-class-static-block': [ '7.29.7' ],
16 silly audit   '@babel/plugin-transform-classes': [ '7.29.7' ],
16 silly audit   '@babel/plugin-transform-computed-properties': [ '7.29.7' ],
16 silly audit   '@babel/plugin-transform-destructuring': [ '7.29.7' ],
16 silly audit   '@babel/plugin-transform-dotall-regex': [ '7.29.7' ],
16 silly audit   '@babel/plugin-transform-duplicate-keys': [ '7.29.7' ],
16 silly audit   '@babel/plugin-transform-duplicate-named-capturing-groups-regex': [ '7.29.7' ],
16 silly audit   '@babel/plugin-transform-dynamic-import': [ '7.29.7' ],
16 silly audit   '@babel/plugin-transform-explicit-resource-management': [ '7.29.7' ],
16 silly audit   '@babel/plugin-transform-exponentiation-operator': [ '7.29.7' ],
16 silly audit   '@babel/plugin-transform-export-namespace-from': [ '7.29.7' ],
16 silly audit   '@babel/plugin-transform-flow-strip-types': [ '7.29.7' ],
16 silly audit   '@babel/plugin-transform-for-of': [ '7.29.7' ],
16 silly audit   '@babel/plugin-transform-function-name': [ '7.29.7' ],
16 silly audit   '@babel/plugin-transform-json-strings': [ '7.29.7' ],
16 silly audit   '@babel/plugin-transform-literals': [ '7.29.7' ],
16 silly audit   '@babel/plugin-transform-logical-assignment-operators': [ '7.29.7' ],
16 silly audit   '@babel/plugin-transform-member-expression-literals': [ '7.29.7' ],
16 silly audit   '@babel/plugin-transform-modules-amd': [ '7.29.7' ],
16 silly audit   '@babel/plugin-transform-modules-commonjs': [ '7.29.7' ],
16 silly audit   '@babel/plugin-transform-modules-systemjs': [ '7.29.7' ],
16 silly audit   '@babel/plugin-transform-modules-umd': [ '7.29.7' ],
16 silly audit   '@babel/plugin-transform-named-capturing-groups-regex': [ '7.29.7' ],
16 silly audit   '@babel/plugin-transform-new-target': [ '7.29.7' ],
16 silly audit   '@babel/plugin-transform-nullish-coalescing-operator': [ '7.29.7' ],
16 silly audit   '@babel/plugin-transform-numeric-separator': [ '7.29.7' ],
16 silly audit   '@babel/plugin-transform-object-rest-spread': [ '7.29.7' ],
16 silly audit   '@babel/plugin-transform-object-super': [ '7.29.7' ],
16 silly audit   '@babel/plugin-transform-optional-catch-binding': [ '7.29.7' ],
16 silly audit   '@babel/plugin-transform-optional-chaining': [ '7.29.7' ],
16 silly audit   '@babel/plugin-transform-parameters': [ '7.29.7' ],
16 silly audit   '@babel/plugin-transform-private-methods': [ '7.29.7' ],
16 silly audit   '@babel/plugin-transform-private-property-in-object': [ '7.29.7' ],
16 silly audit   '@babel/plugin-transform-property-literals': [ '7.29.7' ],
16 silly audit   '@babel/plugin-transform-react-display-name': [ '7.29.7' ],
16 silly audit   '@babel/plugin-transform-react-jsx': [ '7.29.7' ],
16 silly audit   '@babel/plugin-transform-react-jsx-development': [ '7.29.7' ],
16 silly audit   '@babel/plugin-transform-react-jsx-self': [ '7.29.7' ],
16 silly audit   '@babel/plugin-transform-react-jsx-source': [ '7.29.7' ],
16 silly audit   '@babel/plugin-transform-react-pure-annotations': [ '7.29.7' ],
16 silly audit   '@babel/plugin-transform-regenerator': [ '7.29.7' ],
16 silly audit   '@babel/plugin-transform-regexp-modifiers': [ '7.29.7' ],
16 silly audit   '@babel/plugin-transform-reserved-words': [ '7.29.7' ],
16 silly audit   '@babel/plugin-transform-runtime': [ '7.29.7' ],
16 silly audit   '@babel/plugin-transform-shorthand-properties': [ '7.29.7' ],
16 silly audit   '@babel/plugin-transform-spread': [ '7.29.7' ],
16 silly audit   '@babel/plugin-transform-sticky-regex': [ '7.29.7' ],
16 silly audit   '@babel/plugin-transform-template-literals': [ '7.29.7' ],
16 silly audit   '@babel/plugin-transform-typeof-symbol': [ '7.29.7' ],
16 silly audit   '@babel/plugin-transform-typescript': [ '7.29.7' ],
16 silly audit   '@babel/plugin-transform-unicode-escapes': [ '7.29.7' ],
16 silly audit   '@babel/plugin-transform-unicode-property-regex': [ '7.29.7' ],
16 silly audit   '@babel/plugin-transform-unicode-regex': [ '7.29.7' ],
16 silly audit   '@babel/plugin-transform-unicode-sets-regex': [ '7.29.7' ],
16 silly audit   '@babel/preset-env': [ '7.29.7' ],
16 silly audit   'babel-plugin-polyfill-corejs3': [ '0.14.2', '0.13.0' ],
16 silly audit   '@babel/preset-flow': [ '7.29.7' ],
16 silly audit   '@babel/preset-modules': [ '0.1.6-no-external-plugins' ],
16 silly audit   '@babel/preset-react': [ '7.29.7' ],
16 silly audit   '@babel/preset-typescript': [ '7.29.7' ],
16 silly audit   '@babel/register': [ '7.29.7' ],
16 silly audit   '@babel/runtime': [ '7.29.7' ],
16 silly audit   '@babel/template': [ '7.29.7' ],
16 silly audit   '@babel/traverse': [ '7.29.7' ],
16 silly audit   '@babel/types': [ '7.29.7' ],
16 silly audit   '@bytecodealliance/preview2-shim': [ '0.17.6' ],
16 silly audit   '@edge-runtime/format': [ '2.2.1' ],
16 silly audit   '@edge-runtime/node-utils': [ '2.3.0' ],
16 silly audit   '@edge-runtime/ponyfill': [ '2.4.2' ],
16 silly audit   '@edge-runtime/primitives': [ '4.1.0' ],
16 silly audit   '@edge-runtime/vm': [ '3.2.0' ],
16 silly audit   '@esbuild/aix-ppc64': [ '0.27.0' ],
16 silly audit   '@esbuild/android-arm': [ '0.27.0' ],
16 silly audit   '@esbuild/android-arm64': [ '0.27.0' ],
16 silly audit   '@esbuild/android-x64': [ '0.27.0' ],
16 silly audit   '@esbuild/darwin-arm64': [ '0.27.0' ],
16 silly audit   '@esbuild/darwin-x64': [ '0.27.0' ],
16 silly audit   '@esbuild/freebsd-arm64': [ '0.27.0' ],
16 silly audit   '@esbuild/freebsd-x64': [ '0.27.0' ],
16 silly audit   '@esbuild/linux-arm': [ '0.27.0' ],
16 silly audit   '@esbuild/linux-arm64': [ '0.27.0' ],
16 silly audit   '@esbuild/linux-ia32': [ '0.27.0' ],
16 silly audit   '@esbuild/linux-loong64': [ '0.27.0' ],
16 silly audit   '@esbuild/linux-mips64el': [ '0.27.0' ],
16 silly audit   '@esbuild/linux-ppc64': [ '0.27.0' ],
16 silly audit   '@esbuild/linux-riscv64': [ '0.27.0' ],
16 silly audit   '@esbuild/linux-s390x': [ '0.27.0' ],
16 silly audit   '@esbuild/linux-x64': [ '0.27.0' ],
16 silly audit   '@esbuild/netbsd-arm64': [ '0.27.0' ],
16 silly audit   '@esbuild/netbsd-x64': [ '0.27.0' ],
16 silly audit   '@esbuild/openbsd-arm64': [ '0.27.0' ],
16 silly audit   '@esbuild/openbsd-x64': [ '0.27.0' ],
16 silly audit   '@esbuild/openharmony-arm64': [ '0.27.0' ],
16 silly audit   '@esbuild/sunos-x64': [ '0.27.0' ],
16 silly audit   '@esbuild/win32-arm64': [ '0.27.0' ],
16 silly audit   '@esbuild/win32-ia32': [ '0.27.0' ],
16 silly audit   '@esbuild/win32-x64': [ '0.27.0' ],
16 silly audit   '@expo/bunyan': [ '4.0.1' ],
16 silly audit   '@expo/cli': [ '0.22.28' ],
16 silly audit   semver: [ '7.8.5', '5.7.2', '7.6.3', '6.3.1' ],
16 silly audit   '@expo/code-signing-certificates': [ '0.0.6' ],
16 silly audit   '@expo/config': [ '10.0.11' ],
16 silly audit   '@expo/config-plugins': [ '9.0.17' ],
16 silly audit   '@expo/json-file': [ '9.0.2', '9.1.5', '11.0.1' ],
16 silly audit   '@expo/config-types': [ '52.0.5' ],
16 silly audit   '@expo/devcert': [ '1.2.1' ],
16 silly audit   debug: [ '3.2.7', '2.6.9', '4.4.3' ],
16 silly audit   '@expo/env': [ '0.4.2' ],
16 silly audit   '@expo/fingerprint': [ '0.11.11' ],
16 silly audit   '@expo/image-utils': [ '0.6.5' ],
16 silly audit   'fs-extra': [ '9.0.0', '9.1.0', '11.1.1', '8.1.0' ],
16 silly audit   jsonfile: [ '6.2.1', '4.0.0' ],
16 silly audit   universalify: [ '2.0.1', '1.0.0', '0.1.2' ],
16 silly audit   '@expo/metro-config': [ '0.19.12' ],
16 silly audit   '@expo/metro-runtime': [ '4.0.1' ],
16 silly audit   '@expo/osascript': [ '2.7.1' ],
16 silly audit   '@expo/package-manager': [ '1.13.1' ],
16 silly audit   '@expo/plist': [ '0.2.2' ],
16 silly audit   '@expo/prebuild-config': [ '8.2.0' ],
16 silly audit   '@expo/rudder-sdk-node': [ '1.1.1' ],
16 silly audit   '@expo/sdk-runtime-versions': [ '1.0.0' ],
16 silly audit   '@expo/server': [ '0.5.3' ],
16 silly audit   '@expo/spawn-async': [ '1.8.0' ],
16 silly audit   '@expo/sudo-prompt': [ '9.3.2' ],
16 silly audit   '@expo/vector-icons': [ '14.0.4' ],
16 silly audit   '@expo/ws-tunnel': [ '1.0.6' ],
16 silly audit   '@expo/xcpretty': [ '4.4.4' ],
16 silly audit   '@fastify/busboy': [ '3.2.0', '2.1.1' ],
16 silly audit   '@firebase/analytics': [ '0.10.8' ],
16 silly audit   '@firebase/analytics-compat': [ '0.2.14' ],
16 silly audit   '@firebase/analytics-types': [ '0.8.2' ],
16 silly audit   '@firebase/app': [ '0.10.13' ],
16 silly audit   '@firebase/app-check': [ '0.8.8' ],
16 silly audit   '@firebase/app-check-compat': [ '0.3.15' ],
16 silly audit   '@firebase/app-check-interop-types': [ '0.3.2', '0.3.4' ],
16 silly audit   '@firebase/app-check-types': [ '0.5.2' ],
16 silly audit   '@firebase/app-compat': [ '0.2.43' ],
16 silly audit   '@firebase/app-types': [ '0.9.2', '0.9.5' ],
16 silly audit   '@firebase/auth': [ '1.7.9' ],
16 silly audit   '@firebase/auth-compat': [ '0.5.14' ],
16 silly audit   undici: [ '6.19.7', '5.28.4', '6.28.0' ],
16 silly audit   '@firebase/auth-interop-types': [ '0.2.3', '0.2.5' ],
16 silly audit   '@firebase/auth-types': [ '0.12.2' ],
16 silly audit   '@firebase/component': [ '0.6.9', '0.7.4' ],
16 silly audit   '@firebase/data-connect': [ '0.1.0' ],
16 silly audit   '@firebase/database': [ '1.0.8', '1.1.4' ],
16 silly audit   '@firebase/database-compat': [ '1.0.8', '2.1.5' ],
16 silly audit   '@firebase/database-types': [ '1.0.5', '1.0.21' ],
16 silly audit   '@firebase/firestore': [ '4.7.3' ],
16 silly audit   '@firebase/firestore-compat': [ '0.3.38' ],
16 silly audit   '@firebase/firestore-types': [ '3.0.2' ],
16 silly audit   '@firebase/functions': [ '0.11.8' ],
16 silly audit   '@firebase/functions-compat': [ '0.3.14' ],
16 silly audit   '@firebase/functions-types': [ '0.6.2' ],
16 silly audit   '@firebase/installations': [ '0.6.9' ],
16 silly audit   '@firebase/installations-compat': [ '0.2.9' ],
16 silly audit   '@firebase/installations-types': [ '0.5.2' ],
16 silly audit   '@firebase/logger': [ '0.4.2', '0.5.1' ],
16 silly audit   '@firebase/messaging': [ '0.12.12' ],
16 silly audit   '@firebase/messaging-compat': [ '0.2.12' ],
16 silly audit   '@firebase/messaging-interop-types': [ '0.2.2' ],
16 silly audit   '@firebase/performance': [ '0.6.9' ],
16 silly audit   '@firebase/performance-compat': [ '0.2.9' ],
16 silly audit   '@firebase/performance-types': [ '0.2.2' ],
16 silly audit   '@firebase/remote-config': [ '0.4.9' ],
16 silly audit   '@firebase/remote-config-compat': [ '0.2.9' ],
16 silly audit   '@firebase/remote-config-types': [ '0.3.2' ],
16 silly audit   '@firebase/storage': [ '0.13.2' ],
16 silly audit   '@firebase/storage-compat': [ '0.3.12' ],
16 silly audit   '@firebase/storage-types': [ '0.8.2' ],
16 silly audit   '@firebase/util': [ '1.10.0', '1.15.2' ],
16 silly audit   '@firebase/vertexai-preview': [ '0.0.4' ],
16 silly audit   '@firebase/webchannel-wrapper': [ '1.0.1' ],
16 silly audit   '@google-cloud/firestore': [ '8.7.0' ],
16 silly audit   '@google-cloud/paginator': [ '5.0.2' ],
16 silly audit   '@google-cloud/projectify': [ '4.0.0' ],
16 silly audit   '@google-cloud/promisify': [ '4.0.0' ],
16 silly audit   '@google-cloud/storage': [ '7.21.0' ],
16 silly audit   'gcp-metadata': [ '6.1.1', '8.1.2' ],
16 silly audit   'google-auth-library': [ '9.15.1', '10.9.1', '10.5.0' ],
16 silly audit   'google-logging-utils': [ '0.0.2', '1.1.3' ],
16 silly audit   mime: [ '3.0.0', '1.6.0' ],
16 silly audit   '@grpc/grpc-js': [ '1.9.16', '1.14.4' ],
16 silly audit   '@grpc/proto-loader': [ '0.7.15', '0.8.1' ],
16 silly audit   '@isaacs/balanced-match': [ '4.0.1' ],
16 silly audit   '@isaacs/brace-expansion': [ '5.0.1' ],
16 silly audit   '@isaacs/cliui': [ '8.0.2' ],
16 silly audit   'wrap-ansi': [ '8.1.0', '7.0.0' ],
16 silly audit   '@isaacs/fs-minipass': [ '4.0.1' ],
16 silly audit   '@isaacs/ttlcache': [ '1.4.1' ],
16 silly audit   '@istanbuljs/load-nyc-config': [ '1.1.0' ],
16 silly audit   argparse: [ '1.0.10', '2.0.1' ],
16 silly audit   'find-up': [ '4.1.0', '5.0.0', '3.0.0' ],
16 silly audit   'js-yaml': [ '3.15.0', '4.1.1', '4.3.0' ],
16 silly audit   'locate-path': [ '5.0.0', '6.0.0', '3.0.0' ],
16 silly audit   'p-limit': [ '2.3.0', '3.1.0' ],
16 silly audit   'p-locate': [ '4.1.0', '5.0.0', '3.0.0' ],
16 silly audit   '@istanbuljs/schema': [ '0.1.6' ],
16 silly audit   '@jest/create-cache-key-function': [ '29.7.0' ],
16 silly audit   '@jest/environment': [ '29.7.0' ],
16 silly audit   '@jest/fake-timers': [ '29.7.0' ],
16 silly audit   '@jest/schemas': [ '29.6.3' ],
16 silly audit   '@jest/transform': [ '29.7.0' ],
16 silly audit   'signal-exit': [ '3.0.7', '4.0.2', '4.1.0' ],
16 silly audit   'write-file-atomic': [ '4.0.2', '2.4.3' ],
16 silly audit   '@jest/types': [ '29.6.3' ],
16 silly audit   '@jridgewell/gen-mapping': [ '0.3.13' ],
16 silly audit   '@jridgewell/remapping': [ '2.3.5' ],
16 silly audit   '@jridgewell/resolve-uri': [ '3.1.2' ],
16 silly audit   '@jridgewell/source-map': [ '0.3.11' ],
16 silly audit   '@jridgewell/sourcemap-codec': [ '1.5.5' ],
16 silly audit   '@jridgewell/trace-mapping': [ '0.3.31' ],
16 silly audit   '@js-sdsl/ordered-map': [ '4.4.2' ],
16 silly audit   '@mapbox/node-pre-gyp': [ '2.0.3' ],
16 silly audit   chownr: [ '3.0.0', '2.0.0' ],
16 silly audit   'detect-libc': [ '2.1.2', '1.0.3' ],
16 silly audit   minizlib: [ '3.1.0', '2.1.2' ],
16 silly audit   tar: [ '7.5.22', '6.2.1' ],
16 silly audit   yallist: [ '5.0.0', '4.0.0', '3.1.1' ],
16 silly audit   '@nodable/entities': [ '3.0.0' ],
16 silly audit   '@nodelib/fs.scandir': [ '2.1.5' ],
16 silly audit   '@nodelib/fs.stat': [ '2.0.5' ],
16 silly audit   '@nodelib/fs.walk': [ '1.2.8' ],
16 silly audit   '@npmcli/fs': [ '3.1.1' ],
16 silly audit   '@opentelemetry/api': [ '1.9.1' ],
16 silly audit   '@pkgjs/parseargs': [ '0.11.0' ],
16 silly audit   '@protobufjs/aspromise': [ '1.1.2' ],
16 silly audit   '@protobufjs/base64': [ '1.1.2' ],
16 silly audit   '@protobufjs/codegen': [ '2.0.5' ],
16 silly audit   '@protobufjs/eventemitter': [ '1.1.1' ],
16 silly audit   '@protobufjs/fetch': [ '1.1.1' ],
16 silly audit   '@protobufjs/float': [ '1.0.2' ],
16 silly audit   '@protobufjs/path': [ '1.1.2' ],
16 silly audit   '@protobufjs/pool': [ '1.1.0' ],
16 silly audit   '@protobufjs/utf8': [ '1.1.2' ],
16 silly audit   '@radix-ui/react-compose-refs': [ '1.0.0' ],
16 silly audit   '@radix-ui/react-slot': [ '1.0.1' ],
16 silly audit   '@react-native-async-storage/async-storage': [ '1.23.1' ],
16 silly audit   '@react-native/assets-registry': [ '0.76.5' ],
16 silly audit   '@react-native/babel-plugin-codegen': [ '0.76.9', '0.76.5' ],
16 silly audit   '@react-native/babel-preset': [ '0.76.9', '0.76.5' ],
16 silly audit   '@react-native/codegen': [ '0.76.9', '0.76.5' ],
16 silly audit   glob: [ '7.2.3', '13.0.6', '10.5.0' ],
16 silly audit   '@react-native/community-cli-plugin': [ '0.76.5' ],
16 silly audit   '@react-native/debugger-frontend': [ '0.76.5', '0.76.9' ],
16 silly audit   '@react-native/dev-middleware': [ '0.76.5', '0.76.9' ],
16 silly audit   execa: [ '5.1.1', '1.0.0' ],
16 silly audit   'get-stream': [ '6.0.1', '4.1.0' ],
16 silly audit   'is-stream': [ '2.0.1', '1.1.0' ],
16 silly audit   'mimic-fn': [ '2.1.0', '1.2.0' ],
16 silly audit   ms: [ '2.0.0', '2.1.3' ],
16 silly audit   'npm-run-path': [ '4.0.1', '2.0.2' ],
16 silly audit   onetime: [ '5.1.2', '2.0.1' ],
16 silly audit   ws: [ '6.2.6', '7.5.13', '8.21.1' ],
16 silly audit   '@react-native/gradle-plugin': [ '0.76.5' ],
16 silly audit   '@react-native/js-polyfills': [ '0.76.5' ],
16 silly audit   '@react-native/metro-babel-transformer': [ '0.76.5' ],
16 silly audit   '@react-native/normalize-colors': [ '0.76.9', '0.74.89', '0.76.5' ],
16 silly audit   '@react-native/virtualized-lists': [ '0.76.5' ],
16 silly audit   '@react-navigation/bottom-tabs': [ '7.18.14' ],
16 silly audit   '@react-navigation/core': [ '7.21.11' ],
16 silly audit   '@react-navigation/elements': [ '2.9.36' ],
16 silly audit   '@react-navigation/native': [ '7.3.14' ],
16 silly audit   '@react-navigation/native-stack': [ '7.18.6' ],
16 silly audit   '@react-navigation/routers': [ '7.6.4' ],
16 silly audit   '@renovatebot/pep440': [ '4.2.1' ],
16 silly audit   '@rollup/pluginutils': [ '5.4.0' ],
16 silly audit   picomatch: [ '4.0.5', '2.3.2', '3.0.2' ],
16 silly audit   '@segment/loosely-validate-event': [ '2.0.0' ],
16 silly audit   '@sinclair/typebox': [ '0.27.12' ],
16 silly audit   '@sinonjs/commons': [ '3.0.1' ],
16 silly audit   '@sinonjs/fake-timers': [ '10.3.0' ],
16 silly audit   '@smithy/core': [ '3.31.1' ],
16 silly audit   '@smithy/credential-provider-imds': [ '4.4.16' ],
16 silly audit   '@smithy/fetch-http-handler': [ '5.6.13' ],
16 silly audit   '@smithy/node-http-handler': [ '4.9.13' ],
16 silly audit   '@smithy/signature-v4': [ '5.6.12' ],
16 silly audit   '@smithy/types': [ '4.16.1' ],
16 silly audit   '@tootallnate/once': [ '2.0.1' ],
16 silly audit   '@ts-morph/common': [ '0.11.1' ],
16 silly audit   mkdirp: [ '1.0.4', '0.5.6' ],
16 silly audit   '@types/babel__core': [ '7.20.5' ],
16 silly audit   '@types/babel__generator': [ '7.27.0' ],
16 silly audit   '@types/babel__template': [ '7.4.4' ],
16 silly audit   '@types/babel__traverse': [ '7.28.0' ],
16 silly audit   '@types/caseless': [ '0.12.5' ],
16 silly audit   '@types/estree': [ '1.0.9' ],
16 silly audit   '@types/graceful-fs': [ '4.1.9' ],
16 silly audit   '@types/istanbul-lib-coverage': [ '2.0.6' ],
16 silly audit   '@types/istanbul-lib-report': [ '3.0.3' ],
16 silly audit   '@types/istanbul-reports': [ '3.0.4' ],
16 silly audit   '@types/json-schema': [ '7.0.15' ],
16 silly audit   '@types/jsonwebtoken': [ '9.0.10' ],
16 silly audit   '@types/ms': [ '2.1.0' ],
16 silly audit   '@types/node': [ '26.1.2', '20.11.0' ],
16 silly audit   '@types/node-forge': [ '1.3.14' ],
16 silly audit   '@types/prop-types': [ '15.7.15' ],
16 silly audit   '@types/react': [ '18.3.31' ],
16 silly audit   '@types/request': [ '2.48.13' ],
16 silly audit   'form-data': [ '2.5.6', '3.0.5' ],
16 silly audit   '@types/stack-utils': [ '2.0.3' ],
16 silly audit   '@types/tough-cookie': [ '4.0.5' ],
16 silly audit   '@types/yargs': [ '17.0.35' ],
16 silly audit   '@types/yargs-parser': [ '21.0.3' ],
16 silly audit   '@urql/core': [ '5.2.0' ],
16 silly audit   '@urql/exchange-retry': [ '1.3.2' ],
16 silly audit   '@vercel/build-utils': [ '13.36.3' ],
16 silly audit   'es-module-lexer': [ '1.5.0', '1.4.1' ],
16 silly audit   '@vercel/error-utils': [ '2.2.0' ],
16 silly audit   '@vercel/nft': [ '1.10.0' ],
16 silly audit   'balanced-match': [ '4.0.4', '1.0.2' ],
16 silly audit   'brace-expansion': [ '5.0.9', '1.1.16', '2.1.3' ],
16 silly audit   'lru-cache': [ '11.5.2', '10.4.3', '5.1.1' ],
16 silly audit   minimatch: [ '10.2.6', '10.1.1', '9.0.9', '3.1.5' ],
16 silly audit   'path-scurry': [ '2.0.2', '1.11.1' ],
16 silly audit   '@vercel/node': [ '5.9.3' ],
16 silly audit   'node-fetch': [ '2.6.9', '3.3.2', '2.7.0' ],
16 silly audit   typescript: [ '5.9.3', '5.3.3' ],
16 silly audit   'undici-types': [ '5.26.5', '8.3.0' ],
16 silly audit   '@vercel/python-analysis': [ '0.12.0' ],
16 silly audit   '@vercel/static-config': [ '3.4.0' ],
16 silly audit   ajv: [ '8.6.3', '8.20.0' ],
16 silly audit   '@xmldom/xmldom': [ '0.7.13', '0.9.10' ],
16 silly audit   abbrev: [ '3.0.1' ],
16 silly audit   'abort-controller': [ '3.0.0' ],
16 silly audit   accepts: [ '1.3.8' ],
16 silly audit   acorn: [ '8.18.0' ],
16 silly audit   'acorn-import-attributes': [ '1.9.5' ],
16 silly audit   'agent-base': [ '7.1.4', '6.0.2' ],
16 silly audit   'aggregate-error': [ '3.1.0' ],
16 silly audit   'ajv-formats': [ '2.1.1' ],
16 silly audit   'ajv-keywords': [ '5.1.0' ],
16 silly audit   anser: [ '1.4.10' ],
16 silly audit   'ansi-escapes': [ '4.3.2' ],
16 silly audit   'type-fest': [ '0.21.3', '0.16.0', '0.7.1' ],
16 silly audit   'ansi-regex': [ '5.0.1', '4.1.1', '6.2.2' ],
16 silly audit   'any-promise': [ '1.3.0' ],
16 silly audit   anymatch: [ '3.1.3' ],
16 silly audit   anynum: [ '1.0.1' ],
16 silly audit   arg: [ '5.0.2' ],
16 silly audit   'array-union': [ '2.1.0' ],
16 silly audit   arrify: [ '2.0.1' ],
16 silly audit   asap: [ '2.0.6' ],
16 silly audit   'ast-types': [ '0.15.2' ],
16 silly audit   'async-limiter': [ '1.0.1' ],
16 silly audit   'async-listen': [ '3.0.0', '3.0.1' ],
16 silly audit   'async-retry': [ '1.3.3' ],
16 silly audit   'async-sema': [ '3.1.1' ],
16 silly audit   asynckit: [ '0.4.0' ],
16 silly audit   'at-least-node': [ '1.0.0' ],
16 silly audit   'babel-core': [ '7.0.0-bridge.0' ],
16 silly audit   'babel-jest': [ '29.7.0' ],
16 silly audit   'babel-plugin-istanbul': [ '6.1.1' ],
16 silly audit   'babel-plugin-jest-hoist': [ '29.6.3' ],
16 silly audit   'babel-plugin-polyfill-corejs2': [ '0.4.17' ],
16 silly audit   'babel-plugin-polyfill-regenerator': [ '0.6.8' ],
16 silly audit   'babel-plugin-react-native-web': [ '0.19.13' ],
16 silly audit   'babel-plugin-syntax-hermes-parser': [ '0.25.1', '0.23.1' ],
16 silly audit   'hermes-estree': [ '0.25.1', '0.23.1' ],
16 silly audit   'hermes-parser': [ '0.25.1', '0.23.1' ],
16 silly audit   'babel-plugin-transform-flow-enums': [ '0.0.2' ],
16 silly audit   'babel-preset-current-node-syntax': [ '1.2.0' ],
16 silly audit   'babel-preset-expo': [ '12.0.12' ],
16 silly audit   'babel-preset-jest': [ '29.6.3' ],
16 silly audit   'base64-js': [ '1.5.1' ],
16 silly audit   'baseline-browser-mapping': [ '2.11.6' ],
16 silly audit   'better-opn': [ '3.0.2' ],
16 silly audit   open: [ '8.4.2', '7.4.2' ],
16 silly audit   'big-integer': [ '1.6.52' ],
16 silly audit   'bignumber.js': [ '9.3.1' ],
16 silly audit   bindings: [ '1.5.0' ],
16 silly audit   bowser: [ '2.14.1' ],
16 silly audit   'bplist-creator': [ '0.0.7', '0.1.0' ],
16 silly audit   'bplist-parser': [ '0.3.2', '0.3.1' ],
16 silly audit   braces: [ '3.0.3' ],
16 silly audit   browserslist: [ '4.28.7' ],
16 silly audit   bser: [ '2.1.1' ],
16 silly audit   buffer: [ '5.7.1' ],
16 silly audit   'buffer-alloc': [ '1.2.0' ],
16 silly audit   'buffer-alloc-unsafe': [ '1.1.0' ],
16 silly audit   'buffer-equal-constant-time': [ '1.0.1' ],
16 silly audit   'buffer-fill': [ '1.0.0' ],
16 silly audit   'buffer-from': [ '1.1.2' ],
16 silly audit   bytes: [ '3.1.2' ],
16 silly audit   cacache: [ '18.0.4' ],
16 silly audit   'call-bind-apply-helpers': [ '1.0.2' ],
16 silly audit   'caller-callsite': [ '2.0.0' ],
16 silly audit   'caller-path': [ '2.0.0' ],
16 silly audit   callsites: [ '2.0.0' ],
16 silly audit   camelcase: [ '5.3.1', '6.3.0' ],
16 silly audit   'caniuse-lite': [ '1.0.30001806' ],
16 silly audit   charenc: [ '0.0.2' ],
16 silly audit   'chrome-launcher': [ '0.15.2' ],
16 silly audit   'chromium-edge-launcher': [ '0.2.0' ],
16 silly audit   'ci-info': [ '3.9.0', '2.0.0' ],
16 silly audit   'cjs-module-lexer': [ '1.2.3' ],
16 silly audit   'clean-stack': [ '2.2.0' ],
16 silly audit   'cli-cursor': [ '2.1.0' ],
16 silly audit   'cli-spinners': [ '2.9.2' ],
16 silly audit   'client-only': [ '0.0.1' ],
16 silly audit   cliui: [ '8.0.1' ],
16 silly audit   'emoji-regex': [ '8.0.0', '9.2.2' ],
16 silly audit   'string-width': [ '4.2.3', '5.1.2' ],
16 silly audit   'strip-ansi': [ '6.0.1', '5.2.0', '7.2.0' ],
16 silly audit   clone: [ '1.0.4' ],
16 silly audit   'clone-deep': [ '4.0.1' ],
16 silly audit   'code-block-writer': [ '10.1.1' ],
16 silly audit   color: [ '4.2.3' ],
16 silly audit   'color-string': [ '1.9.1' ],
16 silly audit   'combined-stream': [ '1.0.8' ],
16 silly audit   commander: [ '7.2.0', '12.1.0', '4.1.1', '2.20.3' ],
16 silly audit   commondir: [ '1.0.1' ],
16 silly audit   'component-type': [ '1.2.2' ],
16 silly audit   compressible: [ '2.0.18' ],
16 silly audit   compression: [ '1.8.1' ],
16 silly audit   negotiator: [ '0.6.4', '0.6.3' ],
16 silly audit   'concat-map': [ '0.0.1' ],
16 silly audit   connect: [ '3.7.0' ],
16 silly audit   consola: [ '3.4.2' ],
16 silly audit   'convert-hrtime': [ '3.0.0' ],
16 silly audit   'convert-source-map': [ '2.0.0' ],
16 silly audit   'core-js-compat': [ '3.49.0' ],
16 silly audit   cosmiconfig: [ '5.2.1' ],
16 silly audit   'cross-fetch': [ '3.2.0' ],
16 silly audit   'cross-spawn': [ '7.0.6', '6.0.6' ],
16 silly audit   crypt: [ '0.0.2' ],
16 silly audit   'crypto-random-string': [ '2.0.0' ],
16 silly audit   'css-in-js-utils': [ '3.1.0' ],
16 silly audit   csstype: [ '3.2.3' ],
16 silly audit   'data-uri-to-buffer': [ '4.0.1' ],
16 silly audit   'decode-uri-component': [ '0.2.2' ],
16 silly audit   'deep-extend': [ '0.6.0' ],
16 silly audit   deepmerge: [ '4.3.1' ],
16 silly audit   'default-gateway': [ '4.2.0' ],
16 silly audit   defaults: [ '1.0.4' ],
16 silly audit   'define-lazy-prop': [ '2.0.0' ],
16 silly audit   del: [ '6.1.1' ],
16 silly audit   'delayed-stream': [ '1.0.0' ],
16 silly audit   depd: [ '2.0.0' ],
16 silly audit   destroy: [ '1.2.0' ],
16 silly audit   'dir-glob': [ '3.0.1' ],
16 silly audit   dotenv: [ '16.4.7' ],
16 silly audit   'dotenv-expand': [ '11.0.7' ],
16 silly audit   'dunder-proto': [ '1.0.1' ],
16 silly audit   duplexify: [ '4.1.3' ],
16 silly audit   eastasianwidth: [ '0.2.0' ],
16 silly audit   'ecdsa-sig-formatter': [ '1.0.11' ],
16 silly audit   'edge-runtime': [ '2.5.9' ],
16 silly audit   picocolors: [ '1.0.0', '1.1.1' ],
16 silly audit   'ee-first': [ '1.1.1' ],
16 silly audit   'electron-to-chromium': [ '1.5.398' ],
16 silly audit   encodeurl: [ '1.0.2', '2.0.0' ],
16 silly audit   'end-of-stream': [ '1.4.5' ],
16 silly audit   'env-editor': [ '0.4.2' ],
16 silly audit   'error-ex': [ '1.3.4' ],
16 silly audit   'error-stack-parser': [ '2.1.4' ],
16 silly audit   'es-define-property': [ '1.0.1' ],
16 silly audit   'es-errors': [ '1.3.0' ],
16 silly audit   'es-object-atoms': [ '1.1.2' ],
16 silly audit   'es-set-tostringtag': [ '2.1.0' ],
16 silly audit   esbuild: [ '0.27.0' ],
16 silly audit   escalade: [ '3.2.0' ],
16 silly audit   'escape-html': [ '1.0.3' ],
16 silly audit   esprima: [ '4.0.1' ],
16 silly audit   'estree-walker': [ '2.0.2' ],
16 silly audit   esutils: [ '2.0.3' ],
16 silly audit   etag: [ '1.8.1' ],
16 silly audit   'event-target-shim': [ '5.0.1' ],
16 silly audit   'path-key': [ '2.0.1', '3.1.1' ],
16 silly audit   'shebang-command': [ '1.2.0', '2.0.0' ],
16 silly audit   'shebang-regex': [ '1.0.0', '3.0.0' ],
16 silly audit   which: [ '1.3.1', '2.0.2' ],
16 silly audit   expo: [ '52.0.49' ],
16 silly audit   'expo-asset': [ '11.0.5' ],
16 silly audit   'expo-constants': [ '17.0.8' ],
16 silly audit   'expo-font': [ '13.0.4' ],
16 silly audit   'expo-image-loader': [ '5.0.0' ],
16 silly audit   'expo-image-picker': [ '16.0.6' ],
16 silly audit   'expo-linear-gradient': [ '14.0.2' ],
16 silly audit   'expo-linking': [ '7.0.5' ],
16 silly audit   'expo-modules-autolinking': [ '2.0.8' ],
16 silly audit   'expo-modules-core': [ '2.2.3' ],
16 silly audit   'expo-router': [ '4.0.22' ],
16 silly audit   'expo-status-bar': [ '2.0.1' ],
16 silly audit   'expo-file-system': [ '18.0.12' ],
16 silly audit   'expo-keep-awake': [ '14.0.3' ],
16 silly audit   'exponential-backoff': [ '3.1.3' ],
16 silly audit   extend: [ '3.0.2' ],
16 silly audit   'fast-deep-equal': [ '3.1.3' ],
16 silly audit   'fast-glob': [ '3.3.3' ],
16 silly audit   'fast-json-stable-stringify': [ '2.1.0' ],
16 silly audit   'fast-loops': [ '1.1.4' ],
16 silly audit   'fast-uri': [ '3.1.4' ],
16 silly audit   'fast-xml-builder': [ '1.3.0' ],
16 silly audit   'fast-xml-parser': [ '5.10.1' ],
16 silly audit   fastq: [ '1.20.1' ],
16 silly audit   'faye-websocket': [ '0.11.4' ],
16 silly audit   'fb-watchman': [ '2.0.2' ],
16 silly audit   fbemitter: [ '3.0.0' ],
16 silly audit   fbjs: [ '3.0.5' ],
16 silly audit   'fbjs-css-vars': [ '1.0.2' ],
16 silly audit   'fetch-blob': [ '3.2.0' ],
16 silly audit   'fetch-retry': [ '4.1.1' ],
16 silly audit   'file-uri-to-path': [ '1.0.0' ],
16 silly audit   'fill-range': [ '7.1.1' ],
16 silly audit   'filter-obj': [ '1.1.0' ],
16 silly audit   finalhandler: [ '1.1.2' ],
16 silly audit   'find-cache-dir': [ '2.1.0' ],
16 silly audit   firebase: [ '10.14.1' ],
16 silly audit   'firebase-admin': [ '14.2.0' ],
16 silly audit   'flow-enums-runtime': [ '0.0.6' ],
16 silly audit   'flow-estree': [ '0.324.0' ],
16 silly audit   'flow-parser': [ '0.324.0' ],
16 silly audit   fontfaceobserver: [ '2.3.0' ],
16 silly audit   'foreground-child': [ '3.3.1' ],
16 silly audit   'formdata-polyfill': [ '4.0.10' ],
16 silly audit   'freeport-async': [ '2.0.0' ],
16 silly audit   fresh: [ '0.5.2' ],
16 silly audit   'fs-minipass': [ '3.0.3', '2.1.0' ],
16 silly audit   'fs.realpath': [ '1.0.0' ],
16 silly audit   fsevents: [ '2.3.3' ],
16 silly audit   'function-bind': [ '1.1.2' ],
16 silly audit   'functional-red-black-tree': [ '1.0.1' ],
16 silly audit   gaxios: [ '6.7.1', '7.3.0' ],
16 silly audit   uuid: [ '9.0.1', '8.3.2', '7.0.3' ],
16 silly audit   gensync: [ '1.0.0-beta.2' ],
16 silly audit   'get-caller-file': [ '2.0.5' ],
16 silly audit   'get-intrinsic': [ '1.3.0' ],
16 silly audit   'get-package-type': [ '0.1.0' ],
16 silly audit   'get-proto': [ '1.0.1' ],
16 silly audit   'get-tsconfig': [ '4.14.0' ],
16 silly audit   getenv: [ '1.0.0' ],
16 silly audit   'glob-parent': [ '5.1.2' ],
16 silly audit   globby: [ '11.1.0' ],
16 silly audit   'google-gax': [ '5.0.8' ],
16 silly audit   gtoken: [ '8.0.0', '7.1.0' ],
16 silly audit   'http-proxy-agent': [ '7.0.2', '5.0.0' ],
16 silly audit   'retry-request': [ '8.0.4', '7.0.2' ],
16 silly audit   rimraf: [ '5.0.10', '3.0.2', '2.6.3' ],
16 silly audit   'teeny-request': [ '10.1.4', '9.0.0' ],
16 silly audit   gopd: [ '1.2.0' ],
16 silly audit   'graceful-fs': [ '4.2.11' ],
16 silly audit   'has-symbols': [ '1.1.0' ],
16 silly audit   'has-tostringtag': [ '1.0.2' ],
16 silly audit   hasown: [ '2.0.4' ],
16 silly audit   'hosted-git-info': [ '7.0.2' ],
16 silly audit   'html-entities': [ '2.6.0' ],
16 silly audit   'http-errors': [ '2.0.1' ],
16 silly audit   statuses: [ '2.0.2', '1.5.0' ],
16 silly audit   'http-parser-js': [ '0.5.10' ],
16 silly audit   'https-proxy-agent': [ '7.0.6', '5.0.1' ],
16 silly audit   'human-signals': [ '2.1.0' ],
16 silly audit   'hyphenate-style-name': [ '1.1.0' ],
16 silly audit   idb: [ '7.1.1' ],
16 silly audit   ieee754: [ '1.2.1' ],
16 silly audit   ignore: [ '5.3.2' ],
16 silly audit   'image-size': [ '1.2.1' ],
16 silly audit   'import-fresh': [ '2.0.0' ],
16 silly audit   'resolve-from': [ '3.0.0', '5.0.0' ],
16 silly audit   imurmurhash: [ '0.1.4' ],
16 silly audit   'indent-string': [ '4.0.0' ],
16 silly audit   inflight: [ '1.0.6' ],
16 silly audit   inherits: [ '2.0.4' ],
16 silly audit   ini: [ '1.3.8' ],
16 silly audit   'inline-style-prefixer': [ '6.0.4' ],
16 silly audit   'internal-ip': [ '4.3.0' ],
16 silly audit   invariant: [ '2.2.4' ],
16 silly audit   'ip-regex': [ '2.1.0' ],
16 silly audit   'ipaddr.js': [ '1.9.1' ],
16 silly audit   'is-arrayish': [ '0.2.1', '0.3.4' ],
16 silly audit   'is-buffer': [ '1.1.6' ],
16 silly audit   'is-core-module': [ '2.16.2' ],
16 silly audit   'is-directory': [ '0.3.1' ],
16 silly audit   'is-docker': [ '2.2.1' ],
16 silly audit   'is-extglob': [ '2.1.1' ],
16 silly audit   'is-fullwidth-code-point': [ '3.0.0' ],
16 silly audit   'is-glob': [ '4.0.3' ],
16 silly audit   'is-number': [ '7.0.0' ],
16 silly audit   'is-path-cwd': [ '2.2.0' ],
16 silly audit   'is-path-inside': [ '3.0.3' ],
16 silly audit   'is-plain-obj': [ '2.1.0' ],
16 silly audit   'is-plain-object': [ '2.0.4' ],
16 silly audit   'is-unsafe': [ '2.0.0' ],
16 silly audit   'is-wsl': [ '2.2.0' ],
16 silly audit   isexe: [ '2.0.0' ],
16 silly audit   isobject: [ '3.0.1' ],
16 silly audit   'istanbul-lib-coverage': [ '3.2.2' ],
16 silly audit   'istanbul-lib-instrument': [ '5.2.1' ],
16 silly audit   jackspeak: [ '3.4.3' ],
16 silly audit   'jest-environment-node': [ '29.7.0' ],
16 silly audit   'jest-get-type': [ '29.6.3' ],
16 silly audit   'jest-haste-map': [ '29.7.0' ],
16 silly audit   'jest-message-util': [ '29.7.0' ],
16 silly audit   'jest-mock': [ '29.7.0' ],
16 silly audit   'jest-regex-util': [ '29.6.3' ],
16 silly audit   'jest-util': [ '29.7.0' ],
16 silly audit   'jest-validate': [ '29.7.0' ],
16 silly audit   'jest-worker': [ '29.7.0' ],
16 silly audit   'jimp-compact': [ '0.16.1' ],
16 silly audit   'join-component': [ '1.1.0' ],
16 silly audit   'js-tokens': [ '4.0.0' ],
16 silly audit   'jsc-android': [ '250231.0.0' ],
16 silly audit   'jsc-safe-url': [ '0.2.4' ],
16 silly audit   jscodeshift: [ '0.14.0' ],
16 silly audit   jsesc: [ '3.1.0' ],
16 silly audit   'json-bigint': [ '1.0.0' ],
16 silly audit   'json-parse-better-errors': [ '1.0.2' ],
16 silly audit   'json-schema-to-ts': [ '1.6.4' ],
16 silly audit   'json-schema-traverse': [ '1.0.0' ],
16 silly audit   json5: [ '2.2.3' ],
16 silly audit   jsonwebtoken: [ '9.0.3' ],
16 silly audit   jwa: [ '2.0.1' ],
16 silly audit   'jwks-rsa': [ '4.1.0' ],
16 silly audit   jose: [ '4.15.9' ],
16 silly audit   jws: [ '4.0.1' ],
16 silly audit   'kind-of': [ '6.0.3' ],
16 silly audit   kleur: [ '3.0.3' ],
16 silly audit   leven: [ '3.1.0' ],
16 silly audit   'lighthouse-logger': [ '1.4.2' ],
16 silly audit   lightningcss: [ '1.27.0' ],
16 silly audit   'lightningcss-darwin-arm64': [ '1.27.0' ],
16 silly audit   'lightningcss-darwin-x64': [ '1.27.0' ],
16 silly audit   'lightningcss-freebsd-x64': [ '1.27.0' ],
16 silly audit   'lightningcss-linux-arm-gnueabihf': [ '1.27.0' ],
16 silly audit   'lightningcss-linux-arm64-gnu': [ '1.27.0' ],
16 silly audit   'lightningcss-linux-arm64-musl': [ '1.27.0' ],
16 silly audit   'lightningcss-linux-x64-gnu': [ '1.27.0' ],
16 silly audit   'lightningcss-linux-x64-musl': [ '1.27.0' ],
16 silly audit   'lightningcss-win32-arm64-msvc': [ '1.27.0' ],
16 silly audit   'lightningcss-win32-x64-msvc': [ '1.27.0' ],
16 silly audit   limiter: [ '1.1.5' ],
16 silly audit   'lines-and-columns': [ '1.2.4' ],
16 silly audit   'lodash.camelcase': [ '4.3.0' ],
16 silly audit   'lodash.clonedeep': [ '4.5.0' ],
16 silly audit   'lodash.debounce': [ '4.0.8' ],
16 silly audit   'lodash.includes': [ '4.3.0' ],
16 silly audit   'lodash.isboolean': [ '3.0.3' ],
16 silly audit   'lodash.isinteger': [ '4.0.4' ],
16 silly audit   'lodash.isnumber': [ '3.0.3' ],
16 silly audit   'lodash.isplainobject': [ '4.0.6' ],
16 silly audit   'lodash.isstring': [ '4.0.1' ],
16 silly audit   'lodash.once': [ '4.1.1' ],
16 silly audit   'lodash.throttle': [ '4.1.1' ],
16 silly audit   'log-symbols': [ '2.2.0' ],
16 silly audit   long: [ '5.3.2' ],
16 silly audit   'loose-envify': [ '1.4.0' ],
16 silly audit   'lru-memoizer': [ '3.0.0' ],
16 silly audit   'make-dir': [ '2.1.0' ],
16 silly audit   makeerror: [ '1.0.12' ],
16 silly audit   marky: [ '1.3.0' ],
16 silly audit   'math-intrinsics': [ '1.1.0' ],
16 silly audit   md5: [ '2.3.0' ],
16 silly audit   'md5-file': [ '3.2.3' ],
16 silly audit   'memoize-one': [ '5.2.1', '6.0.0' ],
16 silly audit   'merge-options': [ '3.0.4' ],
16 silly audit   'merge-stream': [ '2.0.0' ],
16 silly audit   merge2: [ '1.4.1' ],
16 silly audit   metro: [ '0.81.5' ],
16 silly audit   'metro-babel-transformer': [ '0.81.5' ],
16 silly audit   'metro-cache': [ '0.81.5' ],
16 silly audit   'metro-cache-key': [ '0.81.5' ],
16 silly audit   'metro-config': [ '0.81.5' ],
16 silly audit   'metro-core': [ '0.81.5' ],
16 silly audit   'metro-file-map': [ '0.81.5' ],
16 silly audit   'metro-minify-terser': [ '0.81.5' ],
16 silly audit   'metro-resolver': [ '0.81.5' ],
16 silly audit   'metro-runtime': [ '0.81.5' ],
16 silly audit   'metro-source-map': [ '0.81.5' ],
16 silly audit   'metro-symbolicate': [ '0.81.5' ],
16 silly audit   'metro-transform-plugins': [ '0.81.5' ],
16 silly audit   'metro-transform-worker': [ '0.81.5' ],
16 silly audit   micromatch: [ '4.0.8' ],
16 silly audit   'mime-db': [ '1.54.0', '1.52.0' ],
16 silly audit   'mime-types': [ '2.1.35' ],
16 silly audit   minimist: [ '1.2.8' ],
16 silly audit   minipass: [ '7.1.3', '3.3.6', '5.0.0' ],
16 silly audit   'minipass-collect': [ '2.0.1' ],
16 silly audit   'minipass-flush': [ '1.0.7' ],
16 silly audit   'minipass-pipeline': [ '1.2.4' ],
16 silly audit   mri: [ '1.2.0' ],
16 silly audit   mz: [ '2.7.0' ],
16 silly audit   nanoid: [ '3.3.16' ],
16 silly audit   'neo-async': [ '2.6.2' ],
16 silly audit   'nested-error-stacks': [ '2.0.1' ],
16 silly audit   'nice-try': [ '1.0.5' ],
16 silly audit   'node-dir': [ '0.1.17' ],
16 silly audit   'node-domexception': [ '1.0.0' ],
16 silly audit   'node-forge': [ '1.4.0' ],
16 silly audit   'node-gyp-build': [ '4.8.4' ],
16 silly audit   'node-int64': [ '0.4.0' ],
16 silly audit   'node-releases': [ '2.0.51' ],
16 silly audit   nopt: [ '8.1.0' ],
16 silly audit   'normalize-path': [ '3.0.0' ],
16 silly audit   'npm-package-arg': [ '11.0.3' ],
16 silly audit   nullthrows: [ '1.1.1' ],
16 silly audit   ob1: [ '0.81.5' ],
16 silly audit   'object-assign': [ '4.1.1' ],
16 silly audit   'object-hash': [ '3.0.0' ],
16 silly audit   'on-finished': [ '2.3.0', '2.4.1' ],
16 silly audit   'on-headers': [ '1.1.0' ],
16 silly audit   once: [ '1.4.0' ],
16 silly audit   ora: [ '3.4.0' ],
16 silly audit   'p-finally': [ '1.0.0' ],
16 silly audit   'p-map': [ '4.0.0' ],
16 silly audit   'p-try': [ '2.2.0' ],
16 silly audit   'package-json-from-dist': [ '1.0.1' ],
16 silly audit   'parse-json': [ '4.0.0' ],
16 silly audit   'parse-ms': [ '2.1.0' ],
16 silly audit   'parse-png': [ '2.1.0' ],
16 silly audit   parseurl: [ '1.3.3' ],
16 silly audit   'path-browserify': [ '1.0.1' ],
16 silly audit   'path-exists': [ '4.0.0', '3.0.0' ],
16 silly audit   'path-expression-matcher': [ '1.6.2' ],
16 silly audit   'path-is-absolute': [ '1.0.1' ],
16 silly audit   'path-parse': [ '1.0.7' ],
16 silly audit   'path-to-regexp': [ '6.1.0', '6.3.0' ],
16 silly audit   'path-type': [ '4.0.0' ],
16 silly audit   pify: [ '4.0.1' ],
16 silly audit   pirates: [ '4.0.7' ],
16 silly audit   'pkg-dir': [ '3.0.0' ],
16 silly audit   plist: [ '3.1.1' ],
16 silly audit   xmlbuilder: [ '15.1.1', '11.0.1', '14.0.0' ],
16 silly audit   pngjs: [ '3.4.0' ],
16 silly audit   postcss: [ '8.4.49' ],
16 silly audit   'postcss-value-parser': [ '4.2.0' ],
16 silly audit   'pretty-bytes': [ '5.6.0' ],
16 silly audit   'pretty-format': [ '29.7.0' ],
16 silly audit   'react-is': [ '18.3.1', '16.13.1', '19.2.8' ],
16 silly audit   'pretty-ms': [ '7.0.1' ],
16 silly audit   'proc-log': [ '4.2.0' ],
16 silly audit   progress: [ '2.0.3' ],
16 silly audit   promise: [ '7.3.1', '8.3.0' ],
16 silly audit   prompts: [ '2.4.2' ],
16 silly audit   'prop-types': [ '15.8.1' ],
16 silly audit   'proto3-json-serializer': [ '3.0.4' ],
16 silly audit   protobufjs: [ '7.6.5' ],
16 silly audit   pump: [ '3.0.4' ],
16 silly audit   punycode: [ '2.3.1' ],
16 silly audit   'qrcode-terminal': [ '0.11.0' ],
16 silly audit   'query-string': [ '7.1.3' ],
16 silly audit   queue: [ '6.0.2' ],
16 silly audit   'queue-microtask': [ '1.2.3' ],
16 silly audit   'range-parser': [ '1.2.1' ],
16 silly audit   rc: [ '1.2.8' ],
16 silly audit   react: [ '18.3.1' ],
16 silly audit   'react-devtools-core': [ '5.3.2' ],
16 silly audit   'react-dom': [ '18.3.1' ],
16 silly audit   'react-fast-compare': [ '3.2.2' ],
16 silly audit   'react-freeze': [ '1.0.4' ],
16 silly audit   'react-helmet-async': [ '1.3.0' ],
16 silly audit   'react-native': [ '0.76.5' ],
16 silly audit   'react-native-helmet-async': [ '2.0.4' ],
16 silly audit   'react-native-is-edge-to-edge': [ '1.3.1' ],
16 silly audit   'react-native-safe-area-context': [ '4.12.0' ],
16 silly audit   'react-native-screens': [ '4.4.0' ],
16 silly audit   'react-native-web': [ '0.19.13' ],
16 silly audit   scheduler: [ '0.24.0-canary-efb381bbf-20230505', '0.23.2' ],
16 silly audit   'react-refresh': [ '0.14.2' ],
16 silly audit   'readable-stream': [ '3.6.2' ],
16 silly audit   readline: [ '1.3.0' ],
16 silly audit   recast: [ '0.21.5' ],
16 silly audit   'source-map': [ '0.6.1', '0.5.7' ],
16 silly audit   regenerate: [ '1.4.2' ],
16 silly audit   'regenerate-unicode-properties': [ '10.2.2' ],
16 silly audit   'regenerator-runtime': [ '0.13.11' ],
16 silly audit   'regexpu-core': [ '6.4.0' ],
16 silly audit   regjsgen: [ '0.8.0' ],
16 silly audit   regjsparser: [ '0.13.2' ],
16 silly audit   'remove-trailing-slash': [ '0.1.1' ],
16 silly audit   'require-directory': [ '2.1.1' ],
16 silly audit   'require-from-string': [ '2.0.2' ],
16 silly audit   requireg: [ '0.2.2' ],
16 silly audit   resolve: [ '1.7.1', '1.22.12' ],
16 silly audit   'resolve-pkg-maps': [ '1.0.0' ],
16 silly audit   'resolve-workspace-root': [ '2.0.1' ],
16 silly audit   'resolve.exports': [ '2.0.3' ],
16 silly audit   'restore-cursor': [ '2.0.0' ],
16 silly audit   retry: [ '0.13.1' ],
16 silly audit   reusify: [ '1.1.0' ],
16 silly audit   'run-parallel': [ '1.2.0' ],
16 silly audit   'safe-buffer': [ '5.2.1' ],
16 silly audit   sax: [ '1.6.1' ],
16 silly audit   'schema-utils': [ '4.3.3' ],
16 silly audit   selfsigned: [ '2.4.1' ],
16 silly audit   send: [ '0.19.2' ],
16 silly audit   'serialize-error': [ '2.1.0' ],
16 silly audit   'serve-static': [ '1.16.3' ],
16 silly audit   'server-only': [ '0.0.1' ],
16 silly audit   setimmediate: [ '1.0.5' ],
16 silly audit   setprototypeof: [ '1.2.0' ],
16 silly audit   'sf-symbols-typescript': [ '2.2.0' ],
16 silly audit   'shallow-clone': [ '3.0.1' ],
16 silly audit   shallowequal: [ '1.1.0' ],
16 silly audit   'shell-quote': [ '1.10.0' ],
16 silly audit   'simple-plist': [ '1.3.1' ],
16 silly audit   'simple-swizzle': [ '0.2.4' ],
16 silly audit   sisteransi: [ '1.0.5' ],
16 silly audit   slash: [ '3.0.0' ],
16 silly audit   slugify: [ '1.6.9' ],
16 silly audit   'smol-toml': [ '1.5.2' ],
16 silly audit   'source-map-js': [ '1.2.1' ],
16 silly audit   'source-map-support': [ '0.5.21' ],
16 silly audit   'split-on-first': [ '1.1.0' ],
16 silly audit   'sprintf-js': [ '1.0.3' ],
16 silly audit   ssri: [ '10.0.6' ],
16 silly audit   'stack-utils': [ '2.0.6' ],
16 silly audit   stackframe: [ '1.3.4' ],
16 silly audit   'stacktrace-parser': [ '0.1.11' ],
16 silly audit   'standard-navigation': [ '0.0.8' ],
16 silly audit   'stream-buffers': [ '2.2.0' ],
16 silly audit   'stream-events': [ '1.0.5' ],
16 silly audit   'stream-shift': [ '1.0.3' ],
16 silly audit   'strict-uri-encode': [ '2.0.0' ],
16 silly audit   string_decoder: [ '1.3.0' ],
16 silly audit   'strip-eof': [ '1.0.0' ],
16 silly audit   'strip-final-newline': [ '2.0.0' ],
16 silly audit   'strip-json-comments': [ '2.0.1' ],
16 silly audit   strnum: [ '2.4.1' ],
16 silly audit   'structured-headers': [ '0.4.1' ],
16 silly audit   stubs: [ '3.0.0' ],
16 silly audit   styleq: [ '0.1.3' ],
16 silly audit   sucrase: [ '3.35.0' ],
16 silly audit   'supports-hyperlinks': [ '2.3.0' ],
16 silly audit   'supports-preserve-symlinks-flag': [ '1.0.0' ],
16 silly audit   temp: [ '0.8.4' ],
16 silly audit   'temp-dir': [ '2.0.0' ],
16 silly audit   tempy: [ '0.7.1' ],
16 silly audit   'terminal-link': [ '2.1.1' ],
16 silly audit   terser: [ '5.49.0' ],
16 silly audit   'test-exclude': [ '6.0.0' ],
16 silly audit   thenify: [ '3.3.1' ],
16 silly audit   'thenify-all': [ '1.6.0' ],
16 silly audit   throat: [ '5.0.0' ],
16 silly audit   'time-span': [ '4.0.0' ],
16 silly audit   tmpl: [ '1.0.5' ],
16 silly audit   'to-regex-range': [ '5.0.1' ],
16 silly audit   toidentifier: [ '1.0.1' ],
16 silly audit   tr46: [ '0.0.3' ],
16 silly audit   'ts-interface-checker': [ '0.1.13' ],
16 silly audit   'ts-morph': [ '12.0.0' ],
16 silly audit   'ts-toolbelt': [ '6.15.5' ],
16 silly audit   tslib: [ '2.8.1' ],
16 silly audit   tsx: [ '4.21.0' ],
16 silly audit   'type-detect': [ '4.0.8' ],
16 silly audit   'ua-parser-js': [ '1.0.41' ],
16 silly audit   'unicode-canonical-property-names-ecmascript': [ '2.0.1' ],
16 silly audit   'unicode-match-property-ecmascript': [ '2.0.0' ],
16 silly audit   'unicode-match-property-value-ecmascript': [ '2.2.1' ],
16 silly audit   'unicode-property-aliases-ecmascript': [ '2.2.0' ],
16 silly audit   'unique-filename': [ '3.0.0' ],
16 silly audit   'unique-slug': [ '4.0.0' ],
16 silly audit   'unique-string': [ '2.0.0' ],
16 silly audit   unpipe: [ '1.0.0' ],
16 silly audit   'update-browserslist-db': [ '1.2.3' ],
16 silly audit   'uri-js': [ '4.4.1' ],
16 silly audit   'use-latest-callback': [ '0.2.6' ],
16 silly audit   'use-sync-external-store': [ '1.6.0' ],
16 silly audit   'util-deprecate': [ '1.0.2' ],
16 silly audit   'utils-merge': [ '1.0.1' ],
16 silly audit   'validate-npm-package-name': [ '5.0.1' ],
16 silly audit   vary: [ '1.1.2' ],
16 silly audit   vlq: [ '1.0.1' ],
16 silly audit   walker: [ '1.0.8' ],
16 silly audit   'warn-once': [ '0.1.1' ],
16 silly audit   wcwidth: [ '1.0.1' ],
16 silly audit   'web-streams-polyfill': [ '3.3.3' ],
16 silly audit   'webidl-conversions': [ '3.0.1', '5.0.0' ],
16 silly audit   'websocket-driver': [ '0.7.5' ],
16 silly audit   'websocket-extensions': [ '0.1.4' ],
16 silly audit   'whatwg-fetch': [ '3.6.20' ],
16 silly audit   'whatwg-url': [ '5.0.0' ],
16 silly audit   'whatwg-url-without-unicode': [ '8.0.0-3' ],
16 silly audit   wonka: [ '6.3.6' ],
16 silly audit   wrappy: [ '1.0.2' ],
16 silly audit   xcode: [ '3.0.1' ],
16 silly audit   'xml-naming': [ '0.3.0' ],
16 silly audit   xml2js: [ '0.6.0' ],
16 silly audit   y18n: [ '5.0.8' ],
16 silly audit   yargs: [ '17.7.3' ],
16 silly audit   'yargs-parser': [ '21.1.1' ],
16 silly audit   'yocto-queue': [ '0.1.0' ],
16 silly audit   zod: [ '3.22.4' ]
16 silly audit }
17 verbose reify failed optional dependency C:\Users\nviveros30\Documents\BITACORA\bitacora\node_modules\lightningcss-win32-arm64-msvc
18 silly reify mark deleted [
18 silly reify   'C:\\Users\\nviveros30\\Documents\\BITACORA\\bitacora\\node_modules\\lightningcss-win32-arm64-msvc'
18 silly reify ]
19 verbose reify failed optional dependency C:\Users\nviveros30\Documents\BITACORA\bitacora\node_modules\lightningcss-linux-x64-musl
20 silly reify mark deleted [
20 silly reify   'C:\\Users\\nviveros30\\Documents\\BITACORA\\bitacora\\node_modules\\lightningcss-linux-x64-musl'
20 silly reify ]
21 verbose reify failed optional dependency C:\Users\nviveros30\Documents\BITACORA\bitacora\node_modules\lightningcss-linux-x64-gnu
22 silly reify mark deleted [
22 silly reify   'C:\\Users\\nviveros30\\Documents\\BITACORA\\bitacora\\node_modules\\lightningcss-linux-x64-gnu'
22 silly reify ]
23 verbose reify failed optional dependency C:\Users\nviveros30\Documents\BITACORA\bitacora\node_modules\lightningcss-linux-arm64-musl
24 silly reify mark deleted [
24 silly reify   'C:\\Users\\nviveros30\\Documents\\BITACORA\\bitacora\\node_modules\\lightningcss-linux-arm64-musl'
24 silly reify ]
25 verbose reify failed optional dependency C:\Users\nviveros30\Documents\BITACORA\bitacora\node_modules\lightningcss-linux-arm64-gnu
26 silly reify mark deleted [
26 silly reify   'C:\\Users\\nviveros30\\Documents\\BITACORA\\bitacora\\node_modules\\lightningcss-linux-arm64-gnu'
26 silly reify ]
27 verbose reify failed optional dependency C:\Users\nviveros30\Documents\BITACORA\bitacora\node_modules\lightningcss-linux-arm-gnueabihf
28 silly reify mark deleted [
28 silly reify   'C:\\Users\\nviveros30\\Documents\\BITACORA\\bitacora\\node_modules\\lightningcss-linux-arm-gnueabihf'
28 silly reify ]
29 verbose reify failed optional dependency C:\Users\nviveros30\Documents\BITACORA\bitacora\node_modules\lightningcss-freebsd-x64
30 silly reify mark deleted [
30 silly reify   'C:\\Users\\nviveros30\\Documents\\BITACORA\\bitacora\\node_modules\\lightningcss-freebsd-x64'
30 silly reify ]
31 verbose reify failed optional dependency C:\Users\nviveros30\Documents\BITACORA\bitacora\node_modules\lightningcss-darwin-x64
32 silly reify mark deleted [
32 silly reify   'C:\\Users\\nviveros30\\Documents\\BITACORA\\bitacora\\node_modules\\lightningcss-darwin-x64'
32 silly reify ]
33 verbose reify failed optional dependency C:\Users\nviveros30\Documents\BITACORA\bitacora\node_modules\lightningcss-darwin-arm64
34 silly reify mark deleted [
34 silly reify   'C:\\Users\\nviveros30\\Documents\\BITACORA\\bitacora\\node_modules\\lightningcss-darwin-arm64'
34 silly reify ]
35 verbose reify failed optional dependency C:\Users\nviveros30\Documents\BITACORA\bitacora\node_modules\fsevents
36 silly reify mark deleted [
36 silly reify   'C:\\Users\\nviveros30\\Documents\\BITACORA\\bitacora\\node_modules\\fsevents'
36 silly reify ]
37 verbose reify failed optional dependency C:\Users\nviveros30\Documents\BITACORA\bitacora\node_modules\@esbuild\win32-ia32
38 silly reify mark deleted [
38 silly reify   'C:\\Users\\nviveros30\\Documents\\BITACORA\\bitacora\\node_modules\\@esbuild\\win32-ia32'
38 silly reify ]
39 verbose reify failed optional dependency C:\Users\nviveros30\Documents\BITACORA\bitacora\node_modules\@esbuild\win32-arm64
40 silly reify mark deleted [
40 silly reify   'C:\\Users\\nviveros30\\Documents\\BITACORA\\bitacora\\node_modules\\@esbuild\\win32-arm64'
40 silly reify ]
41 verbose reify failed optional dependency C:\Users\nviveros30\Documents\BITACORA\bitacora\node_modules\@esbuild\sunos-x64
42 silly reify mark deleted [
42 silly reify   'C:\\Users\\nviveros30\\Documents\\BITACORA\\bitacora\\node_modules\\@esbuild\\sunos-x64'
42 silly reify ]
43 verbose reify failed optional dependency C:\Users\nviveros30\Documents\BITACORA\bitacora\node_modules\@esbuild\openharmony-arm64
44 silly reify mark deleted [
44 silly reify   'C:\\Users\\nviveros30\\Documents\\BITACORA\\bitacora\\node_modules\\@esbuild\\openharmony-arm64'
44 silly reify ]
45 verbose reify failed optional dependency C:\Users\nviveros30\Documents\BITACORA\bitacora\node_modules\@esbuild\openbsd-x64
46 silly reify mark deleted [
46 silly reify   'C:\\Users\\nviveros30\\Documents\\BITACORA\\bitacora\\node_modules\\@esbuild\\openbsd-x64'
46 silly reify ]
47 verbose reify failed optional dependency C:\Users\nviveros30\Documents\BITACORA\bitacora\node_modules\@esbuild\openbsd-arm64
48 silly reify mark deleted [
48 silly reify   'C:\\Users\\nviveros30\\Documents\\BITACORA\\bitacora\\node_modules\\@esbuild\\openbsd-arm64'
48 silly reify ]
49 verbose reify failed optional dependency C:\Users\nviveros30\Documents\BITACORA\bitacora\node_modules\@esbuild\netbsd-x64
50 silly reify mark deleted [
50 silly reify   'C:\\Users\\nviveros30\\Documents\\BITACORA\\bitacora\\node_modules\\@esbuild\\netbsd-x64'
50 silly reify ]
51 verbose reify failed optional dependency C:\Users\nviveros30\Documents\BITACORA\bitacora\node_modules\@esbuild\netbsd-arm64
52 silly reify mark deleted [
52 silly reify   'C:\\Users\\nviveros30\\Documents\\BITACORA\\bitacora\\node_modules\\@esbuild\\netbsd-arm64'
52 silly reify ]
53 verbose reify failed optional dependency C:\Users\nviveros30\Documents\BITACORA\bitacora\node_modules\@esbuild\linux-x64
54 silly reify mark deleted [
54 silly reify   'C:\\Users\\nviveros30\\Documents\\BITACORA\\bitacora\\node_modules\\@esbuild\\linux-x64'
54 silly reify ]
55 verbose reify failed optional dependency C:\Users\nviveros30\Documents\BITACORA\bitacora\node_modules\@esbuild\linux-s390x
56 silly reify mark deleted [
56 silly reify   'C:\\Users\\nviveros30\\Documents\\BITACORA\\bitacora\\node_modules\\@esbuild\\linux-s390x'
56 silly reify ]
57 verbose reify failed optional dependency C:\Users\nviveros30\Documents\BITACORA\bitacora\node_modules\@esbuild\linux-riscv64
58 silly reify mark deleted [
58 silly reify   'C:\\Users\\nviveros30\\Documents\\BITACORA\\bitacora\\node_modules\\@esbuild\\linux-riscv64'
58 silly reify ]
59 verbose reify failed optional dependency C:\Users\nviveros30\Documents\BITACORA\bitacora\node_modules\@esbuild\linux-ppc64
60 silly reify mark deleted [
60 silly reify   'C:\\Users\\nviveros30\\Documents\\BITACORA\\bitacora\\node_modules\\@esbuild\\linux-ppc64'
60 silly reify ]
61 verbose reify failed optional dependency C:\Users\nviveros30\Documents\BITACORA\bitacora\node_modules\@esbuild\linux-mips64el
62 silly reify mark deleted [
62 silly reify   'C:\\Users\\nviveros30\\Documents\\BITACORA\\bitacora\\node_modules\\@esbuild\\linux-mips64el'
62 silly reify ]
63 verbose reify failed optional dependency C:\Users\nviveros30\Documents\BITACORA\bitacora\node_modules\@esbuild\linux-loong64
64 silly reify mark deleted [
64 silly reify   'C:\\Users\\nviveros30\\Documents\\BITACORA\\bitacora\\node_modules\\@esbuild\\linux-loong64'
64 silly reify ]
65 verbose reify failed optional dependency C:\Users\nviveros30\Documents\BITACORA\bitacora\node_modules\@esbuild\linux-ia32
66 silly reify mark deleted [
66 silly reify   'C:\\Users\\nviveros30\\Documents\\BITACORA\\bitacora\\node_modules\\@esbuild\\linux-ia32'
66 silly reify ]
67 verbose reify failed optional dependency C:\Users\nviveros30\Documents\BITACORA\bitacora\node_modules\@esbuild\linux-arm64
68 silly reify mark deleted [
68 silly reify   'C:\\Users\\nviveros30\\Documents\\BITACORA\\bitacora\\node_modules\\@esbuild\\linux-arm64'
68 silly reify ]
69 verbose reify failed optional dependency C:\Users\nviveros30\Documents\BITACORA\bitacora\node_modules\@esbuild\linux-arm
70 silly reify mark deleted [
70 silly reify   'C:\\Users\\nviveros30\\Documents\\BITACORA\\bitacora\\node_modules\\@esbuild\\linux-arm'
70 silly reify ]
71 verbose reify failed optional dependency C:\Users\nviveros30\Documents\BITACORA\bitacora\node_modules\@esbuild\freebsd-x64
72 silly reify mark deleted [
72 silly reify   'C:\\Users\\nviveros30\\Documents\\BITACORA\\bitacora\\node_modules\\@esbuild\\freebsd-x64'
72 silly reify ]
73 verbose reify failed optional dependency C:\Users\nviveros30\Documents\BITACORA\bitacora\node_modules\@esbuild\freebsd-arm64
74 silly reify mark deleted [
74 silly reify   'C:\\Users\\nviveros30\\Documents\\BITACORA\\bitacora\\node_modules\\@esbuild\\freebsd-arm64'
74 silly reify ]
75 verbose reify failed optional dependency C:\Users\nviveros30\Documents\BITACORA\bitacora\node_modules\@esbuild\darwin-x64
76 silly reify mark deleted [
76 silly reify   'C:\\Users\\nviveros30\\Documents\\BITACORA\\bitacora\\node_modules\\@esbuild\\darwin-x64'
76 silly reify ]
77 verbose reify failed optional dependency C:\Users\nviveros30\Documents\BITACORA\bitacora\node_modules\@esbuild\darwin-arm64
78 silly reify mark deleted [
78 silly reify   'C:\\Users\\nviveros30\\Documents\\BITACORA\\bitacora\\node_modules\\@esbuild\\darwin-arm64'
78 silly reify ]
79 verbose reify failed optional dependency C:\Users\nviveros30\Documents\BITACORA\bitacora\node_modules\@esbuild\android-x64
80 silly reify mark deleted [
80 silly reify   'C:\\Users\\nviveros30\\Documents\\BITACORA\\bitacora\\node_modules\\@esbuild\\android-x64'
80 silly reify ]
81 verbose reify failed optional dependency C:\Users\nviveros30\Documents\BITACORA\bitacora\node_modules\@esbuild\android-arm64
82 silly reify mark deleted [
82 silly reify   'C:\\Users\\nviveros30\\Documents\\BITACORA\\bitacora\\node_modules\\@esbuild\\android-arm64'
82 silly reify ]
83 verbose reify failed optional dependency C:\Users\nviveros30\Documents\BITACORA\bitacora\node_modules\@esbuild\android-arm
84 silly reify mark deleted [
84 silly reify   'C:\\Users\\nviveros30\\Documents\\BITACORA\\bitacora\\node_modules\\@esbuild\\android-arm'
84 silly reify ]
85 verbose reify failed optional dependency C:\Users\nviveros30\Documents\BITACORA\bitacora\node_modules\@esbuild\aix-ppc64
86 silly reify mark deleted [
86 silly reify   'C:\\Users\\nviveros30\\Documents\\BITACORA\\bitacora\\node_modules\\@esbuild\\aix-ppc64'
86 silly reify ]
87 http fetch POST 200 https://registry.npmjs.org/-/npm/v1/security/advisories/bulk 1153ms
88 silly audit report {
88 silly audit report   undici: [
88 silly audit report     {
88 silly audit report       id: 1101609,
88 silly audit report       url: 'https://github.com/advisories/GHSA-c76h-2ccp-4975',
88 silly audit report       title: 'Use of Insufficiently Random Values in undici',
88 silly audit report       severity: 'moderate',
88 silly audit report       vulnerable_versions: '>=6.0.0 <6.21.1',
88 silly audit report       cwe: [Array],
88 silly audit report       cvss: [Object]
88 silly audit report     },
88 silly audit report     {
88 silly audit report       id: 1101610,
88 silly audit report       url: 'https://github.com/advisories/GHSA-c76h-2ccp-4975',
88 silly audit report       title: 'Use of Insufficiently Random Values in undici',
88 silly audit report       severity: 'moderate',
88 silly audit report       vulnerable_versions: '>=4.5.0 <5.28.5',
88 silly audit report       cwe: [Array],
88 silly audit report       cvss: [Object]
88 silly audit report     },
88 silly audit report     {
88 silly audit report       id: 1112496,
88 silly audit report       url: 'https://github.com/advisories/GHSA-g9mf-h72j-4rw9',
88 silly audit report       title: 'Undici has an unbounded decompression chain in HTTP responses on Node.js Fetch API via Content-Encoding leads to resource exhaustion',
88 silly audit report       severity: 'moderate',
88 silly audit report       vulnerable_versions: '<6.23.0',
88 silly audit report       cwe: [Array],
88 silly audit report       cvss: [Object]
88 silly audit report     },
88 silly audit report     {
88 silly audit report       id: 1113068,
88 silly audit report       url: 'https://github.com/advisories/GHSA-cxrh-j4jr-qwg3',
88 silly audit report       title: 'undici Denial of Service attack via bad certificate data',
88 silly audit report       severity: 'low',
88 silly audit report       vulnerable_versions: '>=6.0.0 <6.21.2',
88 silly audit report       cwe: [Array],
88 silly audit report       cvss: [Object]
88 silly audit report     },
88 silly audit report     {
88 silly audit report       id: 1113069,
88 silly audit report       url: 'https://github.com/advisories/GHSA-cxrh-j4jr-qwg3',
88 silly audit report       title: 'undici Denial of Service attack via bad certificate data',
88 silly audit report       severity: 'low',
88 silly audit report       vulnerable_versions: '<5.29.0',
88 silly audit report       cwe: [Array],
88 silly audit report       cvss: [Object]
88 silly audit report     },
88 silly audit report     {
88 silly audit report       id: 1114592,
88 silly audit report       url: 'https://github.com/advisories/GHSA-f269-vfmq-vjvj',
88 silly audit report       title: 'Undici: Malicious WebSocket 64-bit length overflows parser and crashes the client',
88 silly audit report       severity: 'high',
88 silly audit report       vulnerable_versions: '>=6.0.0 <6.24.0',
88 silly audit report       cwe: [Array],
88 silly audit report       cvss: [Object]
88 silly audit report     },
88 silly audit report     {
88 silly audit report       id: 1114594,
88 silly audit report       url: 'https://github.com/advisories/GHSA-2mjp-6q6p-2qxm',
88 silly audit report       title: 'Undici has an HTTP Request/Response Smuggling issue',
88 silly audit report       severity: 'moderate',
88 silly audit report       vulnerable_versions: '<6.24.0',
88 silly audit report       cwe: [Array],
88 silly audit report       cvss: [Object]
88 silly audit report     },
88 silly audit report     {
88 silly audit report       id: 1114638,
88 silly audit report       url: 'https://github.com/advisories/GHSA-vrm6-8vpv-qv8q',
88 silly audit report       title: 'Undici has Unbounded Memory Consumption in WebSocket permessage-deflate Decompression',
88 silly audit report       severity: 'high',
88 silly audit report       vulnerable_versions: '<6.24.0',
88 silly audit report       cwe: [Array],
88 silly audit report       cvss: [Object]
88 silly audit report     },
88 silly audit report     {
88 silly audit report       id: 1114640,
88 silly audit report       url: 'https://github.com/advisories/GHSA-v9p9-hfj2-hcw8',
88 silly audit report       title: 'Undici has Unhandled Exception in WebSocket Client Due to Invalid server_max_window_bits Validation',
88 silly audit report       severity: 'high',
88 silly audit report       vulnerable_versions: '<6.24.0',
88 silly audit report       cwe: [Array],
88 silly audit report       cvss: [Object]
88 silly audit report     },
88 silly audit report     {
88 silly audit report       id: 1114642,
88 silly audit report       url: 'https://github.com/advisories/GHSA-4992-7rv2-5pvq',
88 silly audit report       title: 'Undici has CRLF Injection in undici via `upgrade` option',
88 silly audit report       severity: 'moderate',
88 silly audit report       vulnerable_versions: '<6.24.0',
88 silly audit report       cwe: [Array],
88 silly audit report       cvss: [Object]
88 silly audit report     },
88 silly audit report     {
88 silly audit report       id: 1130716,
88 silly audit report       url: 'https://github.com/advisories/GHSA-8xcm-r25x-g524',
88 silly audit report       title: 'undici vulnerable to downstream response desynchronization via retry interceptor',
88 silly audit report       severity: 'moderate',
88 silly audit report       vulnerable_versions: '<6.28.0',
88 silly audit report       cwe: [Array],
88 silly audit report       cvss: [Object]
88 silly audit report     },
88 silly audit report     {
88 silly audit report       id: 1130727,
88 silly audit report       url: 'https://github.com/advisories/GHSA-m8rv-5g2x-5cg5',
88 silly audit report       title: "undici vulnerable to CRLF Injection via blob-like body 'type' property",
88 silly audit report       severity: 'moderate',
88 silly audit report       vulnerable_versions: '<6.28.0',
88 silly audit report       cwe: [Array],
88 silly audit report       cvss: [Object]
88 silly audit report     },
88 silly audit report     {
88 silly audit report       id: 1130732,
88 silly audit report       url: 'https://github.com/advisories/GHSA-v3r7-h72x-cjcm',
88 silly audit report       title: 'undici vulnerable to cookie attribute injection via unsanitized domain and unparsed setCookie fields',
88 silly audit report       severity: 'moderate',
88 silly audit report       vulnerable_versions: '<6.28.0',
88 silly audit report       cwe: [Array],
88 silly audit report       cvss: [Object]
88 silly audit report     },
88 silly audit report     {
88 silly audit report       id: 1121242,
88 silly audit report       url: 'https://github.com/advisories/GHSA-p88m-4jfj-68fv',
88 silly audit report       title: 'undici vulnerable to HTTP header injection via Set-Cookie percent-decoding',
88 silly audit report       severity: 'moderate',
88 silly audit report       vulnerable_versions: '<6.27.0',
88 silly audit report       cwe: [Array],
88 silly audit report       cvss: [Object]
88 silly audit report     },
88 silly audit report     {
88 silly audit report       id: 1121245,
88 silly audit report       url: 'https://github.com/advisories/GHSA-vxpw-j846-p89q',
88 silly audit report       title: 'undici WebSocket client vulnerable to denial of service via fragment count bypass',
88 silly audit report       severity: 'high',
88 silly audit report       vulnerable_versions: '<6.27.0',
88 silly audit report       cwe: [Array],
88 silly audit report       cvss: [Object]
88 silly audit report     },
88 silly audit report     {
88 silly audit report       id: 1121255,
88 silly audit report       url: 'https://github.com/advisories/GHSA-g8m3-5g58-fq7m',
88 silly audit report       title: 'undici vulnerable to Set-Cookie SameSite attribute downgrade via permissive substring matching',
88 silly audit report       severity: 'low',
88 silly audit report       vulnerable_versions: '<6.27.0',
88 silly audit report       cwe: [Array],
88 silly audit report       cvss: [Object]
88 silly audit report     },
88 silly audit report     {
88 silly audit report       id: 1137243,
88 silly audit report       url: 'https://github.com/advisories/GHSA-35p6-xmwp-9g52',
88 silly audit report       title: 'undici vulnerable to HTTP response queue poisoning via keep-alive socket reuse',
88 silly audit report       severity: 'low',
88 silly audit report       vulnerable_versions: '<6.27.0',
88 silly audit report       cwe: [Array],
88 silly audit report       cvss: [Object]
88 silly audit report     }
88 silly audit report   ],
88 silly audit report   'js-yaml': [
88 silly audit report     {
88 silly audit report       id: 1121860,
88 silly audit report       url: 'https://github.com/advisories/GHSA-h67p-54hq-rp68',
88 silly audit report       title: 'JS-YAML: Quadratic-complexity DoS in merge key handling via repeated aliases',
88 silly audit report       severity: 'moderate',
88 silly audit report       vulnerable_versions: '>=4.0.0 <=4.1.1',
88 silly audit report       cwe: [Array],
88 silly audit report       cvss: [Object]
88 silly audit report     },
88 silly audit report     {
88 silly audit report       id: 1123911,
88 silly audit report       url: 'https://github.com/advisories/GHSA-52cp-r559-cp3m',
88 silly audit report       title: 'js-yaml: YAML merge-key chains can force quadratic CPU consumption',
88 silly audit report       severity: 'high',
88 silly audit report       vulnerable_versions: '>=4.0.0 <4.3.0',
88 silly audit report       cwe: [Array],
88 silly audit report       cvss: [Object]
88 silly audit report     },
88 silly audit report     {
88 silly audit report       id: 1138114,
88 silly audit report       url: 'https://github.com/advisories/GHSA-5p4m-2wfm-xmqj',
88 silly audit report       title: 'JS-YAML: Quadratic CPU consumption in !!omap resolution (3.x and 4.x) — CVE-2026-59870 fix not backported',
88 silly audit report       severity: 'high',
88 silly audit report       vulnerable_versions: '>=3.0.0 <3.15.1',
88 silly audit report       cwe: [Array],
88 silly audit report       cvss: [Object]
88 silly audit report     },
88 silly audit report     {
88 silly audit report       id: 1138115,
88 silly audit report       url: 'https://github.com/advisories/GHSA-5p4m-2wfm-xmqj',
88 silly audit report       title: 'JS-YAML: Quadratic CPU consumption in !!omap resolution (3.x and 4.x) — CVE-2026-59870 fix not backported',
88 silly audit report       severity: 'high',
88 silly audit report       vulnerable_versions: '>=4.0.0 <4.3.1',
88 silly audit report       cwe: [Array],
88 silly audit report       cvss: [Object]
88 silly audit report     }
88 silly audit report   ],
88 silly audit report   tar: [
88 silly audit report     {
88 silly audit report       id: 1112659,
88 silly audit report       url: 'https://github.com/advisories/GHSA-34x7-hfp2-rc4v',
88 silly audit report       title: 'node-tar Vulnerable to Arbitrary File Creation/Overwrite via Hardlink Path Traversal',
88 silly audit report       severity: 'high',
88 silly audit report       vulnerable_versions: '<7.5.7',
88 silly audit report       cwe: [Array],
88 silly audit report       cvss: [Object]
88 silly audit report     },
88 silly audit report     {
88 silly audit report       id: 1113300,
88 silly audit report       url: 'https://github.com/advisories/GHSA-8qq5-rm4j-mr97',
88 silly audit report       title: 'node-tar is Vulnerable to Arbitrary File Overwrite and Symlink Poisoning via Insufficient Path Sanitization',
88 silly audit report       severity: 'high',
88 silly audit report       vulnerable_versions: '<=7.5.2',
88 silly audit report       cwe: [Array],
88 silly audit report       cvss: [Object]
88 silly audit report     },
88 silly audit report     {
88 silly audit report       id: 1113375,
88 silly audit report       url: 'https://github.com/advisories/GHSA-83g3-92jg-28cx',
88 silly audit report       title: 'Arbitrary File Read/Write via Hardlink Target Escape Through Symlink Chain in node-tar Extraction',
88 silly audit report       severity: 'high',
88 silly audit report       vulnerable_versions: '<7.5.8',
88 silly audit report       cwe: [Array],
88 silly audit report       cvss: [Object]
88 silly audit report     },
88 silly audit report     {
88 silly audit report       id: 1114200,
88 silly audit report       url: 'https://github.com/advisories/GHSA-qffp-2rhf-9h96',
88 silly audit report       title: 'tar has Hardlink Path Traversal via Drive-Relative Linkpath',
88 silly audit report       severity: 'high',
88 silly audit report       vulnerable_versions: '<=7.5.9',
88 silly audit report       cwe: [Array],
88 silly audit report       cvss: [Object]
88 silly audit report     },
88 silly audit report     {
88 silly audit report       id: 1114302,
88 silly audit report       url: 'https://github.com/advisories/GHSA-9ppj-qmqm-q256',
88 silly audit report       title: 'node-tar Symlink Path Traversal via Drive-Relative Linkpath',
88 silly audit report       severity: 'high',
88 silly audit report       vulnerable_versions: '<=7.5.10',
88 silly audit report       cwe: [Array],
88 silly audit report       cvss: [Object]
88 silly audit report     },
88 silly audit report     {
88 silly audit report       id: 1120782,
88 silly audit report       url: 'https://github.com/advisories/GHSA-vmf3-w455-68vh',
88 silly audit report       title: 'node-tar applies PAX size override to intermediary GNU long-name/long-link headers, causing tar parser interpretation differential (file smuggling)',
88 silly audit report       severity: 'moderate',
88 silly audit report       vulnerable_versions: '<=7.5.15',
88 silly audit report       cwe: [Array],
88 silly audit report       cvss: [Object]
88 silly audit report     },
88 silly audit report     {
88 silly audit report       id: 1114680,
88 silly audit report       url: 'https://github.com/advisories/GHSA-r6q2-hw4h-h46w',
88 silly audit report       title: 'Race Condition in node-tar Path Reservations via Unicode Ligature Collisions on macOS APFS',
88 silly audit report       severity: 'high',
88 silly audit report       vulnerable_versions: '<=7.5.3',
88 silly audit report       cwe: [Array],
88 silly audit report       cvss: [Object]
88 silly audit report     },
88 silly audit report     {
88 silly audit report       id: 1123939,
88 silly audit report       url: 'https://github.com/advisories/GHSA-w8wr-v893-vjvp',
88 silly audit report       title: 'node-tar: Process crash via PAX numeric path type confusion',
88 silly audit report       severity: 'moderate',
88 silly audit report       vulnerable_versions: '<=7.5.17',
88 silly audit report       cwe: [Array],
88 silly audit report       cvss: [Object]
88 silly audit report     },
88 silly audit report     {
88 silly audit report       id: 1123940,
88 silly audit report       url: 'https://github.com/advisories/GHSA-23hp-3jrh-7fpw',
88 silly audit report       title: 'node-tar: Decompression/parse DoS via unlimited input',
88 silly audit report       severity: 'critical',
88 silly audit report       vulnerable_versions: '<=7.5.18',
88 silly audit report       cwe: [Array],
88 silly audit report       cvss: [Object]
88 silly audit report     },
88 silly audit report     {
88 silly audit report       id: 1123941,
88 silly audit report       url: 'https://github.com/advisories/GHSA-8x88-c5mf-7j5w',
88 silly audit report       title: 'node-tar: Negative tar entry size causes infinite loop in archive replace',
88 silly audit report       severity: 'high',
88 silly audit report       vulnerable_versions: '<=7.5.17',
88 silly audit report       cwe: [Array],
88 silly audit report       cvss: [Object]
88 silly audit report     },
88 silly audit report     {
88 silly audit report       id: 1123942,
88 silly audit report       url: 'https://github.com/advisories/GHSA-gvwx-54wh-qm9j',
88 silly audit report       title: 'node-tar: Uncaught Exception DoS via NUL byte in PAX path/linkpath records',
88 silly audit report       severity: 'moderate',
88 silly audit report       vulnerable_versions: '<=7.5.16',
88 silly audit report       cwe: [Array],
88 silly audit report       cvss: [Object]
88 silly audit report     },
88 silly audit report     {
88 silly audit report       id: 1124287,
88 silly audit report       url: 'https://github.com/advisories/GHSA-r292-9mhp-454m',
88 silly audit report       title: 'node-tar: Uncontrolled recursion in mapHas/filesFilter allows uncatchable stack-overflow DoS via crafted long-path tar with member selection',
88 silly audit report       severity: 'moderate',
88 silly audit report       vulnerable_versions: '<=7.5.20',
88 silly audit report       cwe: [Array],
88 silly audit report       cvss: [Object]
88 silly audit report     }
88 silly audit report   ],
88 silly audit report   'brace-expansion': [
88 silly audit report     {
88 silly audit report       id: 1130588,
88 silly audit report       url: 'https://github.com/advisories/GHSA-mh99-v99m-4gvg',
88 silly audit report       title: 'brace-expansion: DoS via unbounded expansion length causing an out-of-memory process crash',
88 silly audit report       severity: 'high',
88 silly audit report       vulnerable_versions: '<1.1.17',
88 silly audit report       cwe: [Array],
88 silly audit report       cvss: [Object]
88 silly audit report     },
88 silly audit report     {
88 silly audit report       id: 1130736,
88 silly audit report       url: 'https://github.com/advisories/GHSA-rgw5-rvv9-x895',
88 silly audit report       title: 'brace-expansion: DoS via unbounded intermediate arrays, bypassing the CVE-2026-14257 mitigation',
88 silly audit report       severity: 'high',
88 silly audit report       vulnerable_versions: '>=2.0.0 <2.1.4',
88 silly audit report       cwe: [Array],
88 silly audit report       cvss: [Object]
88 silly audit report     },
88 silly audit report     {
88 silly audit report       id: 1130737,
88 silly audit report       url: 'https://github.com/advisories/GHSA-rgw5-rvv9-x895',
88 silly audit report       title: 'brace-expansion: DoS via unbounded intermediate arrays, bypassing the CVE-2026-14257 mitigation',
88 silly audit report       severity: 'high',
88 silly audit report       vulnerable_versions: '<1.1.18',
88 silly audit report       cwe: [Array],
88 silly audit report       cvss: [Object]
88 silly audit report     }
88 silly audit report   ],
88 silly audit report   minimatch: [
88 silly audit report     {
88 silly audit report       id: 1113466,
88 silly audit report       url: 'https://github.com/advisories/GHSA-3ppc-4f35-3m26',
88 silly audit report       title: 'minimatch has a ReDoS via repeated wildcards with non-matching literal in pattern',
88 silly audit report       severity: 'high',
88 silly audit report       vulnerable_versions: '>=10.0.0 <10.2.1',
88 silly audit report       cwe: [Array],
88 silly audit report       cvss: [Object]
88 silly audit report     },
88 silly audit report     {
88 silly audit report       id: 1113545,
88 silly audit report       url: 'https://github.com/advisories/GHSA-7r86-cg39-jmmj',
88 silly audit report       title: 'minimatch has ReDoS: matchOne() combinatorial backtracking via multiple non-adjacent GLOBSTAR segments',
88 silly audit report       severity: 'high',
88 silly audit report       vulnerable_versions: '>=10.0.0 <10.2.3',
88 silly audit report       cwe: [Array],
88 silly audit report       cvss: [Object]
88 silly audit report     },
88 silly audit report     {
88 silly audit report       id: 1113553,
88 silly audit report       url: 'https://github.com/advisories/GHSA-23c5-xmqv-rm74',
88 silly audit report       title: 'minimatch ReDoS: nested *() extglobs generate catastrophically backtracking regular expressions',
88 silly audit report       severity: 'high',
88 silly audit report       vulnerable_versions: '>=10.0.0 <10.2.3',
88 silly audit report       cwe: [Array],
88 silly audit report       cvss: [Object]
88 silly audit report     }
88 silly audit report   ],
88 silly audit report   ajv: [
88 silly audit report     {
88 silly audit report       id: 1113715,
88 silly audit report       url: 'https://github.com/advisories/GHSA-2g4f-4pwh-qvx6',
88 silly audit report       title: 'ajv has ReDoS when using `$data` option',
88 silly audit report       severity: 'moderate',
88 silly audit report       vulnerable_versions: '>=7.0.0-alpha.0 <8.18.0',
88 silly audit report       cwe: [Array],
88 silly audit report       cvss: [Object]
88 silly audit report     }
88 silly audit report   ],
88 silly audit report   '@xmldom/xmldom': [
88 silly audit report     {
88 silly audit report       id: 1117097,
88 silly audit report       url: 'https://github.com/advisories/GHSA-wh4c-j3r5-mjhp',
88 silly audit report       title: 'xmldom: XML injection via unsafe CDATA serialization allows attacker-controlled markup insertion',
88 silly audit report       severity: 'high',
88 silly audit report       vulnerable_versions: '<0.8.12',
88 silly audit report       cwe: [Array],
88 silly audit report       cvss: [Object]
88 silly audit report     },
88 silly audit report     {
88 silly audit report       id: 1117894,
88 silly audit report       url: 'https://github.com/advisories/GHSA-2v35-w6hq-6mfw',
88 silly audit report       title: 'xmldom: Uncontrolled recursion in XML serialization leads to DoS',
88 silly audit report       severity: 'high',
88 silly audit report       vulnerable_versions: '<0.8.13',
88 silly audit report       cwe: [Array],
88 silly audit report       cvss: [Object]
88 silly audit report     },
88 silly audit report     {
88 silly audit report       id: 1117897,
88 silly audit report       url: 'https://github.com/advisories/GHSA-f6ww-3ggp-fr8h',
88 silly audit report       title: 'xmldom has XML injection through unvalidated DocumentType serialization',
88 silly audit report       severity: 'high',
88 silly audit report       vulnerable_versions: '<0.8.13',
88 silly audit report       cwe: [Array],
88 silly audit report       cvss: [Object]
88 silly audit report     },
88 silly audit report     {
88 silly audit report       id: 1117900,
88 silly audit report       url: 'https://github.com/advisories/GHSA-x6wf-f3px-wcqx',
88 silly audit report       title: 'xmldom has XML node injection through unvalidated processing instruction serialization',
88 silly audit report       severity: 'high',
88 silly audit report       vulnerable_versions: '<0.8.13',
88 silly audit report       cwe: [Array],
88 silly audit report       cvss: [Object]
88 silly audit report     },
88 silly audit report     {
88 silly audit report       id: 1117903,
88 silly audit report       url: 'https://github.com/advisories/GHSA-j759-j44w-7fr8',
88 silly audit report       title: 'xmldom has XML node injection through unvalidated comment serialization',
88 silly audit report       severity: 'high',
88 silly audit report       vulnerable_versions: '<0.8.13',
88 silly audit report       cwe: [Array],
88 silly audit report       cvss: [Object]
88 silly audit report     }
88 silly audit report   ],
88 silly audit report   'fast-uri': [
88 silly audit report     {
88 silly audit report       id: 1130720,
88 silly audit report       url: 'https://github.com/advisories/GHSA-7p8r-x3mc-p8w7',
88 silly audit report       title: 'fast-uri vulnerable to host confusion via backslash authority introducer',
88 silly audit report       severity: 'high',
88 silly audit report       vulnerable_versions: '>=3.0.0 <3.1.5',
88 silly audit report       cwe: [Array],
88 silly audit report       cvss: [Object]
88 silly audit report     }
88 silly audit report   ],
88 silly audit report   uuid: [
88 silly audit report     {
88 silly audit report       id: 1119441,
88 silly audit report       url: 'https://github.com/advisories/GHSA-w5hq-g745-h8pq',
88 silly audit report       title: 'uuid: Missing buffer bounds check in v3/v5/v6 when buf is provided',
88 silly audit report       severity: 'moderate',
88 silly audit report       vulnerable_versions: '<11.1.1',
88 silly audit report       cwe: [Array],
88 silly audit report       cvss: [Object]
88 silly audit report     }
88 silly audit report   ],
88 silly audit report   'image-size': [
88 silly audit report     {
88 silly audit report       id: 1138808,
88 silly audit report       url: 'https://github.com/advisories/GHSA-w3rx-r6r6-pgpr',
88 silly audit report       title: 'image-size: ICNS parser allows denial of service through an infinite loop',
88 silly audit report       severity: 'high',
88 silly audit report       vulnerable_versions: '<=2.0.2',
88 silly audit report       cwe: [Array],
88 silly audit report       cvss: [Object]
88 silly audit report     },
88 silly audit report     {
88 silly audit report       id: 1138809,
88 silly audit report       url: 'https://github.com/advisories/GHSA-5p2g-fcmc-qvqq',
88 silly audit report       title: 'image-size: JXL and HEIF parsers allow denial of service through infinite loops',
88 silly audit report       severity: 'high',
88 silly audit report       vulnerable_versions: '<=2.0.2',
88 silly audit report       cwe: [Array],
88 silly audit report       cvss: [Object]
88 silly audit report     }
88 silly audit report   ],
88 silly audit report   nanoid: [
88 silly audit report     {
88 silly audit report       id: 1138813,
88 silly audit report       url: 'https://github.com/advisories/GHSA-2v37-7h3g-55p8',
88 silly audit report       title: 'nanoid: custom generators can loop indefinitely when size is zero',
88 silly audit report       severity: 'high',
88 silly audit report       vulnerable_versions: '<3.3.17',
88 silly audit report       cwe: [Array],
88 silly audit report       cvss: [Object]
88 silly audit report     }
88 silly audit report   ],
88 silly audit report   'path-to-regexp': [
88 silly audit report     {
88 silly audit report       id: 1101846,
88 silly audit report       url: 'https://github.com/advisories/GHSA-9wv6-86v2-598j',
88 silly audit report       title: 'path-to-regexp outputs backtracking regular expressions',
88 silly audit report       severity: 'high',
88 silly audit report       vulnerable_versions: '>=4.0.0 <6.3.0',
88 silly audit report       cwe: [Array],
88 silly audit report       cvss: [Object]
88 silly audit report     }
88 silly audit report   ],
88 silly audit report   postcss: [
88 silly audit report     {
88 silly audit report       id: 1130709,
88 silly audit report       url: 'https://github.com/advisories/GHSA-fxqj-rqcc-2cmp',
88 silly audit report       title: 'PostCSS: incomplete fix of GHSA-6g55-p6wh-862q — attacker-controlled sourceMappingURL reads arbitrary .map files when `from` is unset',
88 silly audit report       severity: 'moderate',
88 silly audit report       vulnerable_versions: '<=8.5.22',
88 silly audit report       cwe: [Array],
88 silly audit report       cvss: [Object]
88 silly audit report     },
88 silly audit report     {
88 silly audit report       id: 1117015,
88 silly audit report       url: 'https://github.com/advisories/GHSA-qx2v-qp2m-jg93',
88 silly audit report       title: 'PostCSS has XSS via Unescaped </style> in its CSS Stringify Output',
88 silly audit report       severity: 'moderate',
88 silly audit report       vulnerable_versions: '<8.5.10',
88 silly audit report       cwe: [Array],
88 silly audit report       cvss: [Object]
88 silly audit report     },
88 silly audit report     {
88 silly audit report       id: 1124252,
88 silly audit report       url: 'https://github.com/advisories/GHSA-6g55-p6wh-862q',
88 silly audit report       title: 'PostCSS: Arbitrary file read and information disclosure via attacker-controlled sourceMappingURL in CSS comments',
88 silly audit report       severity: 'high',
88 silly audit report       vulnerable_versions: '<=8.5.11',
88 silly audit report       cwe: [Array],
88 silly audit report       cvss: [Object]
88 silly audit report     },
88 silly audit report     {
88 silly audit report       id: 1124288,
88 silly audit report       url: 'https://github.com/advisories/GHSA-r28c-9q8g-f849',
88 silly audit report       title: 'PostCSS: Path Traversal in Previous Source Map Auto-Loading (sourceMappingURL) leads to Arbitrary .map File Disclosure',
88 silly audit report       severity: 'high',
88 silly audit report       vulnerable_versions: '<=8.5.17',
88 silly audit report       cwe: [Array],
88 silly audit report       cvss: [Object]
88 silly audit report     }
88 silly audit report   ],
88 silly audit report   'smol-toml': [
88 silly audit report     {
88 silly audit report       id: 1115393,
88 silly audit report       url: 'https://github.com/advisories/GHSA-v3rj-xjv7-4jmq',
88 silly audit report       title: 'smol-toml: Denial of Service via TOML documents containing thousands of consecutive commented lines',
88 silly audit report       severity: 'moderate',
88 silly audit report       vulnerable_versions: '<1.6.1',
88 silly audit report       cwe: [Array],
88 silly audit report       cvss: [Object]
88 silly audit report     }
88 silly audit report   ]
88 silly audit report }
89 silly packumentCache corgi:https://registry.npmjs.org/undici cache-miss
90 silly packumentCache corgi:https://registry.npmjs.org/js-yaml cache-miss
91 silly packumentCache corgi:https://registry.npmjs.org/tar cache-miss
92 silly packumentCache corgi:https://registry.npmjs.org/brace-expansion cache-miss
93 silly packumentCache corgi:https://registry.npmjs.org/minimatch cache-miss
94 silly packumentCache corgi:https://registry.npmjs.org/ajv cache-miss
95 silly packumentCache corgi:https://registry.npmjs.org/@xmldom%2fxmldom cache-miss
96 silly packumentCache corgi:https://registry.npmjs.org/fast-uri cache-miss
97 silly packumentCache corgi:https://registry.npmjs.org/uuid cache-miss
98 silly packumentCache corgi:https://registry.npmjs.org/image-size cache-miss
99 silly packumentCache corgi:https://registry.npmjs.org/nanoid cache-miss
100 silly packumentCache corgi:https://registry.npmjs.org/path-to-regexp cache-miss
101 silly packumentCache corgi:https://registry.npmjs.org/postcss cache-miss
102 silly packumentCache corgi:https://registry.npmjs.org/smol-toml cache-miss
103 warn deprecated inflight@1.0.6: This module is not supported, and leaks memory. Do not use it. Check out lru-cache if you want a good and tested way to coalesce async requests by a key value, which is much more comprehensive and powerful.
104 http fetch GET 200 https://registry.npmjs.org/@xmldom%2fxmldom 5691ms (cache hit)
105 silly packumentCache corgi:https://registry.npmjs.org/@xmldom%2fxmldom set size:72976 disposed:false
106 http fetch GET 200 https://registry.npmjs.org/brace-expansion 5704ms (cache hit)
107 silly packumentCache corgi:https://registry.npmjs.org/brace-expansion set size:34964 disposed:false
108 http fetch GET 200 https://registry.npmjs.org/tar 5710ms (cache hit)
109 silly packumentCache corgi:https://registry.npmjs.org/tar set size:208035 disposed:false
110 http fetch GET 200 https://registry.npmjs.org/fast-uri 5714ms (cache hit)
111 silly packumentCache corgi:https://registry.npmjs.org/fast-uri set size:30599 disposed:false
112 http fetch GET 200 https://registry.npmjs.org/undici 5730ms (cache hit)
113 silly packumentCache corgi:https://registry.npmjs.org/undici set size:455439 disposed:false
114 http fetch GET 200 https://registry.npmjs.org/path-to-regexp 5741ms (cache hit)
115 silly packumentCache corgi:https://registry.npmjs.org/path-to-regexp set size:66575 disposed:false
116 http fetch GET 200 https://registry.npmjs.org/js-yaml 5758ms (cache hit)
117 silly packumentCache corgi:https://registry.npmjs.org/js-yaml set size:70542 disposed:false
118 http fetch GET 200 https://registry.npmjs.org/image-size 5747ms (cache hit)
119 silly packumentCache corgi:https://registry.npmjs.org/image-size set size:76086 disposed:false
120 http fetch GET 200 https://registry.npmjs.org/minimatch 5758ms (cache hit)
121 silly packumentCache corgi:https://registry.npmjs.org/minimatch set size:169442 disposed:false
122 http fetch GET 200 https://registry.npmjs.org/ajv 5760ms (cache hit)
123 silly packumentCache corgi:https://registry.npmjs.org/ajv set size:467559 disposed:false
124 http fetch GET 200 https://registry.npmjs.org/smol-toml 5758ms (cache hit)
125 silly packumentCache corgi:https://registry.npmjs.org/smol-toml set size:23870 disposed:false
126 http fetch GET 200 https://registry.npmjs.org/uuid 5765ms (cache hit)
127 silly packumentCache corgi:https://registry.npmjs.org/uuid set size:82973 disposed:false
128 http fetch GET 200 https://registry.npmjs.org/nanoid 5766ms (cache hit)
129 silly packumentCache corgi:https://registry.npmjs.org/nanoid set size:158420 disposed:false
130 http fetch GET 200 https://registry.npmjs.org/postcss 5768ms (cache hit)
131 silly packumentCache corgi:https://registry.npmjs.org/postcss set size:355680 disposed:false
132 silly packumentCache corgi:https://registry.npmjs.org/@firebase%2fauth-compat cache-miss
133 silly packumentCache corgi:https://registry.npmjs.org/@firebase%2fauth cache-miss
134 silly packumentCache corgi:https://registry.npmjs.org/@firebase%2ffirestore cache-miss
135 silly packumentCache corgi:https://registry.npmjs.org/@firebase%2ffunctions cache-miss
136 silly packumentCache corgi:https://registry.npmjs.org/@firebase%2fstorage cache-miss
137 warn deprecated @babel/plugin-proposal-class-properties@7.18.6: This proposal has been merged to the ECMAScript standard and thus this plugin is no longer maintained. Please use @babel/plugin-transform-class-properties instead.
138 warn deprecated @babel/plugin-proposal-nullish-coalescing-operator@7.18.6: This proposal has been merged to the ECMAScript standard and thus this plugin is no longer maintained. Please use @babel/plugin-transform-nullish-coalescing-operator instead.
139 warn deprecated rimraf@2.6.3: Rimraf versions prior to v4 are no longer supported
140 warn deprecated @babel/plugin-proposal-optional-chaining@7.21.0: This proposal has been merged to the ECMAScript standard and thus this plugin is no longer maintained. Please use @babel/plugin-transform-optional-chaining instead.
141 warn deprecated rimraf@3.0.2: Rimraf versions prior to v4 are no longer supported
142 warn deprecated glob@7.2.3: Old versions of glob are not supported, and contain widely publicized security vulnerabilities, which have been fixed in the current version. Please update. Support for old versions may be purchased (at exorbitant rates) by contacting i@izs.me
143 warn deprecated glob@7.2.3: Old versions of glob are not supported, and contain widely publicized security vulnerabilities, which have been fixed in the current version. Please update. Support for old versions may be purchased (at exorbitant rates) by contacting i@izs.me
144 warn deprecated glob@7.2.3: Old versions of glob are not supported, and contain widely publicized security vulnerabilities, which have been fixed in the current version. Please update. Support for old versions may be purchased (at exorbitant rates) by contacting i@izs.me
145 warn deprecated glob@7.2.3: Old versions of glob are not supported, and contain widely publicized security vulnerabilities, which have been fixed in the current version. Please update. Support for old versions may be purchased (at exorbitant rates) by contacting i@izs.me
146 warn deprecated glob@7.2.3: Old versions of glob are not supported, and contain widely publicized security vulnerabilities, which have been fixed in the current version. Please update. Support for old versions may be purchased (at exorbitant rates) by contacting i@izs.me
147 warn deprecated glob@7.2.3: Old versions of glob are not supported, and contain widely publicized security vulnerabilities, which have been fixed in the current version. Please update. Support for old versions may be purchased (at exorbitant rates) by contacting i@izs.me
148 http fetch GET 200 https://registry.npmjs.org/@firebase%2fauth-compat 1913ms (cache hit)
149 silly packumentCache corgi:https://registry.npmjs.org/@firebase%2fauth-compat set size:2414992 disposed:false
150 http fetch GET 200 https://registry.npmjs.org/@firebase%2ffunctions 2074ms (cache hit)
151 silly packumentCache corgi:https://registry.npmjs.org/@firebase%2ffunctions set size:6826047 disposed:false
152 http fetch GET 200 https://registry.npmjs.org/@firebase%2fauth 2299ms (cache hit)
153 silly packumentCache corgi:https://registry.npmjs.org/@firebase%2fauth set size:6322902 disposed:false
154 http fetch GET 200 https://registry.npmjs.org/@firebase%2fstorage 2505ms (cache hit)
155 silly packumentCache corgi:https://registry.npmjs.org/@firebase%2fstorage set size:6481124 disposed:false
156 http fetch GET 200 https://registry.npmjs.org/@firebase%2ffirestore 2697ms (cache hit)
157 silly packumentCache corgi:https://registry.npmjs.org/@firebase%2ffirestore set size:8988266 disposed:false
158 silly packumentCache corgi:https://registry.npmjs.org/@vercel%2fnode cache-miss
159 http fetch GET 200 https://registry.npmjs.org/@vercel%2fnode 1843ms (cache hit)
160 silly packumentCache corgi:https://registry.npmjs.org/@vercel%2fnode set size:896213 disposed:false
161 silly packumentCache corgi:https://registry.npmjs.org/@vercel%2fpython-analysis cache-miss
162 warn deprecated @xmldom/xmldom@0.7.13: this version has critical issues, please update to the latest version
163 http fetch GET 200 https://registry.npmjs.org/@vercel%2fpython-analysis 1462ms (cache hit)
164 silly packumentCache corgi:https://registry.npmjs.org/@vercel%2fpython-analysis set size:24321 disposed:false
165 silly packumentCache corgi:https://registry.npmjs.org/@istanbuljs%2fload-nyc-config cache-miss
166 silly packumentCache corgi:https://registry.npmjs.org/cosmiconfig cache-miss
167 http fetch GET 200 https://registry.npmjs.org/cosmiconfig 773ms (cache hit)
168 silly packumentCache corgi:https://registry.npmjs.org/cosmiconfig set size:87497 disposed:false
169 http fetch GET 200 https://registry.npmjs.org/@istanbuljs%2fload-nyc-config 782ms (cache hit)
170 silly packumentCache corgi:https://registry.npmjs.org/@istanbuljs%2fload-nyc-config set size:8602 disposed:false
171 silly packumentCache corgi:https://registry.npmjs.org/@expo%2fxcpretty cache-miss
172 http fetch GET 200 https://registry.npmjs.org/@expo%2fxcpretty 652ms (cache hit)
173 silly packumentCache corgi:https://registry.npmjs.org/@expo%2fxcpretty set size:48768 disposed:false
174 silly packumentCache corgi:https://registry.npmjs.org/@expo%2fcli cache-miss
175 silly packumentCache corgi:https://registry.npmjs.org/cacache cache-miss
176 warn deprecated tar@6.2.1: Old versions of tar are not supported, and contain widely publicized security vulnerabilities, which have been fixed in the current version. Please update. Support for old versions may be purchased (at exorbitant rates) by contacting i@izs.me
177 http fetch GET 200 https://registry.npmjs.org/cacache 589ms (cache hit)
178 silly packumentCache corgi:https://registry.npmjs.org/cacache set size:158807 disposed:false
179 http fetch GET 200 https://registry.npmjs.org/@expo%2fcli 599ms (cache hit)
180 silly packumentCache corgi:https://registry.npmjs.org/@expo%2fcli set size:1757557 disposed:false
181 silly packumentCache corgi:https://registry.npmjs.org/@vercel%2fstatic-config cache-miss
182 warn deprecated node-domexception@1.0.0: Use your platform's native DOMException instead
183 http fetch GET 200 https://registry.npmjs.org/@vercel%2fstatic-config 484ms (cache hit)
184 silly packumentCache corgi:https://registry.npmjs.org/@vercel%2fstatic-config set size:48268 disposed:false
185 silly packumentCache corgi:https://registry.npmjs.org/@expo%2fplist cache-miss
186 http fetch GET 200 https://registry.npmjs.org/@expo%2fplist 483ms (cache hit)
187 silly packumentCache corgi:https://registry.npmjs.org/@expo%2fplist set size:156056 disposed:false
188 silly packumentCache corgi:https://registry.npmjs.org/gaxios cache-miss
189 silly packumentCache corgi:https://registry.npmjs.org/teeny-request cache-miss
190 silly packumentCache corgi:https://registry.npmjs.org/@expo%2fbunyan cache-miss
191 silly packumentCache corgi:https://registry.npmjs.org/@expo%2frudder-sdk-node cache-miss
192 silly packumentCache corgi:https://registry.npmjs.org/xcode cache-miss
193 warn deprecated uuid@7.0.3: uuid@10 and below is no longer supported.  For ESM codebases, update to uuid@latest.  For CommonJS codebases, use uuid@11 (but be aware this version will likely be deprecated in 2028).
194 http fetch GET 200 https://registry.npmjs.org/@expo%2fbunyan 266ms (cache hit)
195 silly packumentCache corgi:https://registry.npmjs.org/@expo%2fbunyan set size:13464 disposed:false
196 http fetch GET 200 https://registry.npmjs.org/gaxios 268ms (cache hit)
197 silly packumentCache corgi:https://registry.npmjs.org/gaxios set size:202687 disposed:false
198 http fetch GET 200 https://registry.npmjs.org/teeny-request 272ms (cache hit)
199 silly packumentCache corgi:https://registry.npmjs.org/teeny-request set size:101034 disposed:false
200 http fetch GET 200 https://registry.npmjs.org/@expo%2frudder-sdk-node 273ms (cache hit)
201 silly packumentCache corgi:https://registry.npmjs.org/@expo%2frudder-sdk-node set size:16325 disposed:false
202 http fetch GET 200 https://registry.npmjs.org/xcode 279ms (cache hit)
203 silly packumentCache corgi:https://registry.npmjs.org/xcode set size:1850340 disposed:false
204 silly packumentCache corgi:https://registry.npmjs.org/metro cache-miss
205 http fetch GET 200 https://registry.npmjs.org/metro 495ms (cache hit)
206 silly packumentCache corgi:https://registry.npmjs.org/metro set size:542209 disposed:false
207 silly packumentCache corgi:https://registry.npmjs.org/@react-navigation%2fcore cache-miss
208 silly packumentCache corgi:https://registry.npmjs.org/@react-navigation%2fnative cache-miss
209 silly packumentCache corgi:https://registry.npmjs.org/@react-navigation%2frouters cache-miss
210 http fetch GET 200 https://registry.npmjs.org/@react-navigation%2fcore 343ms (cache hit)
211 silly packumentCache corgi:https://registry.npmjs.org/@react-navigation%2fcore set size:587536 disposed:false
212 http fetch GET 200 https://registry.npmjs.org/@react-navigation%2frouters 351ms (cache hit)
213 silly packumentCache corgi:https://registry.npmjs.org/@react-navigation%2frouters set size:180894 disposed:false
214 http fetch GET 200 https://registry.npmjs.org/@react-navigation%2fnative 358ms (cache hit)
215 silly packumentCache corgi:https://registry.npmjs.org/@react-navigation%2fnative set size:591741 disposed:false
216 silly packumentCache corgi:https://registry.npmjs.org/@expo%2fmetro-config cache-miss
217 warn deprecated uuid@8.3.2: uuid@10 and below is no longer supported.  For ESM codebases, update to uuid@latest.  For CommonJS codebases, use uuid@11 (but be aware this version will likely be deprecated in 2028).
218 http fetch GET 200 https://registry.npmjs.org/@expo%2fmetro-config 374ms (cache hit)
219 silly packumentCache corgi:https://registry.npmjs.org/@expo%2fmetro-config set size:619589 disposed:false
220 warn deprecated glob@10.5.0: Old versions of glob are not supported, and contain widely publicized security vulnerabilities, which have been fixed in the current version. Please update. Support for old versions may be purchased (at exorbitant rates) by contacting i@izs.me
221 silly packumentCache corgi:https://registry.npmjs.org/firebase cache-miss
222 http fetch GET 200 https://registry.npmjs.org/firebase 277ms (cache hit)
223 silly packumentCache corgi:https://registry.npmjs.org/firebase set size:9842832 disposed:false
224 silly packumentCache corgi:https://registry.npmjs.org/@firebase%2ffunctions-compat cache-miss
225 warn deprecated uuid@9.0.1: uuid@10 and below is no longer supported.  For ESM codebases, update to uuid@latest.  For CommonJS codebases, use uuid@11 (but be aware this version will likely be deprecated in 2028).
226 warn deprecated uuid@9.0.1: uuid@10 and below is no longer supported.  For ESM codebases, update to uuid@latest.  For CommonJS codebases, use uuid@11 (but be aware this version will likely be deprecated in 2028).
227 http fetch GET 200 https://registry.npmjs.org/@firebase%2ffunctions-compat 382ms (cache hit)
228 silly packumentCache corgi:https://registry.npmjs.org/@firebase%2ffunctions-compat set size:2220566 disposed:false
229 silly packumentCache corgi:https://registry.npmjs.org/@firebase%2fstorage-compat cache-miss
230 http fetch GET 200 https://registry.npmjs.org/@firebase%2fstorage-compat 330ms (cache hit)
231 silly packumentCache corgi:https://registry.npmjs.org/@firebase%2fstorage-compat set size:2229443 disposed:false
232 silly packumentCache corgi:https://registry.npmjs.org/@firebase%2ffirestore-compat cache-miss
233 http fetch GET 200 https://registry.npmjs.org/@firebase%2ffirestore-compat 331ms (cache hit)
234 silly packumentCache corgi:https://registry.npmjs.org/@firebase%2ffirestore-compat set size:2486642 disposed:false
235 silly packumentCache corgi:https://registry.npmjs.org/@vercel%2fbuild-utils cache-miss
236 http fetch GET 200 https://registry.npmjs.org/@vercel%2fbuild-utils 489ms (cache hit)
237 silly packumentCache corgi:https://registry.npmjs.org/@vercel%2fbuild-utils set size:883106 disposed:false
238 silly packumentCache corgi:https://registry.npmjs.org/expo cache-miss
239 http fetch GET 200 https://registry.npmjs.org/expo 231ms (cache hit)
240 silly packumentCache corgi:https://registry.npmjs.org/expo set size:1839095 disposed:false
241 silly packumentCache corgi:https://registry.npmjs.org/@expo%2fconfig-plugins cache-miss
242 http fetch GET 200 https://registry.npmjs.org/@expo%2fconfig-plugins 161ms (cache hit)
243 silly packumentCache corgi:https://registry.npmjs.org/@expo%2fconfig-plugins set size:439333 disposed:false
244 silly packumentCache corgi:https://registry.npmjs.org/@google-cloud%2fstorage cache-miss
245 silly packumentCache corgi:https://registry.npmjs.org/gcp-metadata cache-miss
246 silly packumentCache corgi:https://registry.npmjs.org/google-auth-library cache-miss
247 silly packumentCache corgi:https://registry.npmjs.org/gtoken cache-miss
248 http fetch GET 200 https://registry.npmjs.org/@google-cloud%2fstorage 184ms (cache hit)
249 silly packumentCache corgi:https://registry.npmjs.org/@google-cloud%2fstorage set size:479910 disposed:false
250 http fetch GET 200 https://registry.npmjs.org/gcp-metadata 191ms (cache hit)
251 silly packumentCache corgi:https://registry.npmjs.org/gcp-metadata set size:91898 disposed:false
252 http fetch GET 200 https://registry.npmjs.org/gtoken 193ms (cache hit)
253 silly packumentCache corgi:https://registry.npmjs.org/gtoken set size:74319 disposed:false
254 http fetch GET 200 https://registry.npmjs.org/google-auth-library 198ms (cache hit)
255 silly packumentCache corgi:https://registry.npmjs.org/google-auth-library set size:373596 disposed:false
256 silly packumentCache corgi:https://registry.npmjs.org/retry-request cache-miss
257 http fetch GET 200 https://registry.npmjs.org/retry-request 164ms (cache hit)
258 silly packumentCache corgi:https://registry.npmjs.org/retry-request set size:43443 disposed:false
259 silly packumentCache corgi:https://registry.npmjs.org/@react-native%2fcommunity-cli-plugin cache-miss
260 silly packumentCache corgi:https://registry.npmjs.org/metro-config cache-miss
261 silly packumentCache corgi:https://registry.npmjs.org/metro-transform-worker cache-miss
262 http fetch GET 200 https://registry.npmjs.org/metro-config 233ms (cache hit)
263 silly packumentCache corgi:https://registry.npmjs.org/metro-config set size:194430 disposed:false
264 http fetch GET 200 https://registry.npmjs.org/metro-transform-worker 234ms (cache hit)
265 silly packumentCache corgi:https://registry.npmjs.org/metro-transform-worker set size:154090 disposed:false
266 http fetch GET 200 https://registry.npmjs.org/@react-native%2fcommunity-cli-plugin 247ms (cache hit)
267 silly packumentCache corgi:https://registry.npmjs.org/@react-native%2fcommunity-cli-plugin set size:1302236 disposed:false
268 silly packumentCache corgi:https://registry.npmjs.org/expo-asset cache-miss
269 silly packumentCache corgi:https://registry.npmjs.org/expo-constants cache-miss
270 silly packumentCache corgi:https://registry.npmjs.org/expo-font cache-miss
271 silly packumentCache corgi:https://registry.npmjs.org/expo-image-loader cache-miss
272 silly packumentCache corgi:https://registry.npmjs.org/expo-image-picker cache-miss
273 silly packumentCache corgi:https://registry.npmjs.org/expo-linear-gradient cache-miss
274 silly packumentCache corgi:https://registry.npmjs.org/expo-router cache-miss
275 silly packumentCache corgi:https://registry.npmjs.org/expo-file-system cache-miss
276 silly packumentCache corgi:https://registry.npmjs.org/expo-keep-awake cache-miss
277 http fetch GET 200 https://registry.npmjs.org/expo-constants 295ms (cache hit)
278 silly packumentCache corgi:https://registry.npmjs.org/expo-constants set size:311647 disposed:false
279 http fetch GET 200 https://registry.npmjs.org/expo-font 301ms (cache hit)
280 silly packumentCache corgi:https://registry.npmjs.org/expo-font set size:254955 disposed:false
281 http fetch GET 200 https://registry.npmjs.org/expo-image-picker 305ms (cache hit)
282 silly packumentCache corgi:https://registry.npmjs.org/expo-image-picker set size:285372 disposed:false
283 http fetch GET 200 https://registry.npmjs.org/expo-asset 315ms (cache hit)
284 silly packumentCache corgi:https://registry.npmjs.org/expo-asset set size:328492 disposed:false
285 http fetch GET 200 https://registry.npmjs.org/expo-keep-awake 310ms (cache hit)
286 silly packumentCache corgi:https://registry.npmjs.org/expo-keep-awake set size:200520 disposed:false
287 http fetch GET 200 https://registry.npmjs.org/expo-image-loader 323ms (cache hit)
288 silly packumentCache corgi:https://registry.npmjs.org/expo-image-loader set size:139230 disposed:false
289 http fetch GET 200 https://registry.npmjs.org/expo-linear-gradient 325ms (cache hit)
290 silly packumentCache corgi:https://registry.npmjs.org/expo-linear-gradient set size:240622 disposed:false
291 http fetch GET 200 https://registry.npmjs.org/expo-router 337ms (cache hit)
292 silly packumentCache corgi:https://registry.npmjs.org/expo-router set size:1017348 disposed:false
293 http fetch GET 200 https://registry.npmjs.org/expo-file-system 352ms (cache hit)
294 silly packumentCache corgi:https://registry.npmjs.org/expo-file-system set size:305990 disposed:false
295 silly packumentCache corgi:https://registry.npmjs.org/@expo%2fconfig cache-miss
296 silly packumentCache corgi:https://registry.npmjs.org/@expo%2fprebuild-config cache-miss
297 http fetch GET 200 https://registry.npmjs.org/@expo%2fprebuild-config 191ms (cache hit)
298 silly packumentCache corgi:https://registry.npmjs.org/@expo%2fprebuild-config set size:413177 disposed:false
299 http fetch GET 200 https://registry.npmjs.org/@expo%2fconfig 208ms (cache hit)
300 silly packumentCache corgi:https://registry.npmjs.org/@expo%2fconfig set size:566038 disposed:false
301 silly packumentCache corgi:https://registry.npmjs.org/firebase-admin cache-miss
302 http fetch GET 200 https://registry.npmjs.org/firebase-admin 146ms (cache hit)
303 silly packumentCache corgi:https://registry.npmjs.org/firebase-admin set size:349635 disposed:false
304 silly packumentCache corgi:https://registry.npmjs.org/react-native cache-miss
305 http fetch GET 200 https://registry.npmjs.org/react-native 165ms (cache hit)
306 silly packumentCache corgi:https://registry.npmjs.org/react-native set size:7157235 disposed:false
307 silly packumentCache corgi:https://registry.npmjs.org/@expo%2fmetro-runtime cache-miss
308 silly packumentCache corgi:https://registry.npmjs.org/@react-native-async-storage%2fasync-storage cache-miss
309 silly packumentCache corgi:https://registry.npmjs.org/@react-native%2fvirtualized-lists cache-miss
310 silly packumentCache corgi:https://registry.npmjs.org/@react-navigation%2fbottom-tabs cache-miss
311 silly packumentCache corgi:https://registry.npmjs.org/@react-navigation%2felements cache-miss
312 silly packumentCache corgi:https://registry.npmjs.org/@react-navigation%2fnative-stack cache-miss
313 silly packumentCache corgi:https://registry.npmjs.org/expo-linking cache-miss
314 silly packumentCache corgi:https://registry.npmjs.org/expo-status-bar cache-miss
315 silly packumentCache corgi:https://registry.npmjs.org/react-native-is-edge-to-edge cache-miss
316 silly packumentCache corgi:https://registry.npmjs.org/react-native-safe-area-context cache-miss
317 silly packumentCache corgi:https://registry.npmjs.org/react-native-screens cache-miss
318 http fetch GET 200 https://registry.npmjs.org/@react-native-async-storage%2fasync-storage 166ms (cache hit)
319 silly packumentCache corgi:https://registry.npmjs.org/@react-native-async-storage%2fasync-storage set size:153015 disposed:false
320 http fetch GET 200 https://registry.npmjs.org/@expo%2fmetro-runtime 174ms (cache hit)
321 silly packumentCache corgi:https://registry.npmjs.org/@expo%2fmetro-runtime set size:219201 disposed:false
322 http fetch GET 200 https://registry.npmjs.org/@react-navigation%2fnative-stack 173ms (cache hit)
323 silly packumentCache corgi:https://registry.npmjs.org/@react-navigation%2fnative-stack set size:435037 disposed:false
324 http fetch GET 200 https://registry.npmjs.org/@react-native%2fvirtualized-lists 184ms (cache hit)
325 silly packumentCache corgi:https://registry.npmjs.org/@react-native%2fvirtualized-lists set size:1043530 disposed:false
326 http fetch GET 200 https://registry.npmjs.org/react-native-is-edge-to-edge 197ms (cache hit)
327 silly packumentCache corgi:https://registry.npmjs.org/react-native-is-edge-to-edge set size:12503 disposed:false
328 http fetch GET 200 https://registry.npmjs.org/expo-linking 199ms (cache hit)
329 silly packumentCache corgi:https://registry.npmjs.org/expo-linking set size:229917 disposed:false
330 http fetch GET 200 https://registry.npmjs.org/@react-navigation%2felements 212ms (cache hit)
331 silly packumentCache corgi:https://registry.npmjs.org/@react-navigation%2felements set size:342643 disposed:false
332 http fetch GET 200 https://registry.npmjs.org/@react-navigation%2fbottom-tabs 220ms (cache hit)
333 silly packumentCache corgi:https://registry.npmjs.org/@react-navigation%2fbottom-tabs set size:633455 disposed:false
334 http fetch GET 200 https://registry.npmjs.org/expo-status-bar 223ms (cache hit)
335 silly packumentCache corgi:https://registry.npmjs.org/expo-status-bar set size:205836 disposed:false
336 http fetch GET 200 https://registry.npmjs.org/react-native-screens 228ms (cache hit)
337 silly packumentCache corgi:https://registry.npmjs.org/react-native-screens set size:1466417 disposed:false
338 http fetch GET 200 https://registry.npmjs.org/react-native-safe-area-context 249ms (cache hit)
339 silly packumentCache corgi:https://registry.npmjs.org/react-native-safe-area-context set size:307011 disposed:false
340 info run esbuild@0.27.0 postinstall node_modules/esbuild node install.js
341 info run protobufjs@7.6.5 postinstall node_modules/protobufjs node scripts/postinstall
342 info run @firebase/util@1.15.2 postinstall node_modules/firebase-admin/node_modules/@firebase/util node ./postinstall.js
343 info run protobufjs@7.6.5 postinstall { code: 1, signal: null }
344 info run esbuild@0.27.0 postinstall { code: 1, signal: null }
345 info run @firebase/util@1.15.2 postinstall { code: 1, signal: null }
346 verbose stack Error: command failed
346 verbose stack     at promiseSpawn (C:\Users\nviveros30\AppData\Local\nvm\v20.19.6\node_modules\npm\node_modules\@npmcli\promise-spawn\lib\index.js:22:22)
346 verbose stack     at spawnWithShell (C:\Users\nviveros30\AppData\Local\nvm\v20.19.6\node_modules\npm\node_modules\@npmcli\promise-spawn\lib\index.js:124:10)
346 verbose stack     at promiseSpawn (C:\Users\nviveros30\AppData\Local\nvm\v20.19.6\node_modules\npm\node_modules\@npmcli\promise-spawn\lib\index.js:12:12)
346 verbose stack     at runScriptPkg (C:\Users\nviveros30\AppData\Local\nvm\v20.19.6\node_modules\npm\node_modules\@npmcli\run-script\lib\run-script-pkg.js:77:13)
346 verbose stack     at runScript (C:\Users\nviveros30\AppData\Local\nvm\v20.19.6\node_modules\npm\node_modules\@npmcli\run-script\lib\run-script.js:9:12)
346 verbose stack     at C:\Users\nviveros30\AppData\Local\nvm\v20.19.6\node_modules\npm\node_modules\@npmcli\arborist\lib\arborist\rebuild.js:329:17
346 verbose stack     at run (C:\Users\nviveros30\AppData\Local\nvm\v20.19.6\node_modules\npm\node_modules\promise-call-limit\dist\commonjs\index.js:67:22)
346 verbose stack     at C:\Users\nviveros30\AppData\Local\nvm\v20.19.6\node_modules\npm\node_modules\promise-call-limit\dist\commonjs\index.js:84:9
346 verbose stack     at new Promise (<anonymous>)
346 verbose stack     at callLimit (C:\Users\nviveros30\AppData\Local\nvm\v20.19.6\node_modules\npm\node_modules\promise-call-limit\dist\commonjs\index.js:35:69)
347 verbose pkgid protobufjs@7.6.5
348 error code 1
349 error path C:\Users\nviveros30\Documents\BITACORA\bitacora\node_modules\protobufjs
350 error command failed
351 error command C:\WINDOWS\system32\cmd.exe /d /s /c node scripts/postinstall
352 error El sistema no puede encontrar la ruta especificada.
353 silly unfinished npm timer reify 1786204571725
354 silly unfinished npm timer reify:build 1786204626092
355 silly unfinished npm timer build 1786204626095
356 silly unfinished npm timer build:deps 1786204626096
357 silly unfinished npm timer build:run:postinstall 1786204626525
358 silly unfinished npm timer build:run:postinstall:node_modules/esbuild 1786204626526
359 silly unfinished npm timer build:run:postinstall:node_modules/protobufjs 1786204626574
360 silly unfinished npm timer build:run:postinstall:node_modules/firebase-admin/node_modules/@firebase/util 1786204626603
361 verbose cwd C:\Users\nviveros30\Documents\BITACORA\bitacora
362 verbose os Windows_NT 10.0.26100
363 verbose node v20.19.6
364 verbose npm  v10.8.2
365 verbose exit 1
366 verbose code 1
367 error A complete log of this run can be found in: C:\Users\nviveros30\Documents\BITACORA\bitacora\.npm-cache\_logs\2026-08-08T15_56_10_310Z-debug-0.log
