0 verbose cli C:\nvm4w\nodejs\node.exe C:\nvm4w\nodejs\node_modules\npm\bin\npm-cli.js
1 info using npm@10.8.2
2 info using node@v20.19.6
3 silly config load:file:C:\Users\nviveros30\AppData\Local\nvm\v20.19.6\node_modules\npm\npmrc
4 silly config load:file:C:\Users\nviveros30\Documents\BITACORA\bitacora\.npmrc
5 silly config load:file:C:\Users\nviveros30\.npmrc
6 silly config load:file:C:\nvm4w\nodejs\etc\npmrc
7 verbose title npm ci
8 verbose argv "ci" "--cache" ".\\.npm-cache" "--prefer-offline" "false"
9 verbose logfile logs-max:10 dir:C:\Users\nviveros30\Documents\BITACORA\bitacora\.npm-cache\_logs\2026-08-08T15_52_17_118Z-
10 verbose logfile C:\Users\nviveros30\Documents\BITACORA\bitacora\.npm-cache\_logs\2026-08-08T15_52_17_118Z-debug-0.log
11 silly packumentCache heap:4345298944 maxSize:1086324736 maxEntrySize:543162368
12 silly logfile done cleaning log files
13 silly idealTree buildDeps
14 warn EBADENGINE Unsupported engine {
14 warn EBADENGINE   package: 'firebase-admin@14.2.0',
14 warn EBADENGINE   required: { node: '>=22' },
14 warn EBADENGINE   current: { node: 'v20.19.6', npm: '10.8.2' }
14 warn EBADENGINE }
15 silly reify moves {}
16 silly audit bulk request {
16 silly audit   '@0no-co/graphql.web': [ '1.3.3' ],
16 silly audit   '@aws-sdk/checksums': [ '3.1000.26' ],
16 silly audit   '@aws-sdk/client-s3': [ '3.1103.0' ],
16 silly audit   '@aws-sdk/core': [ '3.977.6' ],
16 silly audit   '@aws-sdk/credential-provider-env': [ '3.972.67' ],
16 silly audit   '@aws-sdk/credential-provider-http': [ '3.972.69' ],
16 silly audit   '@aws-sdk/credential-provider-ini': [ '3.973.12' ],
16 silly audit   '@aws-sdk/credential-provider-login': [ '3.972.74' ],
16 silly audit   '@aws-sdk/credential-provider-node': [ '3.972.78' ],
16 silly audit   '@aws-sdk/credential-provider-process': [ '3.972.67' ],
16 silly audit   '@aws-sdk/credential-provider-sso': [ '3.973.11' ],
16 silly audit   '@aws-sdk/credential-provider-web-identity': [ '3.972.73' ],
16 silly audit   '@aws-sdk/middleware-sdk-s3': [ '3.972.72' ],
16 silly audit   '@aws-sdk/nested-clients': [ '3.997.41' ],
16 silly audit   '@aws-sdk/s3-request-presigner': [ '3.1103.0' ],
16 silly audit   '@aws-sdk/signature-v4-multi-region': [ '3.996.43' ],
16 silly audit   '@aws-sdk/token-providers': [ '3.1103.0' ],
16 silly audit   '@aws-sdk/types': [ '3.974.2' ],
16 silly audit   '@aws-sdk/xml-builder': [ '3.972.37' ],
16 silly audit   '@aws/lambda-invoke-store': [ '0.3.0' ],
16 silly audit   '@babel/code-frame': [ '7.29.7', '7.10.4' ],
16 silly audit   '@babel/compat-data': [ '7.29.7' ],
16 silly audit   '@babel/core': [ '7.29.7' ],
16 silly audit   '@babel/generator': [ '7.29.7' ],
16 silly audit   '@babel/helper-annotate-as-pure': [ '7.29.7' ],
16 silly audit   '@babel/helper-compilation-targets': [ '7.29.7' ],
16 silly audit   '@babel/helper-create-class-features-plugin': [ '7.29.7' ],
16 silly audit   '@babel/helper-create-regexp-features-plugin': [ '7.29.7' ],
16 silly audit   '@babel/helper-define-polyfill-provider': [ '0.6.8' ],
16 silly audit   '@babel/helper-globals': [ '7.29.7' ],
16 silly audit   '@babel/helper-member-expression-to-functions': [ '7.29.7' ],
16 silly audit   '@babel/helper-module-imports': [ '7.29.7' ],
16 silly audit   '@babel/helper-module-transforms': [ '7.29.7' ],
16 silly audit   '@babel/helper-optimise-call-expression': [ '7.29.7' ],
16 silly audit   '@babel/helper-plugin-utils': [ '7.29.7' ],
16 silly audit   '@babel/helper-remap-async-to-generator': [ '7.29.7' ],
16 silly audit   '@babel/helper-replace-supers': [ '7.29.7' ],
16 silly audit   '@babel/helper-skip-transparent-expression-wrappers': [ '7.29.7' ],
16 silly audit   '@babel/helper-string-parser': [ '7.29.7' ],
16 silly audit   '@babel/helper-validator-identifier': [ '7.29.7' ],
16 silly audit   '@babel/helper-validator-option': [ '7.29.7' ],
16 silly audit   '@babel/helper-wrap-function': [ '7.29.7' ],
16 silly audit   '@babel/helpers': [ '7.29.7' ],
16 silly audit   '@babel/highlight': [ '7.25.9' ],
16 silly audit   'ansi-styles': [ '3.2.1', '6.2.3', '4.3.0', '5.2.0' ],
16 silly audit   chalk: [ '2.4.2', '4.1.2' ],
16 silly audit   'color-convert': [ '1.9.3', '2.0.1' ],
16 silly audit   'color-name': [ '1.1.3', '1.1.4' ],
16 silly audit   'escape-string-regexp': [ '1.0.5', '4.0.0', '2.0.0' ],
16 silly audit   'has-flag': [ '3.0.0', '4.0.0' ],
16 silly audit   'supports-color': [ '5.5.0', '8.1.1', '7.2.0' ],
16 silly audit   '@babel/parser': [ '7.29.7' ],
16 silly audit   '@babel/plugin-bugfix-firefox-class-in-computed-class-key': [ '7.29.7' ],
16 silly audit   '@babel/plugin-bugfix-safari-class-field-initializer-scope': [ '7.29.7' ],
16 silly audit   '@babel/plugin-bugfix-safari-id-destructuring-collision-in-function-expression': [ '7.29.7' ],
16 silly audit   '@babel/plugin-bugfix-safari-rest-destructuring-rhs-array': [ '7.29.7' ],
16 silly audit   '@babel/plugin-bugfix-v8-spread-parameters-in-optional-chaining': [ '7.29.7' ],
16 silly audit   '@babel/plugin-bugfix-v8-static-class-fields-redefine-readonly': [ '7.29.7' ],
16 silly audit   '@babel/plugin-proposal-class-properties': [ '7.18.6' ],
16 silly audit   '@babel/plugin-proposal-decorators': [ '7.29.7' ],
16 silly audit   '@babel/plugin-proposal-export-default-from': [ '7.29.7' ],
16 silly audit   '@babel/plugin-proposal-nullish-coalescing-operator': [ '7.18.6' ],
16 silly audit   '@babel/plugin-proposal-optional-chaining': [ '7.21.0' ],
16 silly audit   '@babel/plugin-proposal-private-property-in-object': [ '7.21.0-placeholder-for-preset-env.2' ],
16 silly audit   '@babel/plugin-syntax-async-generators': [ '7.8.4' ],
16 silly audit   '@babel/plugin-syntax-bigint': [ '7.8.3' ],
16 silly audit   '@babel/plugin-syntax-class-properties': [ '7.12.13' ],
16 silly audit   '@babel/plugin-syntax-class-static-block': [ '7.14.5' ],
16 silly audit   '@babel/plugin-syntax-decorators': [ '7.29.7' ],
16 silly audit   '@babel/plugin-syntax-dynamic-import': [ '7.8.3' ],
16 silly audit   '@babel/plugin-syntax-export-default-from': [ '7.29.7' ],
16 silly audit   '@babel/plugin-syntax-flow': [ '7.29.7' ],
16 silly audit   '@babel/plugin-syntax-import-assertions': [ '7.29.7' ],
16 silly audit   '@babel/plugin-syntax-import-attributes': [ '7.29.7' ],
16 silly audit   '@babel/plugin-syntax-import-meta': [ '7.10.4' ],
16 silly audit   '@babel/plugin-syntax-json-strings': [ '7.8.3' ],
16 silly audit   '@babel/plugin-syntax-jsx': [ '7.29.7' ],
16 silly audit   '@babel/plugin-syntax-logical-assignment-operators': [ '7.10.4' ],
16 silly audit   '@babel/plugin-syntax-nullish-coalescing-operator': [ '7.8.3' ],
16 silly audit   '@babel/plugin-syntax-numeric-separator': [ '7.10.4' ],
16 silly audit   '@babel/plugin-syntax-object-rest-spread': [ '7.8.3' ],
16 silly audit   '@babel/plugin-syntax-optional-catch-binding': [ '7.8.3' ],
16 silly audit   '@babel/plugin-syntax-optional-chaining': [ '7.8.3' ],
16 silly audit   '@babel/plugin-syntax-private-property-in-object': [ '7.14.5' ],
16 silly audit   '@babel/plugin-syntax-top-level-await': [ '7.14.5' ],
16 silly audit   '@babel/plugin-syntax-typescript': [ '7.29.7' ],
16 silly audit   '@babel/plugin-syntax-unicode-sets-regex': [ '7.18.6' ],
16 silly audit   '@babel/plugin-transform-arrow-functions': [ '7.29.7' ],
16 silly audit   '@babel/plugin-transform-async-generator-functions': [ '7.29.7' ],
16 silly audit   '@babel/plugin-transform-async-to-generator': [ '7.29.7' ],
16 silly audit   '@babel/plugin-transform-block-scoped-functions': [ '7.29.7' ],
16 silly audit   '@babel/plugin-transform-block-scoping': [ '7.29.7' ],
16 silly audit   '@babel/plugin-transform-class-properties': [ '7.29.7' ],
16 silly audit   '@babel/plugin-transform-class-static-block': [ '7.29.7' ],
16 silly audit   '@babel/plugin-transform-classes': [ '7.29.7' ],
16 silly audit   '@babel/plugin-transform-computed-properties': [ '7.29.7' ],
16 silly audit   '@babel/plugin-transform-destructuring': [ '7.29.7' ],
16 silly audit   '@babel/plugin-transform-dotall-regex': [ '7.29.7' ],
16 silly audit   '@babel/plugin-transform-duplicate-keys': [ '7.29.7' ],
16 silly audit   '@babel/plugin-transform-duplicate-named-capturing-groups-regex': [ '7.29.7' ],
16 silly audit   '@babel/plugin-transform-dynamic-import': [ '7.29.7' ],
16 silly audit   '@babel/plugin-transform-explicit-resource-management': [ '7.29.7' ],
16 silly audit   '@babel/plugin-transform-exponentiation-operator': [ '7.29.7' ],
16 silly audit   '@babel/plugin-transform-export-namespace-from': [ '7.29.7' ],
16 silly audit   '@babel/plugin-transform-flow-strip-types': [ '7.29.7' ],
16 silly audit   '@babel/plugin-transform-for-of': [ '7.29.7' ],
16 silly audit   '@babel/plugin-transform-function-name': [ '7.29.7' ],
16 silly audit   '@babel/plugin-transform-json-strings': [ '7.29.7' ],
16 silly audit   '@babel/plugin-transform-literals': [ '7.29.7' ],
16 silly audit   '@babel/plugin-transform-logical-assignment-operators': [ '7.29.7' ],
16 silly audit   '@babel/plugin-transform-member-expression-literals': [ '7.29.7' ],
16 silly audit   '@babel/plugin-transform-modules-amd': [ '7.29.7' ],
16 silly audit   '@babel/plugin-transform-modules-commonjs': [ '7.29.7' ],
16 silly audit   '@babel/plugin-transform-modules-systemjs': [ '7.29.7' ],
16 silly audit   '@babel/plugin-transform-modules-umd': [ '7.29.7' ],
16 silly audit   '@babel/plugin-transform-named-capturing-groups-regex': [ '7.29.7' ],
16 silly audit   '@babel/plugin-transform-new-target': [ '7.29.7' ],
16 silly audit   '@babel/plugin-transform-nullish-coalescing-operator': [ '7.29.7' ],
16 silly audit   '@babel/plugin-transform-numeric-separator': [ '7.29.7' ],
16 silly audit   '@babel/plugin-transform-object-rest-spread': [ '7.29.7' ],
16 silly audit   '@babel/plugin-transform-object-super': [ '7.29.7' ],
16 silly audit   '@babel/plugin-transform-optional-catch-binding': [ '7.29.7' ],
16 silly audit   '@babel/plugin-transform-optional-chaining': [ '7.29.7' ],
16 silly audit   '@babel/plugin-transform-parameters': [ '7.29.7' ],
16 silly audit   '@babel/plugin-transform-private-methods': [ '7.29.7' ],
16 silly audit   '@babel/plugin-transform-private-property-in-object': [ '7.29.7' ],
16 silly audit   '@babel/plugin-transform-property-literals': [ '7.29.7' ],
16 silly audit   '@babel/plugin-transform-react-display-name': [ '7.29.7' ],
16 silly audit   '@babel/plugin-transform-react-jsx': [ '7.29.7' ],
16 silly audit   '@babel/plugin-transform-react-jsx-development': [ '7.29.7' ],
16 silly audit   '@babel/plugin-transform-react-jsx-self': [ '7.29.7' ],
16 silly audit   '@babel/plugin-transform-react-jsx-source': [ '7.29.7' ],
16 silly audit   '@babel/plugin-transform-react-pure-annotations': [ '7.29.7' ],
16 silly audit   '@babel/plugin-transform-regenerator': [ '7.29.7' ],
16 silly audit   '@babel/plugin-transform-regexp-modifiers': [ '7.29.7' ],
16 silly audit   '@babel/plugin-transform-reserved-words': [ '7.29.7' ],
16 silly audit   '@babel/plugin-transform-runtime': [ '7.29.7' ],
16 silly audit   '@babel/plugin-transform-shorthand-properties': [ '7.29.7' ],
16 silly audit   '@babel/plugin-transform-spread': [ '7.29.7' ],
16 silly audit   '@babel/plugin-transform-sticky-regex': [ '7.29.7' ],
16 silly audit   '@babel/plugin-transform-template-literals': [ '7.29.7' ],
16 silly audit   '@babel/plugin-transform-typeof-symbol': [ '7.29.7' ],
16 silly audit   '@babel/plugin-transform-typescript': [ '7.29.7' ],
16 silly audit   '@babel/plugin-transform-unicode-escapes': [ '7.29.7' ],
16 silly audit   '@babel/plugin-transform-unicode-property-regex': [ '7.29.7' ],
16 silly audit   '@babel/plugin-transform-unicode-regex': [ '7.29.7' ],
16 silly audit   '@babel/plugin-transform-unicode-sets-regex': [ '7.29.7' ],
16 silly audit   '@babel/preset-env': [ '7.29.7' ],
16 silly audit   'babel-plugin-polyfill-corejs3': [ '0.14.2', '0.13.0' ],
16 silly audit   '@babel/preset-flow': [ '7.29.7' ],
16 silly audit   '@babel/preset-modules': [ '0.1.6-no-external-plugins' ],
16 silly audit   '@babel/preset-react': [ '7.29.7' ],
16 silly audit   '@babel/preset-typescript': [ '7.29.7' ],
16 silly audit   '@babel/register': [ '7.29.7' ],
16 silly audit   '@babel/runtime': [ '7.29.7' ],
16 silly audit   '@babel/template': [ '7.29.7' ],
16 silly audit   '@babel/traverse': [ '7.29.7' ],
16 silly audit   '@babel/types': [ '7.29.7' ],
16 silly audit   '@bytecodealliance/preview2-shim': [ '0.17.6' ],
16 silly audit   '@edge-runtime/format': [ '2.2.1' ],
16 silly audit   '@edge-runtime/node-utils': [ '2.3.0' ],
16 silly audit   '@edge-runtime/ponyfill': [ '2.4.2' ],
16 silly audit   '@edge-runtime/primitives': [ '4.1.0' ],
16 silly audit   '@edge-runtime/vm': [ '3.2.0' ],
16 silly audit   '@esbuild/aix-ppc64': [ '0.27.0' ],
16 silly audit   '@esbuild/android-arm': [ '0.27.0' ],
16 silly audit   '@esbuild/android-arm64': [ '0.27.0' ],
16 silly audit   '@esbuild/android-x64': [ '0.27.0' ],
16 silly audit   '@esbuild/darwin-arm64': [ '0.27.0' ],
16 silly audit   '@esbuild/darwin-x64': [ '0.27.0' ],
16 silly audit   '@esbuild/freebsd-arm64': [ '0.27.0' ],
16 silly audit   '@esbuild/freebsd-x64': [ '0.27.0' ],
16 silly audit   '@esbuild/linux-arm': [ '0.27.0' ],
16 silly audit   '@esbuild/linux-arm64': [ '0.27.0' ],
16 silly audit   '@esbuild/linux-ia32': [ '0.27.0' ],
16 silly audit   '@esbuild/linux-loong64': [ '0.27.0' ],
16 silly audit   '@esbuild/linux-mips64el': [ '0.27.0' ],
16 silly audit   '@esbuild/linux-ppc64': [ '0.27.0' ],
16 silly audit   '@esbuild/linux-riscv64': [ '0.27.0' ],
16 silly audit   '@esbuild/linux-s390x': [ '0.27.0' ],
16 silly audit   '@esbuild/linux-x64': [ '0.27.0' ],
16 silly audit   '@esbuild/netbsd-arm64': [ '0.27.0' ],
16 silly audit   '@esbuild/netbsd-x64': [ '0.27.0' ],
16 silly audit   '@esbuild/openbsd-arm64': [ '0.27.0' ],
16 silly audit   '@esbuild/openbsd-x64': [ '0.27.0' ],
16 silly audit   '@esbuild/openharmony-arm64': [ '0.27.0' ],
16 silly audit   '@esbuild/sunos-x64': [ '0.27.0' ],
16 silly audit   '@esbuild/win32-arm64': [ '0.27.0' ],
16 silly audit   '@esbuild/win32-ia32': [ '0.27.0' ],
16 silly audit   '@esbuild/win32-x64': [ '0.27.0' ],
16 silly audit   '@expo/bunyan': [ '4.0.1' ],
16 silly audit   '@expo/cli': [ '0.22.28' ],
16 silly audit   semver: [ '7.8.5', '5.7.2', '7.6.3', '6.3.1' ],
16 silly audit   '@expo/code-signing-certificates': [ '0.0.6' ],
16 silly audit   '@expo/config': [ '10.0.11' ],
16 silly audit   '@expo/config-plugins': [ '9.0.17' ],
16 silly audit   '@expo/json-file': [ '9.0.2', '9.1.5', '11.0.1' ],
16 silly audit   '@expo/config-types': [ '52.0.5' ],
16 silly audit   '@expo/devcert': [ '1.2.1' ],
16 silly audit   debug: [ '3.2.7', '2.6.9', '4.4.3' ],
16 silly audit   '@expo/env': [ '0.4.2' ],
16 silly audit   '@expo/fingerprint': [ '0.11.11' ],
16 silly audit   '@expo/image-utils': [ '0.6.5' ],
16 silly audit   'fs-extra': [ '9.0.0', '9.1.0', '11.1.1', '8.1.0' ],
16 silly audit   jsonfile: [ '6.2.1', '4.0.0' ],
16 silly audit   universalify: [ '2.0.1', '1.0.0', '0.1.2' ],
16 silly audit   '@expo/metro-config': [ '0.19.12' ],
16 silly audit   '@expo/metro-runtime': [ '4.0.1' ],
16 silly audit   '@expo/osascript': [ '2.7.1' ],
16 silly audit   '@expo/package-manager': [ '1.13.1' ],
16 silly audit   '@expo/plist': [ '0.2.2' ],
16 silly audit   '@expo/prebuild-config': [ '8.2.0' ],
16 silly audit   '@expo/rudder-sdk-node': [ '1.1.1' ],
16 silly audit   '@expo/sdk-runtime-versions': [ '1.0.0' ],
16 silly audit   '@expo/server': [ '0.5.3' ],
16 silly audit   '@expo/spawn-async': [ '1.8.0' ],
16 silly audit   '@expo/sudo-prompt': [ '9.3.2' ],
16 silly audit   '@expo/vector-icons': [ '14.0.4' ],
16 silly audit   '@expo/ws-tunnel': [ '1.0.6' ],
16 silly audit   '@expo/xcpretty': [ '4.4.4' ],
16 silly audit   '@fastify/busboy': [ '3.2.0', '2.1.1' ],
16 silly audit   '@firebase/analytics': [ '0.10.8' ],
16 silly audit   '@firebase/analytics-compat': [ '0.2.14' ],
16 silly audit   '@firebase/analytics-types': [ '0.8.2' ],
16 silly audit   '@firebase/app': [ '0.10.13' ],
16 silly audit   '@firebase/app-check': [ '0.8.8' ],
16 silly audit   '@firebase/app-check-compat': [ '0.3.15' ],
16 silly audit   '@firebase/app-check-interop-types': [ '0.3.2', '0.3.4' ],
16 silly audit   '@firebase/app-check-types': [ '0.5.2' ],
16 silly audit   '@firebase/app-compat': [ '0.2.43' ],
16 silly audit   '@firebase/app-types': [ '0.9.2', '0.9.5' ],
16 silly audit   '@firebase/auth': [ '1.7.9' ],
16 silly audit   '@firebase/auth-compat': [ '0.5.14' ],
16 silly audit   undici: [ '6.19.7', '5.28.4', '6.28.0' ],
16 silly audit   '@firebase/auth-interop-types': [ '0.2.3', '0.2.5' ],
16 silly audit   '@firebase/auth-types': [ '0.12.2' ],
16 silly audit   '@firebase/component': [ '0.6.9', '0.7.4' ],
16 silly audit   '@firebase/data-connect': [ '0.1.0' ],
16 silly audit   '@firebase/database': [ '1.0.8', '1.1.4' ],
16 silly audit   '@firebase/database-compat': [ '1.0.8', '2.1.5' ],
16 silly audit   '@firebase/database-types': [ '1.0.5', '1.0.21' ],
16 silly audit   '@firebase/firestore': [ '4.7.3' ],
16 silly audit   '@firebase/firestore-compat': [ '0.3.38' ],
16 silly audit   '@firebase/firestore-types': [ '3.0.2' ],
16 silly audit   '@firebase/functions': [ '0.11.8' ],
16 silly audit   '@firebase/functions-compat': [ '0.3.14' ],
16 silly audit   '@firebase/functions-types': [ '0.6.2' ],
16 silly audit   '@firebase/installations': [ '0.6.9' ],
16 silly audit   '@firebase/installations-compat': [ '0.2.9' ],
16 silly audit   '@firebase/installations-types': [ '0.5.2' ],
16 silly audit   '@firebase/logger': [ '0.4.2', '0.5.1' ],
16 silly audit   '@firebase/messaging': [ '0.12.12' ],
16 silly audit   '@firebase/messaging-compat': [ '0.2.12' ],
16 silly audit   '@firebase/messaging-interop-types': [ '0.2.2' ],
16 silly audit   '@firebase/performance': [ '0.6.9' ],
16 silly audit   '@firebase/performance-compat': [ '0.2.9' ],
16 silly audit   '@firebase/performance-types': [ '0.2.2' ],
16 silly audit   '@firebase/remote-config': [ '0.4.9' ],
16 silly audit   '@firebase/remote-config-compat': [ '0.2.9' ],
16 silly audit   '@firebase/remote-config-types': [ '0.3.2' ],
16 silly audit   '@firebase/storage': [ '0.13.2' ],
16 silly audit   '@firebase/storage-compat': [ '0.3.12' ],
16 silly audit   '@firebase/storage-types': [ '0.8.2' ],
16 silly audit   '@firebase/util': [ '1.10.0', '1.15.2' ],
16 silly audit   '@firebase/vertexai-preview': [ '0.0.4' ],
16 silly audit   '@firebase/webchannel-wrapper': [ '1.0.1' ],
16 silly audit   '@google-cloud/firestore': [ '8.7.0' ],
16 silly audit   '@google-cloud/paginator': [ '5.0.2' ],
16 silly audit   '@google-cloud/projectify': [ '4.0.0' ],
16 silly audit   '@google-cloud/promisify': [ '4.0.0' ],
16 silly audit   '@google-cloud/storage': [ '7.21.0' ],
16 silly audit   'gcp-metadata': [ '6.1.1', '8.1.2' ],
16 silly audit   'google-auth-library': [ '9.15.1', '10.9.1', '10.5.0' ],
16 silly audit   'google-logging-utils': [ '0.0.2', '1.1.3' ],
16 silly audit   mime: [ '3.0.0', '1.6.0' ],
16 silly audit   '@grpc/grpc-js': [ '1.9.16', '1.14.4' ],
16 silly audit   '@grpc/proto-loader': [ '0.7.15', '0.8.1' ],
16 silly audit   '@isaacs/balanced-match': [ '4.0.1' ],
16 silly audit   '@isaacs/brace-expansion': [ '5.0.1' ],
16 silly audit   '@isaacs/cliui': [ '8.0.2' ],
16 silly audit   'wrap-ansi': [ '8.1.0', '7.0.0' ],
16 silly audit   '@isaacs/fs-minipass': [ '4.0.1' ],
16 silly audit   '@isaacs/ttlcache': [ '1.4.1' ],
16 silly audit   '@istanbuljs/load-nyc-config': [ '1.1.0' ],
16 silly audit   argparse: [ '1.0.10', '2.0.1' ],
16 silly audit   'find-up': [ '4.1.0', '5.0.0', '3.0.0' ],
16 silly audit   'js-yaml': [ '3.15.0', '4.1.1', '4.3.0' ],
16 silly audit   'locate-path': [ '5.0.0', '6.0.0', '3.0.0' ],
16 silly audit   'p-limit': [ '2.3.0', '3.1.0' ],
16 silly audit   'p-locate': [ '4.1.0', '5.0.0', '3.0.0' ],
16 silly audit   '@istanbuljs/schema': [ '0.1.6' ],
16 silly audit   '@jest/create-cache-key-function': [ '29.7.0' ],
16 silly audit   '@jest/environment': [ '29.7.0' ],
16 silly audit   '@jest/fake-timers': [ '29.7.0' ],
16 silly audit   '@jest/schemas': [ '29.6.3' ],
16 silly audit   '@jest/transform': [ '29.7.0' ],
16 silly audit   'signal-exit': [ '3.0.7', '4.0.2', '4.1.0' ],
16 silly audit   'write-file-atomic': [ '4.0.2', '2.4.3' ],
16 silly audit   '@jest/types': [ '29.6.3' ],
16 silly audit   '@jridgewell/gen-mapping': [ '0.3.13' ],
16 silly audit   '@jridgewell/remapping': [ '2.3.5' ],
16 silly audit   '@jridgewell/resolve-uri': [ '3.1.2' ],
16 silly audit   '@jridgewell/source-map': [ '0.3.11' ],
16 silly audit   '@jridgewell/sourcemap-codec': [ '1.5.5' ],
16 silly audit   '@jridgewell/trace-mapping': [ '0.3.31' ],
16 silly audit   '@js-sdsl/ordered-map': [ '4.4.2' ],
16 silly audit   '@mapbox/node-pre-gyp': [ '2.0.3' ],
16 silly audit   chownr: [ '3.0.0', '2.0.0' ],
16 silly audit   'detect-libc': [ '2.1.2', '1.0.3' ],
16 silly audit   minizlib: [ '3.1.0', '2.1.2' ],
16 silly audit   tar: [ '7.5.22', '6.2.1' ],
16 silly audit   yallist: [ '5.0.0', '4.0.0', '3.1.1' ],
16 silly audit   '@nodable/entities': [ '3.0.0' ],
16 silly audit   '@nodelib/fs.scandir': [ '2.1.5' ],
16 silly audit   '@nodelib/fs.stat': [ '2.0.5' ],
16 silly audit   '@nodelib/fs.walk': [ '1.2.8' ],
16 silly audit   '@npmcli/fs': [ '3.1.1' ],
16 silly audit   '@opentelemetry/api': [ '1.9.1' ],
16 silly audit   '@pkgjs/parseargs': [ '0.11.0' ],
16 silly audit   '@protobufjs/aspromise': [ '1.1.2' ],
16 silly audit   '@protobufjs/base64': [ '1.1.2' ],
16 silly audit   '@protobufjs/codegen': [ '2.0.5' ],
16 silly audit   '@protobufjs/eventemitter': [ '1.1.1' ],
16 silly audit   '@protobufjs/fetch': [ '1.1.1' ],
16 silly audit   '@protobufjs/float': [ '1.0.2' ],
16 silly audit   '@protobufjs/path': [ '1.1.2' ],
16 silly audit   '@protobufjs/pool': [ '1.1.0' ],
16 silly audit   '@protobufjs/utf8': [ '1.1.2' ],
16 silly audit   '@radix-ui/react-compose-refs': [ '1.0.0' ],
16 silly audit   '@radix-ui/react-slot': [ '1.0.1' ],
16 silly audit   '@react-native-async-storage/async-storage': [ '1.23.1' ],
16 silly audit   '@react-native/assets-registry': [ '0.76.5' ],
16 silly audit   '@react-native/babel-plugin-codegen': [ '0.76.9', '0.76.5' ],
16 silly audit   '@react-native/babel-preset': [ '0.76.9', '0.76.5' ],
16 silly audit   '@react-native/codegen': [ '0.76.9', '0.76.5' ],
16 silly audit   glob: [ '7.2.3', '13.0.6', '10.5.0' ],
16 silly audit   '@react-native/community-cli-plugin': [ '0.76.5' ],
16 silly audit   '@react-native/debugger-frontend': [ '0.76.5', '0.76.9' ],
16 silly audit   '@react-native/dev-middleware': [ '0.76.5', '0.76.9' ],
16 silly audit   execa: [ '5.1.1', '1.0.0' ],
16 silly audit   'get-stream': [ '6.0.1', '4.1.0' ],
16 silly audit   'is-stream': [ '2.0.1', '1.1.0' ],
16 silly audit   'mimic-fn': [ '2.1.0', '1.2.0' ],
16 silly audit   ms: [ '2.0.0', '2.1.3' ],
16 silly audit   'npm-run-path': [ '4.0.1', '2.0.2' ],
16 silly audit   onetime: [ '5.1.2', '2.0.1' ],
16 silly audit   ws: [ '6.2.6', '7.5.13', '8.21.1' ],
16 silly audit   '@react-native/gradle-plugin': [ '0.76.5' ],
16 silly audit   '@react-native/js-polyfills': [ '0.76.5' ],
16 silly audit   '@react-native/metro-babel-transformer': [ '0.76.5' ],
16 silly audit   '@react-native/normalize-colors': [ '0.76.9', '0.74.89', '0.76.5' ],
16 silly audit   '@react-native/virtualized-lists': [ '0.76.5' ],
16 silly audit   '@react-navigation/bottom-tabs': [ '7.18.14' ],
16 silly audit   '@react-navigation/core': [ '7.21.11' ],
16 silly audit   '@react-navigation/elements': [ '2.9.36' ],
16 silly audit   '@react-navigation/native': [ '7.3.14' ],
16 silly audit   '@react-navigation/native-stack': [ '7.18.6' ],
16 silly audit   '@react-navigation/routers': [ '7.6.4' ],
16 silly audit   '@renovatebot/pep440': [ '4.2.1' ],
16 silly audit   '@rollup/pluginutils': [ '5.4.0' ],
16 silly audit   picomatch: [ '4.0.5', '2.3.2', '3.0.2' ],
16 silly audit   '@segment/loosely-validate-event': [ '2.0.0' ],
16 silly audit   '@sinclair/typebox': [ '0.27.12' ],
16 silly audit   '@sinonjs/commons': [ '3.0.1' ],
16 silly audit   '@sinonjs/fake-timers': [ '10.3.0' ],
16 silly audit   '@smithy/core': [ '3.31.1' ],
16 silly audit   '@smithy/credential-provider-imds': [ '4.4.16' ],
16 silly audit   '@smithy/fetch-http-handler': [ '5.6.13' ],
16 silly audit   '@smithy/node-http-handler': [ '4.9.13' ],
16 silly audit   '@smithy/signature-v4': [ '5.6.12' ],
16 silly audit   '@smithy/types': [ '4.16.1' ],
16 silly audit   '@tootallnate/once': [ '2.0.1' ],
16 silly audit   '@ts-morph/common': [ '0.11.1' ],
16 silly audit   mkdirp: [ '1.0.4', '0.5.6' ],
16 silly audit   '@types/babel__core': [ '7.20.5' ],
16 silly audit   '@types/babel__generator': [ '7.27.0' ],
16 silly audit   '@types/babel__template': [ '7.4.4' ],
16 silly audit   '@types/babel__traverse': [ '7.28.0' ],
16 silly audit   '@types/caseless': [ '0.12.5' ],
16 silly audit   '@types/estree': [ '1.0.9' ],
16 silly audit   '@types/graceful-fs': [ '4.1.9' ],
16 silly audit   '@types/istanbul-lib-coverage': [ '2.0.6' ],
16 silly audit   '@types/istanbul-lib-report': [ '3.0.3' ],
16 silly audit   '@types/istanbul-reports': [ '3.0.4' ],
16 silly audit   '@types/json-schema': [ '7.0.15' ],
16 silly audit   '@types/jsonwebtoken': [ '9.0.10' ],
16 silly audit   '@types/ms': [ '2.1.0' ],
16 silly audit   '@types/node': [ '26.1.2', '20.11.0' ],
16 silly audit   '@types/node-forge': [ '1.3.14' ],
16 silly audit   '@types/prop-types': [ '15.7.15' ],
16 silly audit   '@types/react': [ '18.3.31' ],
16 silly audit   '@types/request': [ '2.48.13' ],
16 silly audit   'form-data': [ '2.5.6', '3.0.5' ],
16 silly audit   '@types/stack-utils': [ '2.0.3' ],
16 silly audit   '@types/tough-cookie': [ '4.0.5' ],
16 silly audit   '@types/yargs': [ '17.0.35' ],
16 silly audit   '@types/yargs-parser': [ '21.0.3' ],
16 silly audit   '@urql/core': [ '5.2.0' ],
16 silly audit   '@urql/exchange-retry': [ '1.3.2' ],
16 silly audit   '@vercel/build-utils': [ '13.36.3' ],
16 silly audit   'es-module-lexer': [ '1.5.0', '1.4.1' ],
16 silly audit   '@vercel/error-utils': [ '2.2.0' ],
16 silly audit   '@vercel/nft': [ '1.10.0' ],
16 silly audit   'balanced-match': [ '4.0.4', '1.0.2' ],
16 silly audit   'brace-expansion': [ '5.0.9', '1.1.16', '2.1.3' ],
16 silly audit   'lru-cache': [ '11.5.2', '10.4.3', '5.1.1' ],
16 silly audit   minimatch: [ '10.2.6', '10.1.1', '9.0.9', '3.1.5' ],
16 silly audit   'path-scurry': [ '2.0.2', '1.11.1' ],
16 silly audit   '@vercel/node': [ '5.9.3' ],
16 silly audit   'node-fetch': [ '2.6.9', '3.3.2', '2.7.0' ],
16 silly audit   typescript: [ '5.9.3', '5.3.3' ],
16 silly audit   'undici-types': [ '5.26.5', '8.3.0' ],
16 silly audit   '@vercel/python-analysis': [ '0.12.0' ],
16 silly audit   '@vercel/static-config': [ '3.4.0' ],
16 silly audit   ajv: [ '8.6.3', '8.20.0' ],
16 silly audit   '@xmldom/xmldom': [ '0.7.13', '0.9.10' ],
16 silly audit   abbrev: [ '3.0.1' ],
16 silly audit   'abort-controller': [ '3.0.0' ],
16 silly audit   accepts: [ '1.3.8' ],
16 silly audit   acorn: [ '8.18.0' ],
16 silly audit   'acorn-import-attributes': [ '1.9.5' ],
16 silly audit   'agent-base': [ '7.1.4', '6.0.2' ],
16 silly audit   'aggregate-error': [ '3.1.0' ],
16 silly audit   'ajv-formats': [ '2.1.1' ],
16 silly audit   'ajv-keywords': [ '5.1.0' ],
16 silly audit   anser: [ '1.4.10' ],
16 silly audit   'ansi-escapes': [ '4.3.2' ],
16 silly audit   'type-fest': [ '0.21.3', '0.16.0', '0.7.1' ],
16 silly audit   'ansi-regex': [ '5.0.1', '4.1.1', '6.2.2' ],
16 silly audit   'any-promise': [ '1.3.0' ],
16 silly audit   anymatch: [ '3.1.3' ],
16 silly audit   anynum: [ '1.0.1' ],
16 silly audit   arg: [ '5.0.2' ],
16 silly audit   'array-union': [ '2.1.0' ],
16 silly audit   arrify: [ '2.0.1' ],
16 silly audit   asap: [ '2.0.6' ],
16 silly audit   'ast-types': [ '0.15.2' ],
16 silly audit   'async-limiter': [ '1.0.1' ],
16 silly audit   'async-listen': [ '3.0.0', '3.0.1' ],
16 silly audit   'async-retry': [ '1.3.3' ],
16 silly audit   'async-sema': [ '3.1.1' ],
16 silly audit   asynckit: [ '0.4.0' ],
16 silly audit   'at-least-node': [ '1.0.0' ],
16 silly audit   'babel-core': [ '7.0.0-bridge.0' ],
16 silly audit   'babel-jest': [ '29.7.0' ],
16 silly audit   'babel-plugin-istanbul': [ '6.1.1' ],
16 silly audit   'babel-plugin-jest-hoist': [ '29.6.3' ],
16 silly audit   'babel-plugin-polyfill-corejs2': [ '0.4.17' ],
16 silly audit   'babel-plugin-polyfill-regenerator': [ '0.6.8' ],
16 silly audit   'babel-plugin-react-native-web': [ '0.19.13' ],
16 silly audit   'babel-plugin-syntax-hermes-parser': [ '0.25.1', '0.23.1' ],
16 silly audit   'hermes-estree': [ '0.25.1', '0.23.1' ],
16 silly audit   'hermes-parser': [ '0.25.1', '0.23.1' ],
16 silly audit   'babel-plugin-transform-flow-enums': [ '0.0.2' ],
16 silly audit   'babel-preset-current-node-syntax': [ '1.2.0' ],
16 silly audit   'babel-preset-expo': [ '12.0.12' ],
16 silly audit   'babel-preset-jest': [ '29.6.3' ],
16 silly audit   'base64-js': [ '1.5.1' ],
16 silly audit   'baseline-browser-mapping': [ '2.11.6' ],
16 silly audit   'better-opn': [ '3.0.2' ],
16 silly audit   open: [ '8.4.2', '7.4.2' ],
16 silly audit   'big-integer': [ '1.6.52' ],
16 silly audit   'bignumber.js': [ '9.3.1' ],
16 silly audit   bindings: [ '1.5.0' ],
16 silly audit   bowser: [ '2.14.1' ],
16 silly audit   'bplist-creator': [ '0.0.7', '0.1.0' ],
16 silly audit   'bplist-parser': [ '0.3.2', '0.3.1' ],
16 silly audit   braces: [ '3.0.3' ],
16 silly audit   browserslist: [ '4.28.7' ],
16 silly audit   bser: [ '2.1.1' ],
16 silly audit   buffer: [ '5.7.1' ],
16 silly audit   'buffer-alloc': [ '1.2.0' ],
16 silly audit   'buffer-alloc-unsafe': [ '1.1.0' ],
16 silly audit   'buffer-equal-constant-time': [ '1.0.1' ],
16 silly audit   'buffer-fill': [ '1.0.0' ],
16 silly audit   'buffer-from': [ '1.1.2' ],
16 silly audit   bytes: [ '3.1.2' ],
16 silly audit   cacache: [ '18.0.4' ],
16 silly audit   'call-bind-apply-helpers': [ '1.0.2' ],
16 silly audit   'caller-callsite': [ '2.0.0' ],
16 silly audit   'caller-path': [ '2.0.0' ],
16 silly audit   callsites: [ '2.0.0' ],
16 silly audit   camelcase: [ '5.3.1', '6.3.0' ],
16 silly audit   'caniuse-lite': [ '1.0.30001806' ],
16 silly audit   charenc: [ '0.0.2' ],
16 silly audit   'chrome-launcher': [ '0.15.2' ],
16 silly audit   'chromium-edge-launcher': [ '0.2.0' ],
16 silly audit   'ci-info': [ '3.9.0', '2.0.0' ],
16 silly audit   'cjs-module-lexer': [ '1.2.3' ],
16 silly audit   'clean-stack': [ '2.2.0' ],
16 silly audit   'cli-cursor': [ '2.1.0' ],
16 silly audit   'cli-spinners': [ '2.9.2' ],
16 silly audit   'client-only': [ '0.0.1' ],
16 silly audit   cliui: [ '8.0.1' ],
16 silly audit   'emoji-regex': [ '8.0.0', '9.2.2' ],
16 silly audit   'string-width': [ '4.2.3', '5.1.2' ],
16 silly audit   'strip-ansi': [ '6.0.1', '5.2.0', '7.2.0' ],
16 silly audit   clone: [ '1.0.4' ],
16 silly audit   'clone-deep': [ '4.0.1' ],
16 silly audit   'code-block-writer': [ '10.1.1' ],
16 silly audit   color: [ '4.2.3' ],
16 silly audit   'color-string': [ '1.9.1' ],
16 silly audit   'combined-stream': [ '1.0.8' ],
16 silly audit   commander: [ '7.2.0', '12.1.0', '4.1.1', '2.20.3' ],
16 silly audit   commondir: [ '1.0.1' ],
16 silly audit   'component-type': [ '1.2.2' ],
16 silly audit   compressible: [ '2.0.18' ],
16 silly audit   compression: [ '1.8.1' ],
16 silly audit   negotiator: [ '0.6.4', '0.6.3' ],
16 silly audit   'concat-map': [ '0.0.1' ],
16 silly audit   connect: [ '3.7.0' ],
16 silly audit   consola: [ '3.4.2' ],
16 silly audit   'convert-hrtime': [ '3.0.0' ],
16 silly audit   'convert-source-map': [ '2.0.0' ],
16 silly audit   'core-js-compat': [ '3.49.0' ],
16 silly audit   cosmiconfig: [ '5.2.1' ],
16 silly audit   'cross-fetch': [ '3.2.0' ],
16 silly audit   'cross-spawn': [ '7.0.6', '6.0.6' ],
16 silly audit   crypt: [ '0.0.2' ],
16 silly audit   'crypto-random-string': [ '2.0.0' ],
16 silly audit   'css-in-js-utils': [ '3.1.0' ],
16 silly audit   csstype: [ '3.2.3' ],
16 silly audit   'data-uri-to-buffer': [ '4.0.1' ],
16 silly audit   'decode-uri-component': [ '0.2.2' ],
16 silly audit   'deep-extend': [ '0.6.0' ],
16 silly audit   deepmerge: [ '4.3.1' ],
16 silly audit   'default-gateway': [ '4.2.0' ],
16 silly audit   defaults: [ '1.0.4' ],
16 silly audit   'define-lazy-prop': [ '2.0.0' ],
16 silly audit   del: [ '6.1.1' ],
16 silly audit   'delayed-stream': [ '1.0.0' ],
16 silly audit   depd: [ '2.0.0' ],
16 silly audit   destroy: [ '1.2.0' ],
16 silly audit   'dir-glob': [ '3.0.1' ],
16 silly audit   dotenv: [ '16.4.7' ],
16 silly audit   'dotenv-expand': [ '11.0.7' ],
16 silly audit   'dunder-proto': [ '1.0.1' ],
16 silly audit   duplexify: [ '4.1.3' ],
16 silly audit   eastasianwidth: [ '0.2.0' ],
16 silly audit   'ecdsa-sig-formatter': [ '1.0.11' ],
16 silly audit   'edge-runtime': [ '2.5.9' ],
16 silly audit   picocolors: [ '1.0.0', '1.1.1' ],
16 silly audit   'ee-first': [ '1.1.1' ],
16 silly audit   'electron-to-chromium': [ '1.5.398' ],
16 silly audit   encodeurl: [ '1.0.2', '2.0.0' ],
16 silly audit   'end-of-stream': [ '1.4.5' ],
16 silly audit   'env-editor': [ '0.4.2' ],
16 silly audit   'error-ex': [ '1.3.4' ],
16 silly audit   'error-stack-parser': [ '2.1.4' ],
16 silly audit   'es-define-property': [ '1.0.1' ],
16 silly audit   'es-errors': [ '1.3.0' ],
16 silly audit   'es-object-atoms': [ '1.1.2' ],
16 silly audit   'es-set-tostringtag': [ '2.1.0' ],
16 silly audit   esbuild: [ '0.27.0' ],
16 silly audit   escalade: [ '3.2.0' ],
16 silly audit   'escape-html': [ '1.0.3' ],
16 silly audit   esprima: [ '4.0.1' ],
16 silly audit   'estree-walker': [ '2.0.2' ],
16 silly audit   esutils: [ '2.0.3' ],
16 silly audit   etag: [ '1.8.1' ],
16 silly audit   'event-target-shim': [ '5.0.1' ],
16 silly audit   'path-key': [ '2.0.1', '3.1.1' ],
16 silly audit   'shebang-command': [ '1.2.0', '2.0.0' ],
16 silly audit   'shebang-regex': [ '1.0.0', '3.0.0' ],
16 silly audit   which: [ '1.3.1', '2.0.2' ],
16 silly audit   expo: [ '52.0.49' ],
16 silly audit   'expo-asset': [ '11.0.5' ],
16 silly audit   'expo-constants': [ '17.0.8' ],
16 silly audit   'expo-font': [ '13.0.4' ],
16 silly audit   'expo-image-loader': [ '5.0.0' ],
16 silly audit   'expo-image-picker': [ '16.0.6' ],
16 silly audit   'expo-linear-gradient': [ '14.0.2' ],
16 silly audit   'expo-linking': [ '7.0.5' ],
16 silly audit   'expo-modules-autolinking': [ '2.0.8' ],
16 silly audit   'expo-modules-core': [ '2.2.3' ],
16 silly audit   'expo-router': [ '4.0.22' ],
16 silly audit   'expo-status-bar': [ '2.0.1' ],
16 silly audit   'expo-file-system': [ '18.0.12' ],
16 silly audit   'expo-keep-awake': [ '14.0.3' ],
16 silly audit   'exponential-backoff': [ '3.1.3' ],
16 silly audit   extend: [ '3.0.2' ],
16 silly audit   'fast-deep-equal': [ '3.1.3' ],
16 silly audit   'fast-glob': [ '3.3.3' ],
16 silly audit   'fast-json-stable-stringify': [ '2.1.0' ],
16 silly audit   'fast-loops': [ '1.1.4' ],
16 silly audit   'fast-uri': [ '3.1.4' ],
16 silly audit   'fast-xml-builder': [ '1.3.0' ],
16 silly audit   'fast-xml-parser': [ '5.10.1' ],
16 silly audit   fastq: [ '1.20.1' ],
16 silly audit   'faye-websocket': [ '0.11.4' ],
16 silly audit   'fb-watchman': [ '2.0.2' ],
16 silly audit   fbemitter: [ '3.0.0' ],
16 silly audit   fbjs: [ '3.0.5' ],
16 silly audit   'fbjs-css-vars': [ '1.0.2' ],
16 silly audit   'fetch-blob': [ '3.2.0' ],
16 silly audit   'fetch-retry': [ '4.1.1' ],
16 silly audit   'file-uri-to-path': [ '1.0.0' ],
16 silly audit   'fill-range': [ '7.1.1' ],
16 silly audit   'filter-obj': [ '1.1.0' ],
16 silly audit   finalhandler: [ '1.1.2' ],
16 silly audit   'find-cache-dir': [ '2.1.0' ],
16 silly audit   firebase: [ '10.14.1' ],
16 silly audit   'firebase-admin': [ '14.2.0' ],
16 silly audit   'flow-enums-runtime': [ '0.0.6' ],
16 silly audit   'flow-estree': [ '0.324.0' ],
16 silly audit   'flow-parser': [ '0.324.0' ],
16 silly audit   fontfaceobserver: [ '2.3.0' ],
16 silly audit   'foreground-child': [ '3.3.1' ],
16 silly audit   'formdata-polyfill': [ '4.0.10' ],
16 silly audit   'freeport-async': [ '2.0.0' ],
16 silly audit   fresh: [ '0.5.2' ],
16 silly audit   'fs-minipass': [ '3.0.3', '2.1.0' ],
16 silly audit   'fs.realpath': [ '1.0.0' ],
16 silly audit   fsevents: [ '2.3.3' ],
16 silly audit   'function-bind': [ '1.1.2' ],
16 silly audit   'functional-red-black-tree': [ '1.0.1' ],
16 silly audit   gaxios: [ '6.7.1', '7.3.0' ],
16 silly audit   uuid: [ '9.0.1', '8.3.2', '7.0.3' ],
16 silly audit   gensync: [ '1.0.0-beta.2' ],
16 silly audit   'get-caller-file': [ '2.0.5' ],
16 silly audit   'get-intrinsic': [ '1.3.0' ],
16 silly audit   'get-package-type': [ '0.1.0' ],
16 silly audit   'get-proto': [ '1.0.1' ],
16 silly audit   'get-tsconfig': [ '4.14.0' ],
16 silly audit   getenv: [ '1.0.0' ],
16 silly audit   'glob-parent': [ '5.1.2' ],
16 silly audit   globby: [ '11.1.0' ],
16 silly audit   'google-gax': [ '5.0.8' ],
16 silly audit   gtoken: [ '8.0.0', '7.1.0' ],
16 silly audit   'http-proxy-agent': [ '7.0.2', '5.0.0' ],
16 silly audit   'retry-request': [ '8.0.4', '7.0.2' ],
16 silly audit   rimraf: [ '5.0.10', '3.0.2', '2.6.3' ],
16 silly audit   'teeny-request': [ '10.1.4', '9.0.0' ],
16 silly audit   gopd: [ '1.2.0' ],
16 silly audit   'graceful-fs': [ '4.2.11' ],
16 silly audit   'has-symbols': [ '1.1.0' ],
16 silly audit   'has-tostringtag': [ '1.0.2' ],
16 silly audit   hasown: [ '2.0.4' ],
16 silly audit   'hosted-git-info': [ '7.0.2' ],
16 silly audit   'html-entities': [ '2.6.0' ],
16 silly audit   'http-errors': [ '2.0.1' ],
16 silly audit   statuses: [ '2.0.2', '1.5.0' ],
16 silly audit   'http-parser-js': [ '0.5.10' ],
16 silly audit   'https-proxy-agent': [ '7.0.6', '5.0.1' ],
16 silly audit   'human-signals': [ '2.1.0' ],
16 silly audit   'hyphenate-style-name': [ '1.1.0' ],
16 silly audit   idb: [ '7.1.1' ],
16 silly audit   ieee754: [ '1.2.1' ],
16 silly audit   ignore: [ '5.3.2' ],
16 silly audit   'image-size': [ '1.2.1' ],
16 silly audit   'import-fresh': [ '2.0.0' ],
16 silly audit   'resolve-from': [ '3.0.0', '5.0.0' ],
16 silly audit   imurmurhash: [ '0.1.4' ],
16 silly audit   'indent-string': [ '4.0.0' ],
16 silly audit   inflight: [ '1.0.6' ],
16 silly audit   inherits: [ '2.0.4' ],
16 silly audit   ini: [ '1.3.8' ],
16 silly audit   'inline-style-prefixer': [ '6.0.4' ],
16 silly audit   'internal-ip': [ '4.3.0' ],
16 silly audit   invariant: [ '2.2.4' ],
16 silly audit   'ip-regex': [ '2.1.0' ],
16 silly audit   'ipaddr.js': [ '1.9.1' ],
16 silly audit   'is-arrayish': [ '0.2.1', '0.3.4' ],
16 silly audit   'is-buffer': [ '1.1.6' ],
16 silly audit   'is-core-module': [ '2.16.2' ],
16 silly audit   'is-directory': [ '0.3.1' ],
16 silly audit   'is-docker': [ '2.2.1' ],
16 silly audit   'is-extglob': [ '2.1.1' ],
16 silly audit   'is-fullwidth-code-point': [ '3.0.0' ],
16 silly audit   'is-glob': [ '4.0.3' ],
16 silly audit   'is-number': [ '7.0.0' ],
16 silly audit   'is-path-cwd': [ '2.2.0' ],
16 silly audit   'is-path-inside': [ '3.0.3' ],
16 silly audit   'is-plain-obj': [ '2.1.0' ],
16 silly audit   'is-plain-object': [ '2.0.4' ],
16 silly audit   'is-unsafe': [ '2.0.0' ],
16 silly audit   'is-wsl': [ '2.2.0' ],
16 silly audit   isexe: [ '2.0.0' ],
16 silly audit   isobject: [ '3.0.1' ],
16 silly audit   'istanbul-lib-coverage': [ '3.2.2' ],
16 silly audit   'istanbul-lib-instrument': [ '5.2.1' ],
16 silly audit   jackspeak: [ '3.4.3' ],
16 silly audit   'jest-environment-node': [ '29.7.0' ],
16 silly audit   'jest-get-type': [ '29.6.3' ],
16 silly audit   'jest-haste-map': [ '29.7.0' ],
16 silly audit   'jest-message-util': [ '29.7.0' ],
16 silly audit   'jest-mock': [ '29.7.0' ],
16 silly audit   'jest-regex-util': [ '29.6.3' ],
16 silly audit   'jest-util': [ '29.7.0' ],
16 silly audit   'jest-validate': [ '29.7.0' ],
16 silly audit   'jest-worker': [ '29.7.0' ],
16 silly audit   'jimp-compact': [ '0.16.1' ],
16 silly audit   'join-component': [ '1.1.0' ],
16 silly audit   'js-tokens': [ '4.0.0' ],
16 silly audit   'jsc-android': [ '250231.0.0' ],
16 silly audit   'jsc-safe-url': [ '0.2.4' ],
16 silly audit   jscodeshift: [ '0.14.0' ],
16 silly audit   jsesc: [ '3.1.0' ],
16 silly audit   'json-bigint': [ '1.0.0' ],
16 silly audit   'json-parse-better-errors': [ '1.0.2' ],
16 silly audit   'json-schema-to-ts': [ '1.6.4' ],
16 silly audit   'json-schema-traverse': [ '1.0.0' ],
16 silly audit   json5: [ '2.2.3' ],
16 silly audit   jsonwebtoken: [ '9.0.3' ],
16 silly audit   jwa: [ '2.0.1' ],
16 silly audit   'jwks-rsa': [ '4.1.0' ],
16 silly audit   jose: [ '4.15.9' ],
16 silly audit   jws: [ '4.0.1' ],
16 silly audit   'kind-of': [ '6.0.3' ],
16 silly audit   kleur: [ '3.0.3' ],
16 silly audit   leven: [ '3.1.0' ],
16 silly audit   'lighthouse-logger': [ '1.4.2' ],
16 silly audit   lightningcss: [ '1.27.0' ],
16 silly audit   'lightningcss-darwin-arm64': [ '1.27.0' ],
16 silly audit   'lightningcss-darwin-x64': [ '1.27.0' ],
16 silly audit   'lightningcss-freebsd-x64': [ '1.27.0' ],
16 silly audit   'lightningcss-linux-arm-gnueabihf': [ '1.27.0' ],
16 silly audit   'lightningcss-linux-arm64-gnu': [ '1.27.0' ],
16 silly audit   'lightningcss-linux-arm64-musl': [ '1.27.0' ],
16 silly audit   'lightningcss-linux-x64-gnu': [ '1.27.0' ],
16 silly audit   'lightningcss-linux-x64-musl': [ '1.27.0' ],
16 silly audit   'lightningcss-win32-arm64-msvc': [ '1.27.0' ],
16 silly audit   'lightningcss-win32-x64-msvc': [ '1.27.0' ],
16 silly audit   limiter: [ '1.1.5' ],
16 silly audit   'lines-and-columns': [ '1.2.4' ],
16 silly audit   'lodash.camelcase': [ '4.3.0' ],
16 silly audit   'lodash.clonedeep': [ '4.5.0' ],
16 silly audit   'lodash.debounce': [ '4.0.8' ],
16 silly audit   'lodash.includes': [ '4.3.0' ],
16 silly audit   'lodash.isboolean': [ '3.0.3' ],
16 silly audit   'lodash.isinteger': [ '4.0.4' ],
16 silly audit   'lodash.isnumber': [ '3.0.3' ],
16 silly audit   'lodash.isplainobject': [ '4.0.6' ],
16 silly audit   'lodash.isstring': [ '4.0.1' ],
16 silly audit   'lodash.once': [ '4.1.1' ],
16 silly audit   'lodash.throttle': [ '4.1.1' ],
16 silly audit   'log-symbols': [ '2.2.0' ],
16 silly audit   long: [ '5.3.2' ],
16 silly audit   'loose-envify': [ '1.4.0' ],
16 silly audit   'lru-memoizer': [ '3.0.0' ],
16 silly audit   'make-dir': [ '2.1.0' ],
16 silly audit   makeerror: [ '1.0.12' ],
16 silly audit   marky: [ '1.3.0' ],
16 silly audit   'math-intrinsics': [ '1.1.0' ],
16 silly audit   md5: [ '2.3.0' ],
16 silly audit   'md5-file': [ '3.2.3' ],
16 silly audit   'memoize-one': [ '5.2.1', '6.0.0' ],
16 silly audit   'merge-options': [ '3.0.4' ],
16 silly audit   'merge-stream': [ '2.0.0' ],
16 silly audit   merge2: [ '1.4.1' ],
16 silly audit   metro: [ '0.81.5' ],
16 silly audit   'metro-babel-transformer': [ '0.81.5' ],
16 silly audit   'metro-cache': [ '0.81.5' ],
16 silly audit   'metro-cache-key': [ '0.81.5' ],
16 silly audit   'metro-config': [ '0.81.5' ],
16 silly audit   'metro-core': [ '0.81.5' ],
16 silly audit   'metro-file-map': [ '0.81.5' ],
16 silly audit   'metro-minify-terser': [ '0.81.5' ],
16 silly audit   'metro-resolver': [ '0.81.5' ],
16 silly audit   'metro-runtime': [ '0.81.5' ],
16 silly audit   'metro-source-map': [ '0.81.5' ],
16 silly audit   'metro-symbolicate': [ '0.81.5' ],
16 silly audit   'metro-transform-plugins': [ '0.81.5' ],
16 silly audit   'metro-transform-worker': [ '0.81.5' ],
16 silly audit   micromatch: [ '4.0.8' ],
16 silly audit   'mime-db': [ '1.54.0', '1.52.0' ],
16 silly audit   'mime-types': [ '2.1.35' ],
16 silly audit   minimist: [ '1.2.8' ],
16 silly audit   minipass: [ '7.1.3', '3.3.6', '5.0.0' ],
16 silly audit   'minipass-collect': [ '2.0.1' ],
16 silly audit   'minipass-flush': [ '1.0.7' ],
16 silly audit   'minipass-pipeline': [ '1.2.4' ],
16 silly audit   mri: [ '1.2.0' ],
16 silly audit   mz: [ '2.7.0' ],
16 silly audit   nanoid: [ '3.3.16' ],
16 silly audit   'neo-async': [ '2.6.2' ],
16 silly audit   'nested-error-stacks': [ '2.0.1' ],
16 silly audit   'nice-try': [ '1.0.5' ],
16 silly audit   'node-dir': [ '0.1.17' ],
16 silly audit   'node-domexception': [ '1.0.0' ],
16 silly audit   'node-forge': [ '1.4.0' ],
16 silly audit   'node-gyp-build': [ '4.8.4' ],
16 silly audit   'node-int64': [ '0.4.0' ],
16 silly audit   'node-releases': [ '2.0.51' ],
16 silly audit   nopt: [ '8.1.0' ],
16 silly audit   'normalize-path': [ '3.0.0' ],
16 silly audit   'npm-package-arg': [ '11.0.3' ],
16 silly audit   nullthrows: [ '1.1.1' ],
16 silly audit   ob1: [ '0.81.5' ],
16 silly audit   'object-assign': [ '4.1.1' ],
16 silly audit   'object-hash': [ '3.0.0' ],
16 silly audit   'on-finished': [ '2.3.0', '2.4.1' ],
16 silly audit   'on-headers': [ '1.1.0' ],
16 silly audit   once: [ '1.4.0' ],
16 silly audit   ora: [ '3.4.0' ],
16 silly audit   'p-finally': [ '1.0.0' ],
16 silly audit   'p-map': [ '4.0.0' ],
16 silly audit   'p-try': [ '2.2.0' ],
16 silly audit   'package-json-from-dist': [ '1.0.1' ],
16 silly audit   'parse-json': [ '4.0.0' ],
16 silly audit   'parse-ms': [ '2.1.0' ],
16 silly audit   'parse-png': [ '2.1.0' ],
16 silly audit   parseurl: [ '1.3.3' ],
16 silly audit   'path-browserify': [ '1.0.1' ],
16 silly audit   'path-exists': [ '4.0.0', '3.0.0' ],
16 silly audit   'path-expression-matcher': [ '1.6.2' ],
16 silly audit   'path-is-absolute': [ '1.0.1' ],
16 silly audit   'path-parse': [ '1.0.7' ],
16 silly audit   'path-to-regexp': [ '6.1.0', '6.3.0' ],
16 silly audit   'path-type': [ '4.0.0' ],
16 silly audit   pify: [ '4.0.1' ],
16 silly audit   pirates: [ '4.0.7' ],
16 silly audit   'pkg-dir': [ '3.0.0' ],
16 silly audit   plist: [ '3.1.1' ],
16 silly audit   xmlbuilder: [ '15.1.1', '11.0.1', '14.0.0' ],
16 silly audit   pngjs: [ '3.4.0' ],
16 silly audit   postcss: [ '8.4.49' ],
16 silly audit   'postcss-value-parser': [ '4.2.0' ],
16 silly audit   'pretty-bytes': [ '5.6.0' ],
16 silly audit   'pretty-format': [ '29.7.0' ],
16 silly audit   'react-is': [ '18.3.1', '16.13.1', '19.2.8' ],
16 silly audit   'pretty-ms': [ '7.0.1' ],
16 silly audit   'proc-log': [ '4.2.0' ],
16 silly audit   progress: [ '2.0.3' ],
16 silly audit   promise: [ '7.3.1', '8.3.0' ],
16 silly audit   prompts: [ '2.4.2' ],
16 silly audit   'prop-types': [ '15.8.1' ],
16 silly audit   'proto3-json-serializer': [ '3.0.4' ],
16 silly audit   protobufjs: [ '7.6.5' ],
16 silly audit   pump: [ '3.0.4' ],
16 silly audit   punycode: [ '2.3.1' ],
16 silly audit   'qrcode-terminal': [ '0.11.0' ],
16 silly audit   'query-string': [ '7.1.3' ],
16 silly audit   queue: [ '6.0.2' ],
16 silly audit   'queue-microtask': [ '1.2.3' ],
16 silly audit   'range-parser': [ '1.2.1' ],
16 silly audit   rc: [ '1.2.8' ],
16 silly audit   react: [ '18.3.1' ],
16 silly audit   'react-devtools-core': [ '5.3.2' ],
16 silly audit   'react-dom': [ '18.3.1' ],
16 silly audit   'react-fast-compare': [ '3.2.2' ],
16 silly audit   'react-freeze': [ '1.0.4' ],
16 silly audit   'react-helmet-async': [ '1.3.0' ],
16 silly audit   'react-native': [ '0.76.5' ],
16 silly audit   'react-native-helmet-async': [ '2.0.4' ],
16 silly audit   'react-native-is-edge-to-edge': [ '1.3.1' ],
16 silly audit   'react-native-safe-area-context': [ '4.12.0' ],
16 silly audit   'react-native-screens': [ '4.4.0' ],
16 silly audit   'react-native-web': [ '0.19.13' ],
16 silly audit   scheduler: [ '0.24.0-canary-efb381bbf-20230505', '0.23.2' ],
16 silly audit   'react-refresh': [ '0.14.2' ],
16 silly audit   'readable-stream': [ '3.6.2' ],
16 silly audit   readline: [ '1.3.0' ],
16 silly audit   recast: [ '0.21.5' ],
16 silly audit   'source-map': [ '0.6.1', '0.5.7' ],
16 silly audit   regenerate: [ '1.4.2' ],
16 silly audit   'regenerate-unicode-properties': [ '10.2.2' ],
16 silly audit   'regenerator-runtime': [ '0.13.11' ],
16 silly audit   'regexpu-core': [ '6.4.0' ],
16 silly audit   regjsgen: [ '0.8.0' ],
16 silly audit   regjsparser: [ '0.13.2' ],
16 silly audit   'remove-trailing-slash': [ '0.1.1' ],
16 silly audit   'require-directory': [ '2.1.1' ],
16 silly audit   'require-from-string': [ '2.0.2' ],
16 silly audit   requireg: [ '0.2.2' ],
16 silly audit   resolve: [ '1.7.1', '1.22.12' ],
16 silly audit   'resolve-pkg-maps': [ '1.0.0' ],
16 silly audit   'resolve-workspace-root': [ '2.0.1' ],
16 silly audit   'resolve.exports': [ '2.0.3' ],
16 silly audit   'restore-cursor': [ '2.0.0' ],
16 silly audit   retry: [ '0.13.1' ],
16 silly audit   reusify: [ '1.1.0' ],
16 silly audit   'run-parallel': [ '1.2.0' ],
16 silly audit   'safe-buffer': [ '5.2.1' ],
16 silly audit   sax: [ '1.6.1' ],
16 silly audit   'schema-utils': [ '4.3.3' ],
16 silly audit   selfsigned: [ '2.4.1' ],
16 silly audit   send: [ '0.19.2' ],
16 silly audit   'serialize-error': [ '2.1.0' ],
16 silly audit   'serve-static': [ '1.16.3' ],
16 silly audit   'server-only': [ '0.0.1' ],
16 silly audit   setimmediate: [ '1.0.5' ],
16 silly audit   setprototypeof: [ '1.2.0' ],
16 silly audit   'sf-symbols-typescript': [ '2.2.0' ],
16 silly audit   'shallow-clone': [ '3.0.1' ],
16 silly audit   shallowequal: [ '1.1.0' ],
16 silly audit   'shell-quote': [ '1.10.0' ],
16 silly audit   'simple-plist': [ '1.3.1' ],
16 silly audit   'simple-swizzle': [ '0.2.4' ],
16 silly audit   sisteransi: [ '1.0.5' ],
16 silly audit   slash: [ '3.0.0' ],
16 silly audit   slugify: [ '1.6.9' ],
16 silly audit   'smol-toml': [ '1.5.2' ],
16 silly audit   'source-map-js': [ '1.2.1' ],
16 silly audit   'source-map-support': [ '0.5.21' ],
16 silly audit   'split-on-first': [ '1.1.0' ],
16 silly audit   'sprintf-js': [ '1.0.3' ],
16 silly audit   ssri: [ '10.0.6' ],
16 silly audit   'stack-utils': [ '2.0.6' ],
16 silly audit   stackframe: [ '1.3.4' ],
16 silly audit   'stacktrace-parser': [ '0.1.11' ],
16 silly audit   'standard-navigation': [ '0.0.8' ],
16 silly audit   'stream-buffers': [ '2.2.0' ],
16 silly audit   'stream-events': [ '1.0.5' ],
16 silly audit   'stream-shift': [ '1.0.3' ],
16 silly audit   'strict-uri-encode': [ '2.0.0' ],
16 silly audit   string_decoder: [ '1.3.0' ],
16 silly audit   'strip-eof': [ '1.0.0' ],
16 silly audit   'strip-final-newline': [ '2.0.0' ],
16 silly audit   'strip-json-comments': [ '2.0.1' ],
16 silly audit   strnum: [ '2.4.1' ],
16 silly audit   'structured-headers': [ '0.4.1' ],
16 silly audit   stubs: [ '3.0.0' ],
16 silly audit   styleq: [ '0.1.3' ],
16 silly audit   sucrase: [ '3.35.0' ],
16 silly audit   'supports-hyperlinks': [ '2.3.0' ],
16 silly audit   'supports-preserve-symlinks-flag': [ '1.0.0' ],
16 silly audit   temp: [ '0.8.4' ],
16 silly audit   'temp-dir': [ '2.0.0' ],
16 silly audit   tempy: [ '0.7.1' ],
16 silly audit   'terminal-link': [ '2.1.1' ],
16 silly audit   terser: [ '5.49.0' ],
16 silly audit   'test-exclude': [ '6.0.0' ],
16 silly audit   thenify: [ '3.3.1' ],
16 silly audit   'thenify-all': [ '1.6.0' ],
16 silly audit   throat: [ '5.0.0' ],
16 silly audit   'time-span': [ '4.0.0' ],
16 silly audit   tmpl: [ '1.0.5' ],
16 silly audit   'to-regex-range': [ '5.0.1' ],
16 silly audit   toidentifier: [ '1.0.1' ],
16 silly audit   tr46: [ '0.0.3' ],
16 silly audit   'ts-interface-checker': [ '0.1.13' ],
16 silly audit   'ts-morph': [ '12.0.0' ],
16 silly audit   'ts-toolbelt': [ '6.15.5' ],
16 silly audit   tslib: [ '2.8.1' ],
16 silly audit   tsx: [ '4.21.0' ],
16 silly audit   'type-detect': [ '4.0.8' ],
16 silly audit   'ua-parser-js': [ '1.0.41' ],
16 silly audit   'unicode-canonical-property-names-ecmascript': [ '2.0.1' ],
16 silly audit   'unicode-match-property-ecmascript': [ '2.0.0' ],
16 silly audit   'unicode-match-property-value-ecmascript': [ '2.2.1' ],
16 silly audit   'unicode-property-aliases-ecmascript': [ '2.2.0' ],
16 silly audit   'unique-filename': [ '3.0.0' ],
16 silly audit   'unique-slug': [ '4.0.0' ],
16 silly audit   'unique-string': [ '2.0.0' ],
16 silly audit   unpipe: [ '1.0.0' ],
16 silly audit   'update-browserslist-db': [ '1.2.3' ],
16 silly audit   'uri-js': [ '4.4.1' ],
16 silly audit   'use-latest-callback': [ '0.2.6' ],
16 silly audit   'use-sync-external-store': [ '1.6.0' ],
16 silly audit   'util-deprecate': [ '1.0.2' ],
16 silly audit   'utils-merge': [ '1.0.1' ],
16 silly audit   'validate-npm-package-name': [ '5.0.1' ],
16 silly audit   vary: [ '1.1.2' ],
16 silly audit   vlq: [ '1.0.1' ],
16 silly audit   walker: [ '1.0.8' ],
16 silly audit   'warn-once': [ '0.1.1' ],
16 silly audit   wcwidth: [ '1.0.1' ],
16 silly audit   'web-streams-polyfill': [ '3.3.3' ],
16 silly audit   'webidl-conversions': [ '3.0.1', '5.0.0' ],
16 silly audit   'websocket-driver': [ '0.7.5' ],
16 silly audit   'websocket-extensions': [ '0.1.4' ],
16 silly audit   'whatwg-fetch': [ '3.6.20' ],
16 silly audit   'whatwg-url': [ '5.0.0' ],
16 silly audit   'whatwg-url-without-unicode': [ '8.0.0-3' ],
16 silly audit   wonka: [ '6.3.6' ],
16 silly audit   wrappy: [ '1.0.2' ],
16 silly audit   xcode: [ '3.0.1' ],
16 silly audit   'xml-naming': [ '0.3.0' ],
16 silly audit   xml2js: [ '0.6.0' ],
16 silly audit   y18n: [ '5.0.8' ],
16 silly audit   yargs: [ '17.7.3' ],
16 silly audit   'yargs-parser': [ '21.1.1' ],
16 silly audit   'yocto-queue': [ '0.1.0' ],
16 silly audit   zod: [ '3.22.4' ]
16 silly audit }
17 verbose reify failed optional dependency C:\Users\nviveros30\Documents\BITACORA\bitacora\node_modules\lightningcss-win32-arm64-msvc
18 silly reify mark deleted [
18 silly reify   'C:\\Users\\nviveros30\\Documents\\BITACORA\\bitacora\\node_modules\\lightningcss-win32-arm64-msvc'
18 silly reify ]
19 verbose reify failed optional dependency C:\Users\nviveros30\Documents\BITACORA\bitacora\node_modules\lightningcss-linux-x64-musl
20 silly reify mark deleted [
20 silly reify   'C:\\Users\\nviveros30\\Documents\\BITACORA\\bitacora\\node_modules\\lightningcss-linux-x64-musl'
20 silly reify ]
21 verbose reify failed optional dependency C:\Users\nviveros30\Documents\BITACORA\bitacora\node_modules\lightningcss-linux-x64-gnu
22 silly reify mark deleted [
22 silly reify   'C:\\Users\\nviveros30\\Documents\\BITACORA\\bitacora\\node_modules\\lightningcss-linux-x64-gnu'
22 silly reify ]
23 verbose reify failed optional dependency C:\Users\nviveros30\Documents\BITACORA\bitacora\node_modules\lightningcss-linux-arm64-musl
24 silly reify mark deleted [
24 silly reify   'C:\\Users\\nviveros30\\Documents\\BITACORA\\bitacora\\node_modules\\lightningcss-linux-arm64-musl'
24 silly reify ]
25 verbose reify failed optional dependency C:\Users\nviveros30\Documents\BITACORA\bitacora\node_modules\lightningcss-linux-arm64-gnu
26 silly reify mark deleted [
26 silly reify   'C:\\Users\\nviveros30\\Documents\\BITACORA\\bitacora\\node_modules\\lightningcss-linux-arm64-gnu'
26 silly reify ]
27 verbose reify failed optional dependency C:\Users\nviveros30\Documents\BITACORA\bitacora\node_modules\lightningcss-linux-arm-gnueabihf
28 silly reify mark deleted [
28 silly reify   'C:\\Users\\nviveros30\\Documents\\BITACORA\\bitacora\\node_modules\\lightningcss-linux-arm-gnueabihf'
28 silly reify ]
29 verbose reify failed optional dependency C:\Users\nviveros30\Documents\BITACORA\bitacora\node_modules\lightningcss-freebsd-x64
30 silly reify mark deleted [
30 silly reify   'C:\\Users\\nviveros30\\Documents\\BITACORA\\bitacora\\node_modules\\lightningcss-freebsd-x64'
30 silly reify ]
31 verbose reify failed optional dependency C:\Users\nviveros30\Documents\BITACORA\bitacora\node_modules\lightningcss-darwin-x64
32 silly reify mark deleted [
32 silly reify   'C:\\Users\\nviveros30\\Documents\\BITACORA\\bitacora\\node_modules\\lightningcss-darwin-x64'
32 silly reify ]
33 verbose reify failed optional dependency C:\Users\nviveros30\Documents\BITACORA\bitacora\node_modules\lightningcss-darwin-arm64
34 silly reify mark deleted [
34 silly reify   'C:\\Users\\nviveros30\\Documents\\BITACORA\\bitacora\\node_modules\\lightningcss-darwin-arm64'
34 silly reify ]
35 verbose reify failed optional dependency C:\Users\nviveros30\Documents\BITACORA\bitacora\node_modules\fsevents
36 silly reify mark deleted [
36 silly reify   'C:\\Users\\nviveros30\\Documents\\BITACORA\\bitacora\\node_modules\\fsevents'
36 silly reify ]
37 verbose reify failed optional dependency C:\Users\nviveros30\Documents\BITACORA\bitacora\node_modules\@esbuild\win32-ia32
38 silly reify mark deleted [
38 silly reify   'C:\\Users\\nviveros30\\Documents\\BITACORA\\bitacora\\node_modules\\@esbuild\\win32-ia32'
38 silly reify ]
39 verbose reify failed optional dependency C:\Users\nviveros30\Documents\BITACORA\bitacora\node_modules\@esbuild\win32-arm64
40 silly reify mark deleted [
40 silly reify   'C:\\Users\\nviveros30\\Documents\\BITACORA\\bitacora\\node_modules\\@esbuild\\win32-arm64'
40 silly reify ]
41 verbose reify failed optional dependency C:\Users\nviveros30\Documents\BITACORA\bitacora\node_modules\@esbuild\sunos-x64
42 silly reify mark deleted [
42 silly reify   'C:\\Users\\nviveros30\\Documents\\BITACORA\\bitacora\\node_modules\\@esbuild\\sunos-x64'
42 silly reify ]
43 verbose reify failed optional dependency C:\Users\nviveros30\Documents\BITACORA\bitacora\node_modules\@esbuild\openharmony-arm64
44 silly reify mark deleted [
44 silly reify   'C:\\Users\\nviveros30\\Documents\\BITACORA\\bitacora\\node_modules\\@esbuild\\openharmony-arm64'
44 silly reify ]
45 verbose reify failed optional dependency C:\Users\nviveros30\Documents\BITACORA\bitacora\node_modules\@esbuild\openbsd-x64
46 silly reify mark deleted [
46 silly reify   'C:\\Users\\nviveros30\\Documents\\BITACORA\\bitacora\\node_modules\\@esbuild\\openbsd-x64'
46 silly reify ]
47 verbose reify failed optional dependency C:\Users\nviveros30\Documents\BITACORA\bitacora\node_modules\@esbuild\openbsd-arm64
48 silly reify mark deleted [
48 silly reify   'C:\\Users\\nviveros30\\Documents\\BITACORA\\bitacora\\node_modules\\@esbuild\\openbsd-arm64'
48 silly reify ]
49 verbose reify failed optional dependency C:\Users\nviveros30\Documents\BITACORA\bitacora\node_modules\@esbuild\netbsd-x64
50 silly reify mark deleted [
50 silly reify   'C:\\Users\\nviveros30\\Documents\\BITACORA\\bitacora\\node_modules\\@esbuild\\netbsd-x64'
50 silly reify ]
51 verbose reify failed optional dependency C:\Users\nviveros30\Documents\BITACORA\bitacora\node_modules\@esbuild\netbsd-arm64
52 silly reify mark deleted [
52 silly reify   'C:\\Users\\nviveros30\\Documents\\BITACORA\\bitacora\\node_modules\\@esbuild\\netbsd-arm64'
52 silly reify ]
53 verbose reify failed optional dependency C:\Users\nviveros30\Documents\BITACORA\bitacora\node_modules\@esbuild\linux-x64
54 silly reify mark deleted [
54 silly reify   'C:\\Users\\nviveros30\\Documents\\BITACORA\\bitacora\\node_modules\\@esbuild\\linux-x64'
54 silly reify ]
55 verbose reify failed optional dependency C:\Users\nviveros30\Documents\BITACORA\bitacora\node_modules\@esbuild\linux-s390x
56 silly reify mark deleted [
56 silly reify   'C:\\Users\\nviveros30\\Documents\\BITACORA\\bitacora\\node_modules\\@esbuild\\linux-s390x'
56 silly reify ]
57 verbose reify failed optional dependency C:\Users\nviveros30\Documents\BITACORA\bitacora\node_modules\@esbuild\linux-riscv64
58 silly reify mark deleted [
58 silly reify   'C:\\Users\\nviveros30\\Documents\\BITACORA\\bitacora\\node_modules\\@esbuild\\linux-riscv64'
58 silly reify ]
59 verbose reify failed optional dependency C:\Users\nviveros30\Documents\BITACORA\bitacora\node_modules\@esbuild\linux-ppc64
60 silly reify mark deleted [
60 silly reify   'C:\\Users\\nviveros30\\Documents\\BITACORA\\bitacora\\node_modules\\@esbuild\\linux-ppc64'
60 silly reify ]
61 verbose reify failed optional dependency C:\Users\nviveros30\Documents\BITACORA\bitacora\node_modules\@esbuild\linux-mips64el
62 silly reify mark deleted [
62 silly reify   'C:\\Users\\nviveros30\\Documents\\BITACORA\\bitacora\\node_modules\\@esbuild\\linux-mips64el'
62 silly reify ]
63 verbose reify failed optional dependency C:\Users\nviveros30\Documents\BITACORA\bitacora\node_modules\@esbuild\linux-loong64
64 silly reify mark deleted [
64 silly reify   'C:\\Users\\nviveros30\\Documents\\BITACORA\\bitacora\\node_modules\\@esbuild\\linux-loong64'
64 silly reify ]
65 verbose reify failed optional dependency C:\Users\nviveros30\Documents\BITACORA\bitacora\node_modules\@esbuild\linux-ia32
66 silly reify mark deleted [
66 silly reify   'C:\\Users\\nviveros30\\Documents\\BITACORA\\bitacora\\node_modules\\@esbuild\\linux-ia32'
66 silly reify ]
67 verbose reify failed optional dependency C:\Users\nviveros30\Documents\BITACORA\bitacora\node_modules\@esbuild\linux-arm64
68 silly reify mark deleted [
68 silly reify   'C:\\Users\\nviveros30\\Documents\\BITACORA\\bitacora\\node_modules\\@esbuild\\linux-arm64'
68 silly reify ]
69 verbose reify failed optional dependency C:\Users\nviveros30\Documents\BITACORA\bitacora\node_modules\@esbuild\linux-arm
70 silly reify mark deleted [
70 silly reify   'C:\\Users\\nviveros30\\Documents\\BITACORA\\bitacora\\node_modules\\@esbuild\\linux-arm'
70 silly reify ]
71 verbose reify failed optional dependency C:\Users\nviveros30\Documents\BITACORA\bitacora\node_modules\@esbuild\freebsd-x64
72 silly reify mark deleted [
72 silly reify   'C:\\Users\\nviveros30\\Documents\\BITACORA\\bitacora\\node_modules\\@esbuild\\freebsd-x64'
72 silly reify ]
73 verbose reify failed optional dependency C:\Users\nviveros30\Documents\BITACORA\bitacora\node_modules\@esbuild\freebsd-arm64
74 silly reify mark deleted [
74 silly reify   'C:\\Users\\nviveros30\\Documents\\BITACORA\\bitacora\\node_modules\\@esbuild\\freebsd-arm64'
74 silly reify ]
75 verbose reify failed optional dependency C:\Users\nviveros30\Documents\BITACORA\bitacora\node_modules\@esbuild\darwin-x64
76 silly reify mark deleted [
76 silly reify   'C:\\Users\\nviveros30\\Documents\\BITACORA\\bitacora\\node_modules\\@esbuild\\darwin-x64'
76 silly reify ]
77 verbose reify failed optional dependency C:\Users\nviveros30\Documents\BITACORA\bitacora\node_modules\@esbuild\darwin-arm64
78 silly reify mark deleted [
78 silly reify   'C:\\Users\\nviveros30\\Documents\\BITACORA\\bitacora\\node_modules\\@esbuild\\darwin-arm64'
78 silly reify ]
79 verbose reify failed optional dependency C:\Users\nviveros30\Documents\BITACORA\bitacora\node_modules\@esbuild\android-x64
80 silly reify mark deleted [
80 silly reify   'C:\\Users\\nviveros30\\Documents\\BITACORA\\bitacora\\node_modules\\@esbuild\\android-x64'
80 silly reify ]
81 verbose reify failed optional dependency C:\Users\nviveros30\Documents\BITACORA\bitacora\node_modules\@esbuild\android-arm64
82 silly reify mark deleted [
82 silly reify   'C:\\Users\\nviveros30\\Documents\\BITACORA\\bitacora\\node_modules\\@esbuild\\android-arm64'
82 silly reify ]
83 verbose reify failed optional dependency C:\Users\nviveros30\Documents\BITACORA\bitacora\node_modules\@esbuild\android-arm
84 silly reify mark deleted [
84 silly reify   'C:\\Users\\nviveros30\\Documents\\BITACORA\\bitacora\\node_modules\\@esbuild\\android-arm'
84 silly reify ]
85 verbose reify failed optional dependency C:\Users\nviveros30\Documents\BITACORA\bitacora\node_modules\@esbuild\aix-ppc64
86 silly reify mark deleted [
86 silly reify   'C:\\Users\\nviveros30\\Documents\\BITACORA\\bitacora\\node_modules\\@esbuild\\aix-ppc64'
86 silly reify ]
87 silly tarball no local data for zod@https://registry.npmjs.org/zod/-/zod-3.22.4.tgz. Extracting by manifest.
88 silly tarball no local data for yargs-parser@https://registry.npmjs.org/yargs-parser/-/yargs-parser-21.1.1.tgz. Extracting by manifest.
89 silly tarball no local data for xmlbuilder@https://registry.npmjs.org/xmlbuilder/-/xmlbuilder-14.0.0.tgz. Extracting by manifest.
90 silly tarball no local data for yargs@https://registry.npmjs.org/yargs/-/yargs-17.7.3.tgz. Extracting by manifest.
91 silly tarball no local data for yallist@https://registry.npmjs.org/yallist/-/yallist-3.1.1.tgz. Extracting by manifest.
92 silly tarball no local data for yocto-queue@https://registry.npmjs.org/yocto-queue/-/yocto-queue-0.1.0.tgz. Extracting by manifest.
93 silly tarball no local data for y18n@https://registry.npmjs.org/y18n/-/y18n-5.0.8.tgz. Extracting by manifest.
94 silly tarball no local data for xml-naming@https://registry.npmjs.org/xml-naming/-/xml-naming-0.3.0.tgz. Extracting by manifest.
95 silly tarball no local data for wrap-ansi-cjs@https://registry.npmjs.org/wrap-ansi/-/wrap-ansi-7.0.0.tgz. Extracting by manifest.
96 silly tarball no local data for ws@https://registry.npmjs.org/ws/-/ws-8.21.1.tgz. Extracting by manifest.
97 silly tarball no local data for which@https://registry.npmjs.org/which/-/which-2.0.2.tgz. Extracting by manifest.
98 silly tarball no local data for xcode@https://registry.npmjs.org/xcode/-/xcode-3.0.1.tgz. Extracting by manifest.
99 silly tarball no local data for wonka@https://registry.npmjs.org/wonka/-/wonka-6.3.6.tgz. Extracting by manifest.
100 silly tarball no local data for wrappy@https://registry.npmjs.org/wrappy/-/wrappy-1.0.2.tgz. Extracting by manifest.
101 silly tarball no local data for xml2js@https://registry.npmjs.org/xml2js/-/xml2js-0.6.0.tgz. Extracting by manifest.
102 silly tarball no local data for whatwg-url@https://registry.npmjs.org/whatwg-url/-/whatwg-url-5.0.0.tgz. Extracting by manifest.
103 silly tarball no local data for wrap-ansi@https://registry.npmjs.org/wrap-ansi/-/wrap-ansi-7.0.0.tgz. Extracting by manifest.
104 silly tarball no local data for write-file-atomic@https://registry.npmjs.org/write-file-atomic/-/write-file-atomic-2.4.3.tgz. Extracting by manifest.
105 silly tarball no local data for whatwg-url-without-unicode@https://registry.npmjs.org/whatwg-url-without-unicode/-/whatwg-url-without-unicode-8.0.0-3.tgz. Extracting by manifest.
106 silly tarball no local data for whatwg-fetch@https://registry.npmjs.org/whatwg-fetch/-/whatwg-fetch-3.6.20.tgz. Extracting by manifest.
107 silly tarball no local data for wcwidth@https://registry.npmjs.org/wcwidth/-/wcwidth-1.0.1.tgz. Extracting by manifest.
108 silly tarball no local data for websocket-driver@https://registry.npmjs.org/websocket-driver/-/websocket-driver-0.7.5.tgz. Extracting by manifest.
109 silly tarball no local data for websocket-extensions@https://registry.npmjs.org/websocket-extensions/-/websocket-extensions-0.1.4.tgz. Extracting by manifest.
110 silly tarball no local data for webidl-conversions@https://registry.npmjs.org/webidl-conversions/-/webidl-conversions-3.0.1.tgz. Extracting by manifest.
111 silly tarball no local data for warn-once@https://registry.npmjs.org/warn-once/-/warn-once-0.1.1.tgz. Extracting by manifest.
112 silly tarball no local data for vary@https://registry.npmjs.org/vary/-/vary-1.1.2.tgz. Extracting by manifest.
113 silly tarball no local data for web-streams-polyfill@https://registry.npmjs.org/web-streams-polyfill/-/web-streams-polyfill-3.3.3.tgz. Extracting by manifest.
114 silly tarball no local data for walker@https://registry.npmjs.org/walker/-/walker-1.0.8.tgz. Extracting by manifest.
115 silly tarball no local data for vlq@https://registry.npmjs.org/vlq/-/vlq-1.0.1.tgz. Extracting by manifest.
116 silly tarball no local data for validate-npm-package-name@https://registry.npmjs.org/validate-npm-package-name/-/validate-npm-package-name-5.0.1.tgz. Extracting by manifest.
117 silly tarball no local data for utils-merge@https://registry.npmjs.org/utils-merge/-/utils-merge-1.0.1.tgz. Extracting by manifest.
118 silly tarball no local data for uuid@https://registry.npmjs.org/uuid/-/uuid-8.3.2.tgz. Extracting by manifest.
119 silly tarball no local data for use-sync-external-store@https://registry.npmjs.org/use-sync-external-store/-/use-sync-external-store-1.6.0.tgz. Extracting by manifest.
120 silly tarball no local data for util-deprecate@https://registry.npmjs.org/util-deprecate/-/util-deprecate-1.0.2.tgz. Extracting by manifest.
121 silly tarball no local data for update-browserslist-db@https://registry.npmjs.org/update-browserslist-db/-/update-browserslist-db-1.2.3.tgz. Extracting by manifest.
122 silly tarball no local data for uri-js@https://registry.npmjs.org/uri-js/-/uri-js-4.4.1.tgz. Extracting by manifest.
123 silly tarball no local data for use-latest-callback@https://registry.npmjs.org/use-latest-callback/-/use-latest-callback-0.2.6.tgz. Extracting by manifest.
124 silly tarball no local data for universalify@https://registry.npmjs.org/universalify/-/universalify-0.1.2.tgz. Extracting by manifest.
125 silly tarball no local data for unpipe@https://registry.npmjs.org/unpipe/-/unpipe-1.0.0.tgz. Extracting by manifest.
126 silly tarball no local data for unique-filename@https://registry.npmjs.org/unique-filename/-/unique-filename-3.0.0.tgz. Extracting by manifest.
127 silly tarball no local data for unique-slug@https://registry.npmjs.org/unique-slug/-/unique-slug-4.0.0.tgz. Extracting by manifest.
128 silly tarball no local data for unique-string@https://registry.npmjs.org/unique-string/-/unique-string-2.0.0.tgz. Extracting by manifest.
129 silly tarball no local data for unicode-match-property-value-ecmascript@https://registry.npmjs.org/unicode-match-property-value-ecmascript/-/unicode-match-property-value-ecmascript-2.2.1.tgz. Extracting by manifest.
130 silly tarball no local data for unicode-property-aliases-ecmascript@https://registry.npmjs.org/unicode-property-aliases-ecmascript/-/unicode-property-aliases-ecmascript-2.2.0.tgz. Extracting by manifest.
131 silly tarball no local data for undici-types@https://registry.npmjs.org/undici-types/-/undici-types-8.3.0.tgz. Extracting by manifest.
132 silly tarball no local data for unicode-match-property-ecmascript@https://registry.npmjs.org/unicode-match-property-ecmascript/-/unicode-match-property-ecmascript-2.0.0.tgz. Extracting by manifest.
133 silly tarball no local data for unicode-canonical-property-names-ecmascript@https://registry.npmjs.org/unicode-canonical-property-names-ecmascript/-/unicode-canonical-property-names-ecmascript-2.0.1.tgz. Extracting by manifest.
134 silly tarball no local data for undici@https://registry.npmjs.org/undici/-/undici-6.28.0.tgz. Extracting by manifest.
135 silly tarball no local data for type-fest@https://registry.npmjs.org/type-fest/-/type-fest-0.7.1.tgz. Extracting by manifest.
136 silly tarball no local data for ua-parser-js@https://registry.npmjs.org/ua-parser-js/-/ua-parser-js-1.0.41.tgz. Extracting by manifest.
137 silly tarball no local data for tsx@https://registry.npmjs.org/tsx/-/tsx-4.21.0.tgz. Extracting by manifest.
138 silly tarball no local data for typescript@https://registry.npmjs.org/typescript/-/typescript-5.3.3.tgz. Extracting by manifest.
139 silly tarball no local data for ts-morph@https://registry.npmjs.org/ts-morph/-/ts-morph-12.0.0.tgz. Extracting by manifest.
140 silly tarball no local data for type-detect@https://registry.npmjs.org/type-detect/-/type-detect-4.0.8.tgz. Extracting by manifest.
141 silly tarball no local data for tslib@https://registry.npmjs.org/tslib/-/tslib-2.8.1.tgz. Extracting by manifest.
142 silly tarball no local data for ts-interface-checker@https://registry.npmjs.org/ts-interface-checker/-/ts-interface-checker-0.1.13.tgz. Extracting by manifest.
143 silly tarball no local data for ts-toolbelt@https://registry.npmjs.org/ts-toolbelt/-/ts-toolbelt-6.15.5.tgz. Extracting by manifest.
144 silly tarball no local data for tr46@https://registry.npmjs.org/tr46/-/tr46-0.0.3.tgz. Extracting by manifest.
145 silly tarball no local data for to-regex-range@https://registry.npmjs.org/to-regex-range/-/to-regex-range-5.0.1.tgz. Extracting by manifest.
146 silly tarball no local data for time-span@https://registry.npmjs.org/time-span/-/time-span-4.0.0.tgz. Extracting by manifest.
147 silly tarball no local data for toidentifier@https://registry.npmjs.org/toidentifier/-/toidentifier-1.0.1.tgz. Extracting by manifest.
148 silly tarball no local data for tmpl@https://registry.npmjs.org/tmpl/-/tmpl-1.0.5.tgz. Extracting by manifest.
149 silly tarball no local data for thenify@https://registry.npmjs.org/thenify/-/thenify-3.3.1.tgz. Extracting by manifest.
150 silly tarball no local data for throat@https://registry.npmjs.org/throat/-/throat-5.0.0.tgz. Extracting by manifest.
151 silly tarball no local data for terser@https://registry.npmjs.org/terser/-/terser-5.49.0.tgz. Extracting by manifest.
152 silly tarball no local data for thenify-all@https://registry.npmjs.org/thenify-all/-/thenify-all-1.6.0.tgz. Extracting by manifest.
153 silly tarball no local data for test-exclude@https://registry.npmjs.org/test-exclude/-/test-exclude-6.0.0.tgz. Extracting by manifest.
154 silly tarball no local data for tempy@https://registry.npmjs.org/tempy/-/tempy-0.7.1.tgz. Extracting by manifest.
155 silly tarball no local data for terminal-link@https://registry.npmjs.org/terminal-link/-/terminal-link-2.1.1.tgz. Extracting by manifest.
156 silly tarball no local data for tar@https://registry.npmjs.org/tar/-/tar-6.2.1.tgz. Extracting by manifest.
157 silly tarball no local data for temp-dir@https://registry.npmjs.org/temp-dir/-/temp-dir-2.0.0.tgz. Extracting by manifest.
158 silly tarball no local data for teeny-request@https://registry.npmjs.org/teeny-request/-/teeny-request-9.0.0.tgz. Extracting by manifest.
159 silly tarball no local data for supports-preserve-symlinks-flag@https://registry.npmjs.org/supports-preserve-symlinks-flag/-/supports-preserve-symlinks-flag-1.0.0.tgz. Extracting by manifest.
160 silly tarball no local data for temp@https://registry.npmjs.org/temp/-/temp-0.8.4.tgz. Extracting by manifest.
161 silly tarball no local data for styleq@https://registry.npmjs.org/styleq/-/styleq-0.1.3.tgz. Extracting by manifest.
162 silly tarball no local data for supports-hyperlinks@https://registry.npmjs.org/supports-hyperlinks/-/supports-hyperlinks-2.3.0.tgz. Extracting by manifest.
163 silly tarball no local data for supports-color@https://registry.npmjs.org/supports-color/-/supports-color-7.2.0.tgz. Extracting by manifest.
164 silly tarball no local data for structured-headers@https://registry.npmjs.org/structured-headers/-/structured-headers-0.4.1.tgz. Extracting by manifest.
165 silly tarball no local data for stubs@https://registry.npmjs.org/stubs/-/stubs-3.0.0.tgz. Extracting by manifest.
166 silly tarball no local data for strip-json-comments@https://registry.npmjs.org/strip-json-comments/-/strip-json-comments-2.0.1.tgz. Extracting by manifest.
167 silly tarball no local data for sucrase@https://registry.npmjs.org/sucrase/-/sucrase-3.35.0.tgz. Extracting by manifest.
168 silly tarball no local data for strnum@https://registry.npmjs.org/strnum/-/strnum-2.4.1.tgz. Extracting by manifest.
169 silly tarball no local data for strip-eof@https://registry.npmjs.org/strip-eof/-/strip-eof-1.0.0.tgz. Extracting by manifest.
170 silly tarball no local data for strip-final-newline@https://registry.npmjs.org/strip-final-newline/-/strip-final-newline-2.0.0.tgz. Extracting by manifest.
171 silly tarball no local data for strip-ansi-cjs@https://registry.npmjs.org/strip-ansi/-/strip-ansi-6.0.1.tgz. Extracting by manifest.
172 silly tarball no local data for string-width-cjs@https://registry.npmjs.org/string-width/-/string-width-4.2.3.tgz. Extracting by manifest.
173 silly tarball no local data for strip-ansi@https://registry.npmjs.org/strip-ansi/-/strip-ansi-7.2.0.tgz. Extracting by manifest.
174 silly tarball no local data for string-width@https://registry.npmjs.org/string-width/-/string-width-5.1.2.tgz. Extracting by manifest.
175 silly tarball no local data for stream-shift@https://registry.npmjs.org/stream-shift/-/stream-shift-1.0.3.tgz. Extracting by manifest.
176 silly tarball no local data for string_decoder@https://registry.npmjs.org/string_decoder/-/string_decoder-1.3.0.tgz. Extracting by manifest.
177 silly tarball no local data for strict-uri-encode@https://registry.npmjs.org/strict-uri-encode/-/strict-uri-encode-2.0.0.tgz. Extracting by manifest.
178 silly tarball no local data for stream-events@https://registry.npmjs.org/stream-events/-/stream-events-1.0.5.tgz. Extracting by manifest.
179 silly tarball no local data for statuses@https://registry.npmjs.org/statuses/-/statuses-1.5.0.tgz. Extracting by manifest.
180 silly tarball no local data for stackframe@https://registry.npmjs.org/stackframe/-/stackframe-1.3.4.tgz. Extracting by manifest.
181 silly tarball no local data for stream-buffers@https://registry.npmjs.org/stream-buffers/-/stream-buffers-2.2.0.tgz. Extracting by manifest.
182 silly tarball no local data for stacktrace-parser@https://registry.npmjs.org/stacktrace-parser/-/stacktrace-parser-0.1.11.tgz. Extracting by manifest.
183 silly tarball no local data for ssri@https://registry.npmjs.org/ssri/-/ssri-10.0.6.tgz. Extracting by manifest.
184 silly tarball no local data for standard-navigation@https://registry.npmjs.org/standard-navigation/-/standard-navigation-0.0.8.tgz. Extracting by manifest.
185 silly tarball no local data for source-map-js@https://registry.npmjs.org/source-map-js/-/source-map-js-1.2.1.tgz. Extracting by manifest.
186 silly tarball no local data for sprintf-js@https://registry.npmjs.org/sprintf-js/-/sprintf-js-1.0.3.tgz. Extracting by manifest.
187 silly tarball no local data for split-on-first@https://registry.npmjs.org/split-on-first/-/split-on-first-1.1.0.tgz. Extracting by manifest.
188 silly tarball no local data for stack-utils@https://registry.npmjs.org/stack-utils/-/stack-utils-2.0.6.tgz. Extracting by manifest.
189 silly tarball no local data for smol-toml@https://registry.npmjs.org/smol-toml/-/smol-toml-1.5.2.tgz. Extracting by manifest.
190 silly tarball no local data for source-map-support@https://registry.npmjs.org/source-map-support/-/source-map-support-0.5.21.tgz. Extracting by manifest.
191 silly tarball no local data for source-map@https://registry.npmjs.org/source-map/-/source-map-0.5.7.tgz. Extracting by manifest.
192 silly tarball no local data for slugify@https://registry.npmjs.org/slugify/-/slugify-1.6.9.tgz. Extracting by manifest.
193 silly tarball no local data for simple-swizzle@https://registry.npmjs.org/simple-swizzle/-/simple-swizzle-0.2.4.tgz. Extracting by manifest.
194 silly tarball no local data for sisteransi@https://registry.npmjs.org/sisteransi/-/sisteransi-1.0.5.tgz. Extracting by manifest.
195 silly tarball no local data for simple-plist@https://registry.npmjs.org/simple-plist/-/simple-plist-1.3.1.tgz. Extracting by manifest.
196 silly tarball no local data for shell-quote@https://registry.npmjs.org/shell-quote/-/shell-quote-1.10.0.tgz. Extracting by manifest.
197 silly tarball no local data for shebang-command@https://registry.npmjs.org/shebang-command/-/shebang-command-2.0.0.tgz. Extracting by manifest.
198 silly tarball no local data for slash@https://registry.npmjs.org/slash/-/slash-3.0.0.tgz. Extracting by manifest.
199 silly tarball no local data for signal-exit@https://registry.npmjs.org/signal-exit/-/signal-exit-4.1.0.tgz. Extracting by manifest.
200 silly tarball no local data for shallowequal@https://registry.npmjs.org/shallowequal/-/shallowequal-1.1.0.tgz. Extracting by manifest.
201 silly tarball no local data for shebang-regex@https://registry.npmjs.org/shebang-regex/-/shebang-regex-3.0.0.tgz. Extracting by manifest.
202 silly tarball no local data for setimmediate@https://registry.npmjs.org/setimmediate/-/setimmediate-1.0.5.tgz. Extracting by manifest.
203 silly tarball no local data for shallow-clone@https://registry.npmjs.org/shallow-clone/-/shallow-clone-3.0.1.tgz. Extracting by manifest.
204 silly tarball no local data for sf-symbols-typescript@https://registry.npmjs.org/sf-symbols-typescript/-/sf-symbols-typescript-2.2.0.tgz. Extracting by manifest.
205 silly tarball no local data for server-only@https://registry.npmjs.org/server-only/-/server-only-0.0.1.tgz. Extracting by manifest.
206 silly tarball no local data for setprototypeof@https://registry.npmjs.org/setprototypeof/-/setprototypeof-1.2.0.tgz. Extracting by manifest.
207 silly tarball no local data for send@https://registry.npmjs.org/send/-/send-0.19.2.tgz. Extracting by manifest.
208 silly tarball no local data for serve-static@https://registry.npmjs.org/serve-static/-/serve-static-1.16.3.tgz. Extracting by manifest.
209 silly tarball no local data for serialize-error@https://registry.npmjs.org/serialize-error/-/serialize-error-2.1.0.tgz. Extracting by manifest.
210 silly tarball no local data for selfsigned@https://registry.npmjs.org/selfsigned/-/selfsigned-2.4.1.tgz. Extracting by manifest.
211 silly tarball no local data for semver@https://registry.npmjs.org/semver/-/semver-6.3.1.tgz. Extracting by manifest.
212 silly tarball no local data for sax@https://registry.npmjs.org/sax/-/sax-1.6.1.tgz. Extracting by manifest.
213 silly tarball no local data for scheduler@https://registry.npmjs.org/scheduler/-/scheduler-0.23.2.tgz. Extracting by manifest.
214 silly tarball no local data for schema-utils@https://registry.npmjs.org/schema-utils/-/schema-utils-4.3.3.tgz. Extracting by manifest.
215 silly tarball no local data for safe-buffer@https://registry.npmjs.org/safe-buffer/-/safe-buffer-5.2.1.tgz. Extracting by manifest.
216 silly tarball no local data for rimraf@https://registry.npmjs.org/rimraf/-/rimraf-3.0.2.tgz. Extracting by manifest.
217 silly tarball no local data for retry@https://registry.npmjs.org/retry/-/retry-0.13.1.tgz. Extracting by manifest.
218 silly tarball no local data for run-parallel@https://registry.npmjs.org/run-parallel/-/run-parallel-1.2.0.tgz. Extracting by manifest.
219 silly tarball no local data for reusify@https://registry.npmjs.org/reusify/-/reusify-1.1.0.tgz. Extracting by manifest.
220 silly tarball no local data for retry-request@https://registry.npmjs.org/retry-request/-/retry-request-7.0.2.tgz. Extracting by manifest.
221 silly tarball no local data for restore-cursor@https://registry.npmjs.org/restore-cursor/-/restore-cursor-2.0.0.tgz. Extracting by manifest.
222 silly tarball no local data for resolve@https://registry.npmjs.org/resolve/-/resolve-1.22.12.tgz. Extracting by manifest.
223 silly tarball no local data for resolve.exports@https://registry.npmjs.org/resolve.exports/-/resolve.exports-2.0.3.tgz. Extracting by manifest.
224 silly tarball no local data for resolve-workspace-root@https://registry.npmjs.org/resolve-workspace-root/-/resolve-workspace-root-2.0.1.tgz. Extracting by manifest.
225 silly tarball no local data for resolve-pkg-maps@https://registry.npmjs.org/resolve-pkg-maps/-/resolve-pkg-maps-1.0.0.tgz. Extracting by manifest.
226 silly tarball no local data for resolve-from@https://registry.npmjs.org/resolve-from/-/resolve-from-5.0.0.tgz. Extracting by manifest.
227 silly tarball no local data for remove-trailing-slash@https://registry.npmjs.org/remove-trailing-slash/-/remove-trailing-slash-0.1.1.tgz. Extracting by manifest.
228 silly tarball no local data for require-from-string@https://registry.npmjs.org/require-from-string/-/require-from-string-2.0.2.tgz. Extracting by manifest.
229 silly tarball no local data for requireg@https://registry.npmjs.org/requireg/-/requireg-0.2.2.tgz. Extracting by manifest.
230 silly tarball no local data for require-directory@https://registry.npmjs.org/require-directory/-/require-directory-2.1.1.tgz. Extracting by manifest.
231 silly tarball no local data for regjsparser@https://registry.npmjs.org/regjsparser/-/regjsparser-0.13.2.tgz. Extracting by manifest.
232 silly tarball no local data for regenerator-runtime@https://registry.npmjs.org/regenerator-runtime/-/regenerator-runtime-0.13.11.tgz. Extracting by manifest.
233 silly tarball no local data for regjsgen@https://registry.npmjs.org/regjsgen/-/regjsgen-0.8.0.tgz. Extracting by manifest.
234 silly tarball no local data for regenerate@https://registry.npmjs.org/regenerate/-/regenerate-1.4.2.tgz. Extracting by manifest.
235 silly tarball no local data for regexpu-core@https://registry.npmjs.org/regexpu-core/-/regexpu-core-6.4.0.tgz. Extracting by manifest.
236 silly tarball no local data for regenerate-unicode-properties@https://registry.npmjs.org/regenerate-unicode-properties/-/regenerate-unicode-properties-10.2.2.tgz. Extracting by manifest.
237 silly tarball no local data for readable-stream@https://registry.npmjs.org/readable-stream/-/readable-stream-3.6.2.tgz. Extracting by manifest.
238 silly tarball no local data for react-refresh@https://registry.npmjs.org/react-refresh/-/react-refresh-0.14.2.tgz. Extracting by manifest.
239 silly tarball no local data for recast@https://registry.npmjs.org/recast/-/recast-0.21.5.tgz. Extracting by manifest.
240 silly tarball no local data for readline@https://registry.npmjs.org/readline/-/readline-1.3.0.tgz. Extracting by manifest.
241 silly tarball no local data for react-native-screens@https://registry.npmjs.org/react-native-screens/-/react-native-screens-4.4.0.tgz. Extracting by manifest.
242 silly tarball no local data for react-native-web@https://registry.npmjs.org/react-native-web/-/react-native-web-0.19.13.tgz. Extracting by manifest.
243 silly tarball no local data for react-native-helmet-async@https://registry.npmjs.org/react-native-helmet-async/-/react-native-helmet-async-2.0.4.tgz. Extracting by manifest.
244 silly tarball no local data for react-native-safe-area-context@https://registry.npmjs.org/react-native-safe-area-context/-/react-native-safe-area-context-4.12.0.tgz. Extracting by manifest.
245 silly tarball no local data for react-native-is-edge-to-edge@https://registry.npmjs.org/react-native-is-edge-to-edge/-/react-native-is-edge-to-edge-1.3.1.tgz. Extracting by manifest.
246 silly tarball no local data for react-native@https://registry.npmjs.org/react-native/-/react-native-0.76.5.tgz. Extracting by manifest.
247 silly tarball no local data for react-is@https://registry.npmjs.org/react-is/-/react-is-19.2.8.tgz. Extracting by manifest.
248 silly tarball no local data for react-freeze@https://registry.npmjs.org/react-freeze/-/react-freeze-1.0.4.tgz. Extracting by manifest.
249 silly tarball no local data for react-helmet-async@https://registry.npmjs.org/react-helmet-async/-/react-helmet-async-1.3.0.tgz. Extracting by manifest.
250 silly tarball no local data for react-fast-compare@https://registry.npmjs.org/react-fast-compare/-/react-fast-compare-3.2.2.tgz. Extracting by manifest.
251 silly tarball no local data for react-devtools-core@https://registry.npmjs.org/react-devtools-core/-/react-devtools-core-5.3.2.tgz. Extracting by manifest.
252 silly tarball no local data for react-dom@https://registry.npmjs.org/react-dom/-/react-dom-18.3.1.tgz. Extracting by manifest.
253 silly tarball no local data for react@https://registry.npmjs.org/react/-/react-18.3.1.tgz. Extracting by manifest.
254 silly tarball no local data for rc@https://registry.npmjs.org/rc/-/rc-1.2.8.tgz. Extracting by manifest.
255 silly tarball no local data for range-parser@https://registry.npmjs.org/range-parser/-/range-parser-1.2.1.tgz. Extracting by manifest.
256 silly tarball no local data for query-string@https://registry.npmjs.org/query-string/-/query-string-7.1.3.tgz. Extracting by manifest.
257 silly tarball no local data for queue-microtask@https://registry.npmjs.org/queue-microtask/-/queue-microtask-1.2.3.tgz. Extracting by manifest.
258 silly tarball no local data for punycode@https://registry.npmjs.org/punycode/-/punycode-2.3.1.tgz. Extracting by manifest.
259 silly tarball no local data for queue@https://registry.npmjs.org/queue/-/queue-6.0.2.tgz. Extracting by manifest.
260 silly tarball no local data for qrcode-terminal@https://registry.npmjs.org/qrcode-terminal/-/qrcode-terminal-0.11.0.tgz. Extracting by manifest.
261 silly tarball no local data for protobufjs@https://registry.npmjs.org/protobufjs/-/protobufjs-7.6.5.tgz. Extracting by manifest.
262 silly tarball no local data for proto3-json-serializer@https://registry.npmjs.org/proto3-json-serializer/-/proto3-json-serializer-3.0.4.tgz. Extracting by manifest.
263 silly tarball no local data for pump@https://registry.npmjs.org/pump/-/pump-3.0.4.tgz. Extracting by manifest.
264 silly tarball no local data for prop-types@https://registry.npmjs.org/prop-types/-/prop-types-15.8.1.tgz. Extracting by manifest.
265 silly tarball no local data for prompts@https://registry.npmjs.org/prompts/-/prompts-2.4.2.tgz. Extracting by manifest.
266 silly tarball no local data for proc-log@https://registry.npmjs.org/proc-log/-/proc-log-4.2.0.tgz. Extracting by manifest.
267 silly tarball no local data for progress@https://registry.npmjs.org/progress/-/progress-2.0.3.tgz. Extracting by manifest.
268 silly tarball no local data for promise@https://registry.npmjs.org/promise/-/promise-7.3.1.tgz. Extracting by manifest.
269 silly tarball no local data for pretty-format@https://registry.npmjs.org/pretty-format/-/pretty-format-29.7.0.tgz. Extracting by manifest.
270 silly tarball no local data for pretty-bytes@https://registry.npmjs.org/pretty-bytes/-/pretty-bytes-5.6.0.tgz. Extracting by manifest.
271 silly tarball no local data for pretty-ms@https://registry.npmjs.org/pretty-ms/-/pretty-ms-7.0.1.tgz. Extracting by manifest.
272 silly tarball no local data for pngjs@https://registry.npmjs.org/pngjs/-/pngjs-3.4.0.tgz. Extracting by manifest.
273 silly tarball no local data for postcss-value-parser@https://registry.npmjs.org/postcss-value-parser/-/postcss-value-parser-4.2.0.tgz. Extracting by manifest.
274 silly tarball no local data for postcss@https://registry.npmjs.org/postcss/-/postcss-8.4.49.tgz. Extracting by manifest.
275 silly tarball no local data for pkg-dir@https://registry.npmjs.org/pkg-dir/-/pkg-dir-3.0.0.tgz. Extracting by manifest.
276 silly tarball no local data for plist@https://registry.npmjs.org/plist/-/plist-3.1.1.tgz. Extracting by manifest.
277 silly tarball no local data for pirates@https://registry.npmjs.org/pirates/-/pirates-4.0.7.tgz. Extracting by manifest.
278 silly tarball no local data for picomatch@https://registry.npmjs.org/picomatch/-/picomatch-3.0.2.tgz. Extracting by manifest.
279 silly tarball no local data for pify@https://registry.npmjs.org/pify/-/pify-4.0.1.tgz. Extracting by manifest.
280 silly tarball no local data for path-type@https://registry.npmjs.org/path-type/-/path-type-4.0.0.tgz. Extracting by manifest.
281 silly tarball no local data for path-key@https://registry.npmjs.org/path-key/-/path-key-3.1.1.tgz. Extracting by manifest.
282 silly tarball no local data for picocolors@https://registry.npmjs.org/picocolors/-/picocolors-1.1.1.tgz. Extracting by manifest.
283 silly tarball no local data for path-is-absolute@https://registry.npmjs.org/path-is-absolute/-/path-is-absolute-1.0.1.tgz. Extracting by manifest.
284 silly tarball no local data for path-to-regexp@https://registry.npmjs.org/path-to-regexp/-/path-to-regexp-6.1.0.tgz. Extracting by manifest.
285 silly tarball no local data for path-parse@https://registry.npmjs.org/path-parse/-/path-parse-1.0.7.tgz. Extracting by manifest.
286 silly tarball no local data for path-to-regexp-updated@https://registry.npmjs.org/path-to-regexp/-/path-to-regexp-6.3.0.tgz. Extracting by manifest.
287 silly tarball no local data for path-scurry@https://registry.npmjs.org/path-scurry/-/path-scurry-1.11.1.tgz. Extracting by manifest.
288 silly tarball no local data for path-browserify@https://registry.npmjs.org/path-browserify/-/path-browserify-1.0.1.tgz. Extracting by manifest.
289 silly tarball no local data for path-exists@https://registry.npmjs.org/path-exists/-/path-exists-4.0.0.tgz. Extracting by manifest.
290 silly tarball no local data for path-expression-matcher@https://registry.npmjs.org/path-expression-matcher/-/path-expression-matcher-1.6.2.tgz. Extracting by manifest.
291 silly tarball no local data for parse-png@https://registry.npmjs.org/parse-png/-/parse-png-2.1.0.tgz. Extracting by manifest.
292 silly tarball no local data for parseurl@https://registry.npmjs.org/parseurl/-/parseurl-1.3.3.tgz. Extracting by manifest.
293 silly tarball no local data for parse-ms@https://registry.npmjs.org/parse-ms/-/parse-ms-2.1.0.tgz. Extracting by manifest.
294 silly tarball no local data for package-json-from-dist@https://registry.npmjs.org/package-json-from-dist/-/package-json-from-dist-1.0.1.tgz. Extracting by manifest.
295 silly tarball no local data for parse-json@https://registry.npmjs.org/parse-json/-/parse-json-4.0.0.tgz. Extracting by manifest.
296 silly tarball no local data for p-try@https://registry.npmjs.org/p-try/-/p-try-2.2.0.tgz. Extracting by manifest.
297 silly tarball no local data for p-map@https://registry.npmjs.org/p-map/-/p-map-4.0.0.tgz. Extracting by manifest.
298 silly tarball no local data for p-limit@https://registry.npmjs.org/p-limit/-/p-limit-3.1.0.tgz. Extracting by manifest.
299 silly tarball no local data for p-locate@https://registry.npmjs.org/p-locate/-/p-locate-5.0.0.tgz. Extracting by manifest.
300 silly tarball no local data for ora@https://registry.npmjs.org/ora/-/ora-3.4.0.tgz. Extracting by manifest.
301 silly tarball no local data for open@https://registry.npmjs.org/open/-/open-7.4.2.tgz. Extracting by manifest.
302 silly tarball no local data for p-finally@https://registry.npmjs.org/p-finally/-/p-finally-1.0.0.tgz. Extracting by manifest.
303 silly tarball no local data for once@https://registry.npmjs.org/once/-/once-1.4.0.tgz. Extracting by manifest.
304 silly tarball no local data for on-headers@https://registry.npmjs.org/on-headers/-/on-headers-1.1.0.tgz. Extracting by manifest.
305 silly tarball no local data for onetime@https://registry.npmjs.org/onetime/-/onetime-2.0.1.tgz. Extracting by manifest.
306 silly tarball no local data for ob1@https://registry.npmjs.org/ob1/-/ob1-0.81.5.tgz. Extracting by manifest.
307 silly tarball no local data for on-finished@https://registry.npmjs.org/on-finished/-/on-finished-2.3.0.tgz. Extracting by manifest.
308 silly tarball no local data for object-hash@https://registry.npmjs.org/object-hash/-/object-hash-3.0.0.tgz. Extracting by manifest.
309 silly tarball no local data for nullthrows@https://registry.npmjs.org/nullthrows/-/nullthrows-1.1.1.tgz. Extracting by manifest.
310 silly tarball no local data for object-assign@https://registry.npmjs.org/object-assign/-/object-assign-4.1.1.tgz. Extracting by manifest.
311 silly tarball no local data for normalize-path@https://registry.npmjs.org/normalize-path/-/normalize-path-3.0.0.tgz. Extracting by manifest.
312 silly tarball no local data for npm-package-arg@https://registry.npmjs.org/npm-package-arg/-/npm-package-arg-11.0.3.tgz. Extracting by manifest.
313 silly tarball no local data for npm-run-path@https://registry.npmjs.org/npm-run-path/-/npm-run-path-2.0.2.tgz. Extracting by manifest.
314 silly tarball no local data for node-gyp-build@https://registry.npmjs.org/node-gyp-build/-/node-gyp-build-4.8.4.tgz. Extracting by manifest.
315 silly tarball no local data for node-int64@https://registry.npmjs.org/node-int64/-/node-int64-0.4.0.tgz. Extracting by manifest.
316 silly tarball no local data for nopt@https://registry.npmjs.org/nopt/-/nopt-8.1.0.tgz. Extracting by manifest.
317 silly tarball no local data for node-releases@https://registry.npmjs.org/node-releases/-/node-releases-2.0.51.tgz. Extracting by manifest.
318 silly tarball no local data for node-dir@https://registry.npmjs.org/node-dir/-/node-dir-0.1.17.tgz. Extracting by manifest.
319 silly tarball no local data for nice-try@https://registry.npmjs.org/nice-try/-/nice-try-1.0.5.tgz. Extracting by manifest.
320 silly tarball no local data for node-fetch@https://registry.npmjs.org/node-fetch/-/node-fetch-2.7.0.tgz. Extracting by manifest.
321 silly tarball no local data for node-domexception@https://registry.npmjs.org/node-domexception/-/node-domexception-1.0.0.tgz. Extracting by manifest.
322 silly tarball no local data for node-forge@https://registry.npmjs.org/node-forge/-/node-forge-1.4.0.tgz. Extracting by manifest.
323 silly tarball no local data for nested-error-stacks@https://registry.npmjs.org/nested-error-stacks/-/nested-error-stacks-2.0.1.tgz. Extracting by manifest.
324 silly tarball no local data for neo-async@https://registry.npmjs.org/neo-async/-/neo-async-2.6.2.tgz. Extracting by manifest.
325 silly tarball no local data for nanoid@https://registry.npmjs.org/nanoid/-/nanoid-3.3.16.tgz. Extracting by manifest.
326 silly tarball no local data for negotiator@https://registry.npmjs.org/negotiator/-/negotiator-0.6.3.tgz. Extracting by manifest.
327 silly tarball no local data for ms@https://registry.npmjs.org/ms/-/ms-2.1.3.tgz. Extracting by manifest.
328 silly tarball no local data for mz@https://registry.npmjs.org/mz/-/mz-2.7.0.tgz. Extracting by manifest.
329 silly tarball no local data for minizlib@https://registry.npmjs.org/minizlib/-/minizlib-2.1.2.tgz. Extracting by manifest.
330 silly tarball no local data for minipass-pipeline@https://registry.npmjs.org/minipass-pipeline/-/minipass-pipeline-1.2.4.tgz. Extracting by manifest.
331 silly tarball no local data for mri@https://registry.npmjs.org/mri/-/mri-1.2.0.tgz. Extracting by manifest.
332 silly tarball no local data for mkdirp@https://registry.npmjs.org/mkdirp/-/mkdirp-0.5.6.tgz. Extracting by manifest.
333 silly tarball no local data for minimist@https://registry.npmjs.org/minimist/-/minimist-1.2.8.tgz. Extracting by manifest.
334 silly tarball no local data for minipass-flush@https://registry.npmjs.org/minipass-flush/-/minipass-flush-1.0.7.tgz. Extracting by manifest.
335 silly tarball no local data for mimic-fn@https://registry.npmjs.org/mimic-fn/-/mimic-fn-1.2.0.tgz. Extracting by manifest.
336 silly tarball no local data for mime-types@https://registry.npmjs.org/mime-types/-/mime-types-2.1.35.tgz. Extracting by manifest.
337 silly tarball no local data for minimatch@https://registry.npmjs.org/minimatch/-/minimatch-3.1.5.tgz. Extracting by manifest.
338 silly tarball no local data for mime-db@https://registry.npmjs.org/mime-db/-/mime-db-1.54.0.tgz. Extracting by manifest.
339 silly tarball no local data for minipass-collect@https://registry.npmjs.org/minipass-collect/-/minipass-collect-2.0.1.tgz. Extracting by manifest.
340 silly tarball no local data for minipass@https://registry.npmjs.org/minipass/-/minipass-7.1.3.tgz. Extracting by manifest.
341 silly tarball no local data for mime@https://registry.npmjs.org/mime/-/mime-1.6.0.tgz. Extracting by manifest.
342 silly tarball no local data for metro-transform-worker@https://registry.npmjs.org/metro-transform-worker/-/metro-transform-worker-0.81.5.tgz. Extracting by manifest.
343 silly tarball no local data for metro-source-map@https://registry.npmjs.org/metro-source-map/-/metro-source-map-0.81.5.tgz. Extracting by manifest.
344 silly tarball no local data for metro-transform-plugins@https://registry.npmjs.org/metro-transform-plugins/-/metro-transform-plugins-0.81.5.tgz. Extracting by manifest.
345 silly tarball no local data for metro-symbolicate@https://registry.npmjs.org/metro-symbolicate/-/metro-symbolicate-0.81.5.tgz. Extracting by manifest.
346 silly tarball no local data for micromatch@https://registry.npmjs.org/micromatch/-/micromatch-4.0.8.tgz. Extracting by manifest.
347 silly tarball no local data for metro-runtime@https://registry.npmjs.org/metro-runtime/-/metro-runtime-0.81.5.tgz. Extracting by manifest.
348 silly tarball no local data for metro-resolver@https://registry.npmjs.org/metro-resolver/-/metro-resolver-0.81.5.tgz. Extracting by manifest.
349 silly tarball no local data for metro-minify-terser@https://registry.npmjs.org/metro-minify-terser/-/metro-minify-terser-0.81.5.tgz. Extracting by manifest.
350 silly tarball no local data for metro-core@https://registry.npmjs.org/metro-core/-/metro-core-0.81.5.tgz. Extracting by manifest.
351 silly tarball no local data for metro-config@https://registry.npmjs.org/metro-config/-/metro-config-0.81.5.tgz. Extracting by manifest.
352 silly tarball no local data for metro-file-map@https://registry.npmjs.org/metro-file-map/-/metro-file-map-0.81.5.tgz. Extracting by manifest.
353 silly tarball no local data for metro-cache@https://registry.npmjs.org/metro-cache/-/metro-cache-0.81.5.tgz. Extracting by manifest.
354 silly tarball no local data for metro-babel-transformer@https://registry.npmjs.org/metro-babel-transformer/-/metro-babel-transformer-0.81.5.tgz. Extracting by manifest.
355 silly tarball no local data for merge2@https://registry.npmjs.org/merge2/-/merge2-1.4.1.tgz. Extracting by manifest.
356 silly tarball no local data for merge-stream@https://registry.npmjs.org/merge-stream/-/merge-stream-2.0.0.tgz. Extracting by manifest.
357 silly tarball no local data for metro@https://registry.npmjs.org/metro/-/metro-0.81.5.tgz. Extracting by manifest.
358 silly tarball no local data for metro-cache-key@https://registry.npmjs.org/metro-cache-key/-/metro-cache-key-0.81.5.tgz. Extracting by manifest.
359 silly tarball no local data for merge-options@https://registry.npmjs.org/merge-options/-/merge-options-3.0.4.tgz. Extracting by manifest.
360 silly tarball no local data for memoize-one@https://registry.npmjs.org/memoize-one/-/memoize-one-5.2.1.tgz. Extracting by manifest.
361 silly tarball no local data for math-intrinsics@https://registry.npmjs.org/math-intrinsics/-/math-intrinsics-1.1.0.tgz. Extracting by manifest.
362 silly tarball no local data for md5-file@https://registry.npmjs.org/md5-file/-/md5-file-3.2.3.tgz. Extracting by manifest.
363 silly tarball no local data for marky@https://registry.npmjs.org/marky/-/marky-1.3.0.tgz. Extracting by manifest.
364 silly tarball no local data for makeerror@https://registry.npmjs.org/makeerror/-/makeerror-1.0.12.tgz. Extracting by manifest.
365 silly tarball no local data for md5@https://registry.npmjs.org/md5/-/md5-2.3.0.tgz. Extracting by manifest.
366 silly tarball no local data for make-dir@https://registry.npmjs.org/make-dir/-/make-dir-2.1.0.tgz. Extracting by manifest.
367 silly tarball no local data for lru-memoizer@https://registry.npmjs.org/lru-memoizer/-/lru-memoizer-3.0.0.tgz. Extracting by manifest.
368 silly tarball no local data for long@https://registry.npmjs.org/long/-/long-5.3.2.tgz. Extracting by manifest.
369 silly tarball no local data for loose-envify@https://registry.npmjs.org/loose-envify/-/loose-envify-1.4.0.tgz. Extracting by manifest.
370 silly tarball no local data for lodash.once@https://registry.npmjs.org/lodash.once/-/lodash.once-4.1.1.tgz. Extracting by manifest.
371 silly tarball no local data for log-symbols@https://registry.npmjs.org/log-symbols/-/log-symbols-2.2.0.tgz. Extracting by manifest.
372 silly tarball no local data for lodash.throttle@https://registry.npmjs.org/lodash.throttle/-/lodash.throttle-4.1.1.tgz. Extracting by manifest.
373 silly tarball no local data for lodash.isstring@https://registry.npmjs.org/lodash.isstring/-/lodash.isstring-4.0.1.tgz. Extracting by manifest.
374 silly tarball no local data for lru-cache@https://registry.npmjs.org/lru-cache/-/lru-cache-5.1.1.tgz. Extracting by manifest.
375 silly tarball no local data for lodash.isinteger@https://registry.npmjs.org/lodash.isinteger/-/lodash.isinteger-4.0.4.tgz. Extracting by manifest.
376 silly tarball no local data for lodash.isplainobject@https://registry.npmjs.org/lodash.isplainobject/-/lodash.isplainobject-4.0.6.tgz. Extracting by manifest.
377 silly tarball no local data for lodash.isnumber@https://registry.npmjs.org/lodash.isnumber/-/lodash.isnumber-3.0.3.tgz. Extracting by manifest.
378 silly tarball no local data for lodash.debounce@https://registry.npmjs.org/lodash.debounce/-/lodash.debounce-4.0.8.tgz. Extracting by manifest.
379 silly tarball no local data for lodash.includes@https://registry.npmjs.org/lodash.includes/-/lodash.includes-4.3.0.tgz. Extracting by manifest.
380 silly tarball no local data for lodash.isboolean@https://registry.npmjs.org/lodash.isboolean/-/lodash.isboolean-3.0.3.tgz. Extracting by manifest.
381 silly tarball no local data for lodash.camelcase@https://registry.npmjs.org/lodash.camelcase/-/lodash.camelcase-4.3.0.tgz. Extracting by manifest.
382 silly tarball no local data for lines-and-columns@https://registry.npmjs.org/lines-and-columns/-/lines-and-columns-1.2.4.tgz. Extracting by manifest.
383 silly tarball no local data for lodash.clonedeep@https://registry.npmjs.org/lodash.clonedeep/-/lodash.clonedeep-4.5.0.tgz. Extracting by manifest.
384 silly tarball no local data for limiter@https://registry.npmjs.org/limiter/-/limiter-1.1.5.tgz. Extracting by manifest.
385 silly tarball no local data for locate-path@https://registry.npmjs.org/locate-path/-/locate-path-6.0.0.tgz. Extracting by manifest.
386 silly tarball no local data for lightningcss@https://registry.npmjs.org/lightningcss/-/lightningcss-1.27.0.tgz. Extracting by manifest.
387 silly tarball no local data for lightningcss-win32-x64-msvc@https://registry.npmjs.org/lightningcss-win32-x64-msvc/-/lightningcss-win32-x64-msvc-1.27.0.tgz. Extracting by manifest.
388 silly tarball no local data for lighthouse-logger@https://registry.npmjs.org/lighthouse-logger/-/lighthouse-logger-1.4.2.tgz. Extracting by manifest.
389 silly tarball no local data for leven@https://registry.npmjs.org/leven/-/leven-3.1.0.tgz. Extracting by manifest.
390 silly tarball no local data for kind-of@https://registry.npmjs.org/kind-of/-/kind-of-6.0.3.tgz. Extracting by manifest.
391 silly tarball no local data for kleur@https://registry.npmjs.org/kleur/-/kleur-3.0.3.tgz. Extracting by manifest.
392 silly tarball no local data for jwks-rsa@https://registry.npmjs.org/jwks-rsa/-/jwks-rsa-4.1.0.tgz. Extracting by manifest.
393 silly tarball no local data for jwa@https://registry.npmjs.org/jwa/-/jwa-2.0.1.tgz. Extracting by manifest.
394 silly tarball no local data for jws@https://registry.npmjs.org/jws/-/jws-4.0.1.tgz. Extracting by manifest.
395 silly tarball no local data for jsonwebtoken@https://registry.npmjs.org/jsonwebtoken/-/jsonwebtoken-9.0.3.tgz. Extracting by manifest.
396 silly tarball no local data for json-schema-traverse@https://registry.npmjs.org/json-schema-traverse/-/json-schema-traverse-1.0.0.tgz. Extracting by manifest.
397 silly tarball no local data for jsonfile@https://registry.npmjs.org/jsonfile/-/jsonfile-4.0.0.tgz. Extracting by manifest.
398 silly tarball no local data for json-schema-to-ts@https://registry.npmjs.org/json-schema-to-ts/-/json-schema-to-ts-1.6.4.tgz. Extracting by manifest.
399 silly tarball no local data for json5@https://registry.npmjs.org/json5/-/json5-2.2.3.tgz. Extracting by manifest.
400 silly tarball no local data for json-parse-better-errors@https://registry.npmjs.org/json-parse-better-errors/-/json-parse-better-errors-1.0.2.tgz. Extracting by manifest.
401 silly tarball no local data for jsesc@https://registry.npmjs.org/jsesc/-/jsesc-3.1.0.tgz. Extracting by manifest.
402 silly tarball no local data for jscodeshift@https://registry.npmjs.org/jscodeshift/-/jscodeshift-0.14.0.tgz. Extracting by manifest.
403 silly tarball no local data for jsc-safe-url@https://registry.npmjs.org/jsc-safe-url/-/jsc-safe-url-0.2.4.tgz. Extracting by manifest.
404 silly tarball no local data for js-yaml@https://registry.npmjs.org/js-yaml/-/js-yaml-4.3.0.tgz. Extracting by manifest.
405 silly tarball no local data for json-bigint@https://registry.npmjs.org/json-bigint/-/json-bigint-1.0.0.tgz. Extracting by manifest.
406 silly tarball no local data for js-tokens@https://registry.npmjs.org/js-tokens/-/js-tokens-4.0.0.tgz. Extracting by manifest.
407 silly tarball no local data for join-component@https://registry.npmjs.org/join-component/-/join-component-1.1.0.tgz. Extracting by manifest.
408 silly tarball no local data for jsc-android@https://registry.npmjs.org/jsc-android/-/jsc-android-250231.0.0.tgz. Extracting by manifest.
409 silly tarball no local data for jimp-compact@https://registry.npmjs.org/jimp-compact/-/jimp-compact-0.16.1.tgz. Extracting by manifest.
410 silly tarball no local data for jest-worker@https://registry.npmjs.org/jest-worker/-/jest-worker-29.7.0.tgz. Extracting by manifest.
411 silly tarball no local data for jest-validate@https://registry.npmjs.org/jest-validate/-/jest-validate-29.7.0.tgz. Extracting by manifest.
412 silly tarball no local data for jest-regex-util@https://registry.npmjs.org/jest-regex-util/-/jest-regex-util-29.6.3.tgz. Extracting by manifest.
413 silly tarball no local data for jest-message-util@https://registry.npmjs.org/jest-message-util/-/jest-message-util-29.7.0.tgz. Extracting by manifest.
414 silly tarball no local data for jest-util@https://registry.npmjs.org/jest-util/-/jest-util-29.7.0.tgz. Extracting by manifest.
415 silly tarball no local data for jest-haste-map@https://registry.npmjs.org/jest-haste-map/-/jest-haste-map-29.7.0.tgz. Extracting by manifest.
416 silly tarball no local data for jest-mock@https://registry.npmjs.org/jest-mock/-/jest-mock-29.7.0.tgz. Extracting by manifest.
417 silly tarball no local data for jest-environment-node@https://registry.npmjs.org/jest-environment-node/-/jest-environment-node-29.7.0.tgz. Extracting by manifest.
418 silly tarball no local data for jackspeak@https://registry.npmjs.org/jackspeak/-/jackspeak-3.4.3.tgz. Extracting by manifest.
419 silly tarball no local data for jest-get-type@https://registry.npmjs.org/jest-get-type/-/jest-get-type-29.6.3.tgz. Extracting by manifest.
420 silly tarball no local data for isobject@https://registry.npmjs.org/isobject/-/isobject-3.0.1.tgz. Extracting by manifest.
421 silly tarball no local data for istanbul-lib-instrument@https://registry.npmjs.org/istanbul-lib-instrument/-/istanbul-lib-instrument-5.2.1.tgz. Extracting by manifest.
422 silly tarball no local data for istanbul-lib-coverage@https://registry.npmjs.org/istanbul-lib-coverage/-/istanbul-lib-coverage-3.2.2.tgz. Extracting by manifest.
423 silly tarball no local data for is-wsl@https://registry.npmjs.org/is-wsl/-/is-wsl-2.2.0.tgz. Extracting by manifest.
424 silly tarball no local data for is-unsafe@https://registry.npmjs.org/is-unsafe/-/is-unsafe-2.0.0.tgz. Extracting by manifest.
425 silly tarball no local data for isexe@https://registry.npmjs.org/isexe/-/isexe-2.0.0.tgz. Extracting by manifest.
426 silly tarball no local data for is-stream@https://registry.npmjs.org/is-stream/-/is-stream-1.1.0.tgz. Extracting by manifest.
427 silly tarball no local data for is-plain-obj@https://registry.npmjs.org/is-plain-obj/-/is-plain-obj-2.1.0.tgz. Extracting by manifest.
428 silly tarball no local data for is-plain-object@https://registry.npmjs.org/is-plain-object/-/is-plain-object-2.0.4.tgz. Extracting by manifest.
429 silly tarball no local data for is-path-inside@https://registry.npmjs.org/is-path-inside/-/is-path-inside-3.0.3.tgz. Extracting by manifest.
430 silly tarball no local data for is-path-cwd@https://registry.npmjs.org/is-path-cwd/-/is-path-cwd-2.2.0.tgz. Extracting by manifest.
431 silly tarball no local data for is-fullwidth-code-point@https://registry.npmjs.org/is-fullwidth-code-point/-/is-fullwidth-code-point-3.0.0.tgz. Extracting by manifest.
432 silly tarball no local data for is-number@https://registry.npmjs.org/is-number/-/is-number-7.0.0.tgz. Extracting by manifest.
433 silly tarball no local data for is-glob@https://registry.npmjs.org/is-glob/-/is-glob-4.0.3.tgz. Extracting by manifest.
434 silly tarball no local data for is-docker@https://registry.npmjs.org/is-docker/-/is-docker-2.2.1.tgz. Extracting by manifest.
435 silly tarball no local data for is-extglob@https://registry.npmjs.org/is-extglob/-/is-extglob-2.1.1.tgz. Extracting by manifest.
436 silly tarball no local data for is-core-module@https://registry.npmjs.org/is-core-module/-/is-core-module-2.16.2.tgz. Extracting by manifest.
437 silly tarball no local data for is-buffer@https://registry.npmjs.org/is-buffer/-/is-buffer-1.1.6.tgz. Extracting by manifest.
438 silly tarball no local data for is-directory@https://registry.npmjs.org/is-directory/-/is-directory-0.3.1.tgz. Extracting by manifest.
439 silly tarball no local data for ip-regex@https://registry.npmjs.org/ip-regex/-/ip-regex-2.1.0.tgz. Extracting by manifest.
440 silly tarball no local data for ipaddr.js@https://registry.npmjs.org/ipaddr.js/-/ipaddr.js-1.9.1.tgz. Extracting by manifest.
441 silly tarball no local data for is-arrayish@https://registry.npmjs.org/is-arrayish/-/is-arrayish-0.2.1.tgz. Extracting by manifest.
442 silly tarball no local data for inline-style-prefixer@https://registry.npmjs.org/inline-style-prefixer/-/inline-style-prefixer-6.0.4.tgz. Extracting by manifest.
443 silly tarball no local data for invariant@https://registry.npmjs.org/invariant/-/invariant-2.2.4.tgz. Extracting by manifest.
444 silly tarball no local data for internal-ip@https://registry.npmjs.org/internal-ip/-/internal-ip-4.3.0.tgz. Extracting by manifest.
445 silly tarball no local data for inherits@https://registry.npmjs.org/inherits/-/inherits-2.0.4.tgz. Extracting by manifest.
446 silly tarball no local data for ini@https://registry.npmjs.org/ini/-/ini-1.3.8.tgz. Extracting by manifest.
447 silly tarball no local data for indent-string@https://registry.npmjs.org/indent-string/-/indent-string-4.0.0.tgz. Extracting by manifest.
448 silly tarball no local data for inflight@https://registry.npmjs.org/inflight/-/inflight-1.0.6.tgz. Extracting by manifest.
449 silly tarball no local data for imurmurhash@https://registry.npmjs.org/imurmurhash/-/imurmurhash-0.1.4.tgz. Extracting by manifest.
450 silly tarball no local data for image-size@https://registry.npmjs.org/image-size/-/image-size-1.2.1.tgz. Extracting by manifest.
451 silly tarball no local data for ieee754@https://registry.npmjs.org/ieee754/-/ieee754-1.2.1.tgz. Extracting by manifest.
452 silly tarball no local data for ignore@https://registry.npmjs.org/ignore/-/ignore-5.3.2.tgz. Extracting by manifest.
453 silly tarball no local data for hyphenate-style-name@https://registry.npmjs.org/hyphenate-style-name/-/hyphenate-style-name-1.1.0.tgz. Extracting by manifest.
454 silly tarball no local data for import-fresh@https://registry.npmjs.org/import-fresh/-/import-fresh-2.0.0.tgz. Extracting by manifest.
455 silly tarball no local data for idb@https://registry.npmjs.org/idb/-/idb-7.1.1.tgz. Extracting by manifest.
456 silly tarball no local data for https-proxy-agent@https://registry.npmjs.org/https-proxy-agent/-/https-proxy-agent-7.0.6.tgz. Extracting by manifest.
457 silly tarball no local data for http-parser-js@https://registry.npmjs.org/http-parser-js/-/http-parser-js-0.5.10.tgz. Extracting by manifest.
458 silly tarball no local data for html-entities@https://registry.npmjs.org/html-entities/-/html-entities-2.6.0.tgz. Extracting by manifest.
459 silly tarball no local data for http-proxy-agent@https://registry.npmjs.org/http-proxy-agent/-/http-proxy-agent-5.0.0.tgz. Extracting by manifest.
460 silly tarball no local data for human-signals@https://registry.npmjs.org/human-signals/-/human-signals-2.1.0.tgz. Extracting by manifest.
461 silly tarball no local data for hermes-parser@https://registry.npmjs.org/hermes-parser/-/hermes-parser-0.23.1.tgz. Extracting by manifest.
462 silly tarball no local data for http-errors@https://registry.npmjs.org/http-errors/-/http-errors-2.0.1.tgz. Extracting by manifest.
463 silly tarball no local data for hosted-git-info@https://registry.npmjs.org/hosted-git-info/-/hosted-git-info-7.0.2.tgz. Extracting by manifest.
464 silly tarball no local data for has-symbols@https://registry.npmjs.org/has-symbols/-/has-symbols-1.1.0.tgz. Extracting by manifest.
465 silly tarball no local data for hermes-estree@https://registry.npmjs.org/hermes-estree/-/hermes-estree-0.23.1.tgz. Extracting by manifest.
466 silly tarball no local data for has-tostringtag@https://registry.npmjs.org/has-tostringtag/-/has-tostringtag-1.0.2.tgz. Extracting by manifest.
467 silly tarball no local data for hasown@https://registry.npmjs.org/hasown/-/hasown-2.0.4.tgz. Extracting by manifest.
468 silly tarball no local data for has-flag@https://registry.npmjs.org/has-flag/-/has-flag-4.0.0.tgz. Extracting by manifest.
469 silly tarball no local data for gtoken@https://registry.npmjs.org/gtoken/-/gtoken-7.1.0.tgz. Extracting by manifest.
470 silly tarball no local data for google-logging-utils@https://registry.npmjs.org/google-logging-utils/-/google-logging-utils-1.1.3.tgz. Extracting by manifest.
471 silly tarball no local data for gopd@https://registry.npmjs.org/gopd/-/gopd-1.2.0.tgz. Extracting by manifest.
472 silly tarball no local data for google-gax@https://registry.npmjs.org/google-gax/-/google-gax-5.0.8.tgz. Extracting by manifest.
473 silly tarball no local data for graceful-fs@https://registry.npmjs.org/graceful-fs/-/graceful-fs-4.2.11.tgz. Extracting by manifest.
474 silly tarball no local data for google-auth-library@https://registry.npmjs.org/google-auth-library/-/google-auth-library-10.9.1.tgz. Extracting by manifest.
475 silly tarball no local data for glob-parent@https://registry.npmjs.org/glob-parent/-/glob-parent-5.1.2.tgz. Extracting by manifest.
476 silly tarball no local data for globby@https://registry.npmjs.org/globby/-/globby-11.1.0.tgz. Extracting by manifest.
477 silly tarball no local data for getenv@https://registry.npmjs.org/getenv/-/getenv-1.0.0.tgz. Extracting by manifest.
478 silly tarball no local data for get-tsconfig@https://registry.npmjs.org/get-tsconfig/-/get-tsconfig-4.14.0.tgz. Extracting by manifest.
479 silly tarball no local data for glob@https://registry.npmjs.org/glob/-/glob-10.5.0.tgz. Extracting by manifest.
480 silly tarball no local data for get-proto@https://registry.npmjs.org/get-proto/-/get-proto-1.0.1.tgz. Extracting by manifest.
481 silly tarball no local data for get-package-type@https://registry.npmjs.org/get-package-type/-/get-package-type-0.1.0.tgz. Extracting by manifest.
482 silly tarball no local data for get-caller-file@https://registry.npmjs.org/get-caller-file/-/get-caller-file-2.0.5.tgz. Extracting by manifest.
483 silly tarball no local data for get-stream@https://registry.npmjs.org/get-stream/-/get-stream-4.1.0.tgz. Extracting by manifest.
484 silly tarball no local data for get-intrinsic@https://registry.npmjs.org/get-intrinsic/-/get-intrinsic-1.3.0.tgz. Extracting by manifest.
485 silly tarball no local data for gensync@https://registry.npmjs.org/gensync/-/gensync-1.0.0-beta.2.tgz. Extracting by manifest.
486 silly tarball no local data for gcp-metadata@https://registry.npmjs.org/gcp-metadata/-/gcp-metadata-8.1.2.tgz. Extracting by manifest.
487 silly tarball no local data for function-bind@https://registry.npmjs.org/function-bind/-/function-bind-1.1.2.tgz. Extracting by manifest.
488 silly tarball no local data for gaxios@https://registry.npmjs.org/gaxios/-/gaxios-6.7.1.tgz. Extracting by manifest.
489 silly tarball no local data for fs.realpath@https://registry.npmjs.org/fs.realpath/-/fs.realpath-1.0.0.tgz. Extracting by manifest.
490 silly tarball no local data for functional-red-black-tree@https://registry.npmjs.org/functional-red-black-tree/-/functional-red-black-tree-1.0.1.tgz. Extracting by manifest.
491 silly tarball no local data for fs-minipass@https://registry.npmjs.org/fs-minipass/-/fs-minipass-3.0.3.tgz. Extracting by manifest.
492 silly tarball no local data for fresh@https://registry.npmjs.org/fresh/-/fresh-0.5.2.tgz. Extracting by manifest.
493 silly tarball no local data for formdata-polyfill@https://registry.npmjs.org/formdata-polyfill/-/formdata-polyfill-4.0.10.tgz. Extracting by manifest.
494 silly tarball no local data for fs-extra@https://registry.npmjs.org/fs-extra/-/fs-extra-8.1.0.tgz. Extracting by manifest.
495 silly tarball no local data for form-data@https://registry.npmjs.org/form-data/-/form-data-3.0.5.tgz. Extracting by manifest.
496 silly tarball no local data for freeport-async@https://registry.npmjs.org/freeport-async/-/freeport-async-2.0.0.tgz. Extracting by manifest.
497 silly tarball no local data for foreground-child@https://registry.npmjs.org/foreground-child/-/foreground-child-3.3.1.tgz. Extracting by manifest.
498 silly tarball no local data for fontfaceobserver@https://registry.npmjs.org/fontfaceobserver/-/fontfaceobserver-2.3.0.tgz. Extracting by manifest.
499 silly tarball no local data for flow-enums-runtime@https://registry.npmjs.org/flow-enums-runtime/-/flow-enums-runtime-0.0.6.tgz. Extracting by manifest.
500 silly tarball no local data for flow-parser@https://registry.npmjs.org/flow-parser/-/flow-parser-0.324.0.tgz. Extracting by manifest.
501 silly tarball no local data for firebase-admin@https://registry.npmjs.org/firebase-admin/-/firebase-admin-14.2.0.tgz. Extracting by manifest.
502 silly tarball no local data for flow-estree@https://registry.npmjs.org/flow-estree/-/flow-estree-0.324.0.tgz. Extracting by manifest.
503 silly tarball no local data for firebase@https://registry.npmjs.org/firebase/-/firebase-10.14.1.tgz. Extracting by manifest.
504 silly tarball no local data for find-cache-dir@https://registry.npmjs.org/find-cache-dir/-/find-cache-dir-2.1.0.tgz. Extracting by manifest.
505 silly tarball no local data for find-up@https://registry.npmjs.org/find-up/-/find-up-5.0.0.tgz. Extracting by manifest.
506 silly tarball no local data for filter-obj@https://registry.npmjs.org/filter-obj/-/filter-obj-1.1.0.tgz. Extracting by manifest.
507 silly tarball no local data for finalhandler@https://registry.npmjs.org/finalhandler/-/finalhandler-1.1.2.tgz. Extracting by manifest.
508 silly tarball no local data for fill-range@https://registry.npmjs.org/fill-range/-/fill-range-7.1.1.tgz. Extracting by manifest.
509 silly tarball no local data for fetch-retry@https://registry.npmjs.org/fetch-retry/-/fetch-retry-4.1.1.tgz. Extracting by manifest.
510 silly tarball no local data for fbjs-css-vars@https://registry.npmjs.org/fbjs-css-vars/-/fbjs-css-vars-1.0.2.tgz. Extracting by manifest.
511 silly tarball no local data for file-uri-to-path@https://registry.npmjs.org/file-uri-to-path/-/file-uri-to-path-1.0.0.tgz. Extracting by manifest.
512 silly tarball no local data for fbjs@https://registry.npmjs.org/fbjs/-/fbjs-3.0.5.tgz. Extracting by manifest.
513 silly tarball no local data for fetch-blob@https://registry.npmjs.org/fetch-blob/-/fetch-blob-3.2.0.tgz. Extracting by manifest.
514 silly tarball no local data for fbemitter@https://registry.npmjs.org/fbemitter/-/fbemitter-3.0.0.tgz. Extracting by manifest.
515 silly tarball no local data for faye-websocket@https://registry.npmjs.org/faye-websocket/-/faye-websocket-0.11.4.tgz. Extracting by manifest.
516 silly tarball no local data for fb-watchman@https://registry.npmjs.org/fb-watchman/-/fb-watchman-2.0.2.tgz. Extracting by manifest.
517 silly tarball no local data for fast-xml-builder@https://registry.npmjs.org/fast-xml-builder/-/fast-xml-builder-1.3.0.tgz. Extracting by manifest.
518 silly tarball no local data for fastq@https://registry.npmjs.org/fastq/-/fastq-1.20.1.tgz. Extracting by manifest.
519 silly tarball no local data for fast-xml-parser@https://registry.npmjs.org/fast-xml-parser/-/fast-xml-parser-5.10.1.tgz. Extracting by manifest.
520 silly tarball no local data for fast-loops@https://registry.npmjs.org/fast-loops/-/fast-loops-1.1.4.tgz. Extracting by manifest.
521 silly tarball no local data for fast-glob@https://registry.npmjs.org/fast-glob/-/fast-glob-3.3.3.tgz. Extracting by manifest.
522 silly tarball no local data for extend@https://registry.npmjs.org/extend/-/extend-3.0.2.tgz. Extracting by manifest.
523 silly tarball no local data for fast-json-stable-stringify@https://registry.npmjs.org/fast-json-stable-stringify/-/fast-json-stable-stringify-2.1.0.tgz. Extracting by manifest.
524 silly tarball no local data for fast-uri@https://registry.npmjs.org/fast-uri/-/fast-uri-3.1.4.tgz. Extracting by manifest.
525 silly tarball no local data for exponential-backoff@https://registry.npmjs.org/exponential-backoff/-/exponential-backoff-3.1.3.tgz. Extracting by manifest.
526 silly tarball no local data for fast-deep-equal@https://registry.npmjs.org/fast-deep-equal/-/fast-deep-equal-3.1.3.tgz. Extracting by manifest.
527 silly tarball no local data for expo-router@https://registry.npmjs.org/expo-router/-/expo-router-4.0.22.tgz. Extracting by manifest.
528 silly tarball no local data for expo-modules-autolinking@https://registry.npmjs.org/expo-modules-autolinking/-/expo-modules-autolinking-2.0.8.tgz. Extracting by manifest.
529 silly tarball no local data for expo-modules-core@https://registry.npmjs.org/expo-modules-core/-/expo-modules-core-2.2.3.tgz. Extracting by manifest.
530 silly tarball no local data for expo-linking@https://registry.npmjs.org/expo-linking/-/expo-linking-7.0.5.tgz. Extracting by manifest.
531 silly tarball no local data for expo-status-bar@https://registry.npmjs.org/expo-status-bar/-/expo-status-bar-2.0.1.tgz. Extracting by manifest.
532 silly tarball no local data for expo-image-picker@https://registry.npmjs.org/expo-image-picker/-/expo-image-picker-16.0.6.tgz. Extracting by manifest.
533 silly tarball no local data for expo-image-loader@https://registry.npmjs.org/expo-image-loader/-/expo-image-loader-5.0.0.tgz. Extracting by manifest.
534 silly tarball no local data for expo-linear-gradient@https://registry.npmjs.org/expo-linear-gradient/-/expo-linear-gradient-14.0.2.tgz. Extracting by manifest.
535 silly tarball no local data for expo-asset@https://registry.npmjs.org/expo-asset/-/expo-asset-11.0.5.tgz. Extracting by manifest.
536 silly tarball no local data for expo-constants@https://registry.npmjs.org/expo-constants/-/expo-constants-17.0.8.tgz. Extracting by manifest.
537 silly tarball no local data for expo-font@https://registry.npmjs.org/expo-font/-/expo-font-13.0.4.tgz. Extracting by manifest.
538 silly tarball no local data for execa@https://registry.npmjs.org/execa/-/execa-1.0.0.tgz. Extracting by manifest.
539 silly tarball no local data for event-target-shim@https://registry.npmjs.org/event-target-shim/-/event-target-shim-5.0.1.tgz. Extracting by manifest.
540 silly tarball no local data for expo@https://registry.npmjs.org/expo/-/expo-52.0.49.tgz. Extracting by manifest.
541 silly tarball no local data for esutils@https://registry.npmjs.org/esutils/-/esutils-2.0.3.tgz. Extracting by manifest.
542 silly tarball no local data for estree-walker@https://registry.npmjs.org/estree-walker/-/estree-walker-2.0.2.tgz. Extracting by manifest.
543 silly tarball no local data for etag@https://registry.npmjs.org/etag/-/etag-1.8.1.tgz. Extracting by manifest.
544 silly tarball no local data for escape-string-regexp@https://registry.npmjs.org/escape-string-regexp/-/escape-string-regexp-4.0.0.tgz. Extracting by manifest.
545 silly tarball no local data for escape-html@https://registry.npmjs.org/escape-html/-/escape-html-1.0.3.tgz. Extracting by manifest.
546 silly tarball no local data for esprima@https://registry.npmjs.org/esprima/-/esprima-4.0.1.tgz. Extracting by manifest.
547 silly tarball no local data for esbuild@https://registry.npmjs.org/esbuild/-/esbuild-0.27.0.tgz. Extracting by manifest.
548 silly tarball no local data for es-set-tostringtag@https://registry.npmjs.org/es-set-tostringtag/-/es-set-tostringtag-2.1.0.tgz. Extracting by manifest.
549 silly tarball no local data for escalade@https://registry.npmjs.org/escalade/-/escalade-3.2.0.tgz. Extracting by manifest.
550 silly tarball no local data for es-module-lexer@https://registry.npmjs.org/es-module-lexer/-/es-module-lexer-1.4.1.tgz. Extracting by manifest.
551 silly tarball no local data for es-object-atoms@https://registry.npmjs.org/es-object-atoms/-/es-object-atoms-1.1.2.tgz. Extracting by manifest.
552 silly tarball no local data for es-errors@https://registry.npmjs.org/es-errors/-/es-errors-1.3.0.tgz. Extracting by manifest.
553 silly tarball no local data for error-stack-parser@https://registry.npmjs.org/error-stack-parser/-/error-stack-parser-2.1.4.tgz. Extracting by manifest.
554 silly tarball no local data for es-define-property@https://registry.npmjs.org/es-define-property/-/es-define-property-1.0.1.tgz. Extracting by manifest.
555 silly tarball no local data for env-editor@https://registry.npmjs.org/env-editor/-/env-editor-0.4.2.tgz. Extracting by manifest.
556 silly tarball no local data for error-ex@https://registry.npmjs.org/error-ex/-/error-ex-1.3.4.tgz. Extracting by manifest.
557 silly tarball no local data for end-of-stream@https://registry.npmjs.org/end-of-stream/-/end-of-stream-1.4.5.tgz. Extracting by manifest.
558 silly tarball no local data for emoji-regex@https://registry.npmjs.org/emoji-regex/-/emoji-regex-9.2.2.tgz. Extracting by manifest.
559 silly tarball no local data for edge-runtime@https://registry.npmjs.org/edge-runtime/-/edge-runtime-2.5.9.tgz. Extracting by manifest.
560 silly tarball no local data for encodeurl@https://registry.npmjs.org/encodeurl/-/encodeurl-1.0.2.tgz. Extracting by manifest.
561 silly tarball no local data for ee-first@https://registry.npmjs.org/ee-first/-/ee-first-1.1.1.tgz. Extracting by manifest.
562 silly tarball no local data for electron-to-chromium@https://registry.npmjs.org/electron-to-chromium/-/electron-to-chromium-1.5.398.tgz. Extracting by manifest.
563 silly tarball no local data for ecdsa-sig-formatter@https://registry.npmjs.org/ecdsa-sig-formatter/-/ecdsa-sig-formatter-1.0.11.tgz. Extracting by manifest.
564 silly tarball no local data for dunder-proto@https://registry.npmjs.org/dunder-proto/-/dunder-proto-1.0.1.tgz. Extracting by manifest.
565 silly tarball no local data for eastasianwidth@https://registry.npmjs.org/eastasianwidth/-/eastasianwidth-0.2.0.tgz. Extracting by manifest.
566 silly tarball no local data for dotenv-expand@https://registry.npmjs.org/dotenv-expand/-/dotenv-expand-11.0.7.tgz. Extracting by manifest.
567 silly tarball no local data for dotenv@https://registry.npmjs.org/dotenv/-/dotenv-16.4.7.tgz. Extracting by manifest.
568 silly tarball no local data for duplexify@https://registry.npmjs.org/duplexify/-/duplexify-4.1.3.tgz. Extracting by manifest.
569 silly tarball no local data for dir-glob@https://registry.npmjs.org/dir-glob/-/dir-glob-3.0.1.tgz. Extracting by manifest.
570 silly tarball no local data for detect-libc@https://registry.npmjs.org/detect-libc/-/detect-libc-1.0.3.tgz. Extracting by manifest.
571 silly tarball no local data for destroy@https://registry.npmjs.org/destroy/-/destroy-1.2.0.tgz. Extracting by manifest.
572 silly tarball no local data for depd@https://registry.npmjs.org/depd/-/depd-2.0.0.tgz. Extracting by manifest.
573 silly tarball no local data for delayed-stream@https://registry.npmjs.org/delayed-stream/-/delayed-stream-1.0.0.tgz. Extracting by manifest.
574 silly tarball no local data for del@https://registry.npmjs.org/del/-/del-6.1.1.tgz. Extracting by manifest.
575 silly tarball no local data for defaults@https://registry.npmjs.org/defaults/-/defaults-1.0.4.tgz. Extracting by manifest.
576 silly tarball no local data for deep-extend@https://registry.npmjs.org/deep-extend/-/deep-extend-0.6.0.tgz. Extracting by manifest.
577 silly tarball no local data for define-lazy-prop@https://registry.npmjs.org/define-lazy-prop/-/define-lazy-prop-2.0.0.tgz. Extracting by manifest.
578 silly tarball no local data for deepmerge@https://registry.npmjs.org/deepmerge/-/deepmerge-4.3.1.tgz. Extracting by manifest.
579 silly tarball no local data for default-gateway@https://registry.npmjs.org/default-gateway/-/default-gateway-4.2.0.tgz. Extracting by manifest.
580 silly tarball no local data for decode-uri-component@https://registry.npmjs.org/decode-uri-component/-/decode-uri-component-0.2.2.tgz. Extracting by manifest.
581 silly tarball no local data for data-uri-to-buffer@https://registry.npmjs.org/data-uri-to-buffer/-/data-uri-to-buffer-4.0.1.tgz. Extracting by manifest.
582 silly tarball no local data for debug@https://registry.npmjs.org/debug/-/debug-4.4.3.tgz. Extracting by manifest.
583 silly tarball no local data for css-in-js-utils@https://registry.npmjs.org/css-in-js-utils/-/css-in-js-utils-3.1.0.tgz. Extracting by manifest.
584 silly tarball no local data for csstype@https://registry.npmjs.org/csstype/-/csstype-3.2.3.tgz. Extracting by manifest.
585 silly tarball no local data for crypt@https://registry.npmjs.org/crypt/-/crypt-0.0.2.tgz. Extracting by manifest.
586 silly tarball no local data for cross-spawn@https://registry.npmjs.org/cross-spawn/-/cross-spawn-7.0.6.tgz. Extracting by manifest.
587 silly tarball no local data for cosmiconfig@https://registry.npmjs.org/cosmiconfig/-/cosmiconfig-5.2.1.tgz. Extracting by manifest.
588 silly tarball no local data for crypto-random-string@https://registry.npmjs.org/crypto-random-string/-/crypto-random-string-2.0.0.tgz. Extracting by manifest.
589 silly tarball no local data for core-js-compat@https://registry.npmjs.org/core-js-compat/-/core-js-compat-3.49.0.tgz. Extracting by manifest.
590 silly tarball no local data for cross-fetch@https://registry.npmjs.org/cross-fetch/-/cross-fetch-3.2.0.tgz. Extracting by manifest.
591 silly tarball no local data for convert-source-map@https://registry.npmjs.org/convert-source-map/-/convert-source-map-2.0.0.tgz. Extracting by manifest.
592 silly tarball no local data for consola@https://registry.npmjs.org/consola/-/consola-3.4.2.tgz. Extracting by manifest.
593 silly tarball no local data for convert-hrtime@https://registry.npmjs.org/convert-hrtime/-/convert-hrtime-3.0.0.tgz. Extracting by manifest.
594 silly tarball no local data for concat-map@https://registry.npmjs.org/concat-map/-/concat-map-0.0.1.tgz. Extracting by manifest.
595 silly tarball no local data for compression@https://registry.npmjs.org/compression/-/compression-1.8.1.tgz. Extracting by manifest.
596 silly tarball no local data for connect@https://registry.npmjs.org/connect/-/connect-3.7.0.tgz. Extracting by manifest.
597 silly tarball no local data for commondir@https://registry.npmjs.org/commondir/-/commondir-1.0.1.tgz. Extracting by manifest.
598 silly tarball no local data for compressible@https://registry.npmjs.org/compressible/-/compressible-2.0.18.tgz. Extracting by manifest.
599 silly tarball no local data for color-string@https://registry.npmjs.org/color-string/-/color-string-1.9.1.tgz. Extracting by manifest.
600 silly tarball no local data for combined-stream@https://registry.npmjs.org/combined-stream/-/combined-stream-1.0.8.tgz. Extracting by manifest.
601 silly tarball no local data for commander@https://registry.npmjs.org/commander/-/commander-7.2.0.tgz. Extracting by manifest.
602 silly tarball no local data for component-type@https://registry.npmjs.org/component-type/-/component-type-1.2.2.tgz. Extracting by manifest.
603 silly tarball no local data for color-name@https://registry.npmjs.org/color-name/-/color-name-1.1.4.tgz. Extracting by manifest.
604 silly tarball no local data for color-convert@https://registry.npmjs.org/color-convert/-/color-convert-2.0.1.tgz. Extracting by manifest.
605 silly tarball no local data for clone-deep@https://registry.npmjs.org/clone-deep/-/clone-deep-4.0.1.tgz. Extracting by manifest.
606 silly tarball no local data for clone@https://registry.npmjs.org/clone/-/clone-1.0.4.tgz. Extracting by manifest.
607 silly tarball no local data for code-block-writer@https://registry.npmjs.org/code-block-writer/-/code-block-writer-10.1.1.tgz. Extracting by manifest.
608 silly tarball no local data for color@https://registry.npmjs.org/color/-/color-4.2.3.tgz. Extracting by manifest.
609 silly tarball no local data for cliui@https://registry.npmjs.org/cliui/-/cliui-8.0.1.tgz. Extracting by manifest.
610 silly tarball no local data for client-only@https://registry.npmjs.org/client-only/-/client-only-0.0.1.tgz. Extracting by manifest.
611 silly tarball no local data for clean-stack@https://registry.npmjs.org/clean-stack/-/clean-stack-2.2.0.tgz. Extracting by manifest.
612 silly tarball no local data for cli-spinners@https://registry.npmjs.org/cli-spinners/-/cli-spinners-2.9.2.tgz. Extracting by manifest.
613 silly tarball no local data for cli-cursor@https://registry.npmjs.org/cli-cursor/-/cli-cursor-2.1.0.tgz. Extracting by manifest.
614 silly tarball no local data for ci-info@https://registry.npmjs.org/ci-info/-/ci-info-3.9.0.tgz. Extracting by manifest.
615 silly tarball no local data for cjs-module-lexer@https://registry.npmjs.org/cjs-module-lexer/-/cjs-module-lexer-1.2.3.tgz. Extracting by manifest.
616 silly tarball no local data for charenc@https://registry.npmjs.org/charenc/-/charenc-0.0.2.tgz. Extracting by manifest.
617 silly tarball no local data for chromium-edge-launcher@https://registry.npmjs.org/chromium-edge-launcher/-/chromium-edge-launcher-0.2.0.tgz. Extracting by manifest.
618 silly tarball no local data for chownr@https://registry.npmjs.org/chownr/-/chownr-2.0.0.tgz. Extracting by manifest.
619 silly tarball no local data for chrome-launcher@https://registry.npmjs.org/chrome-launcher/-/chrome-launcher-0.15.2.tgz. Extracting by manifest.
620 silly tarball no local data for chalk@https://registry.npmjs.org/chalk/-/chalk-4.1.2.tgz. Extracting by manifest.
621 silly tarball no local data for camelcase@https://registry.npmjs.org/camelcase/-/camelcase-5.3.1.tgz. Extracting by manifest.
622 silly tarball no local data for caller-path@https://registry.npmjs.org/caller-path/-/caller-path-2.0.0.tgz. Extracting by manifest.
623 silly tarball no local data for caniuse-lite@https://registry.npmjs.org/caniuse-lite/-/caniuse-lite-1.0.30001806.tgz. Extracting by manifest.
624 silly tarball no local data for callsites@https://registry.npmjs.org/callsites/-/callsites-2.0.0.tgz. Extracting by manifest.
625 silly tarball no local data for caller-callsite@https://registry.npmjs.org/caller-callsite/-/caller-callsite-2.0.0.tgz. Extracting by manifest.
626 silly tarball no local data for call-bind-apply-helpers@https://registry.npmjs.org/call-bind-apply-helpers/-/call-bind-apply-helpers-1.0.2.tgz. Extracting by manifest.
627 silly tarball no local data for buffer-from@https://registry.npmjs.org/buffer-from/-/buffer-from-1.1.2.tgz. Extracting by manifest.
628 silly tarball no local data for buffer-fill@https://registry.npmjs.org/buffer-fill/-/buffer-fill-1.0.0.tgz. Extracting by manifest.
629 silly tarball no local data for cacache@https://registry.npmjs.org/cacache/-/cacache-18.0.4.tgz. Extracting by manifest.
630 silly tarball no local data for bytes@https://registry.npmjs.org/bytes/-/bytes-3.1.2.tgz. Extracting by manifest.
631 silly tarball no local data for buffer-alloc@https://registry.npmjs.org/buffer-alloc/-/buffer-alloc-1.2.0.tgz. Extracting by manifest.
632 silly tarball no local data for buffer-equal-constant-time@https://registry.npmjs.org/buffer-equal-constant-time/-/buffer-equal-constant-time-1.0.1.tgz. Extracting by manifest.
633 silly tarball no local data for bser@https://registry.npmjs.org/bser/-/bser-2.1.1.tgz. Extracting by manifest.
634 silly tarball no local data for browserslist@https://registry.npmjs.org/browserslist/-/browserslist-4.28.7.tgz. Extracting by manifest.
635 silly tarball no local data for buffer@https://registry.npmjs.org/buffer/-/buffer-5.7.1.tgz. Extracting by manifest.
636 silly tarball no local data for braces@https://registry.npmjs.org/braces/-/braces-3.0.3.tgz. Extracting by manifest.
637 silly tarball no local data for buffer-alloc-unsafe@https://registry.npmjs.org/buffer-alloc-unsafe/-/buffer-alloc-unsafe-1.1.0.tgz. Extracting by manifest.
638 silly tarball no local data for brace-expansion@https://registry.npmjs.org/brace-expansion/-/brace-expansion-1.1.16.tgz. Extracting by manifest.
639 silly tarball no local data for bplist-creator@https://registry.npmjs.org/bplist-creator/-/bplist-creator-0.0.7.tgz. Extracting by manifest.
640 silly tarball no local data for bindings@https://registry.npmjs.org/bindings/-/bindings-1.5.0.tgz. Extracting by manifest.
641 silly tarball no local data for bplist-parser@https://registry.npmjs.org/bplist-parser/-/bplist-parser-0.3.2.tgz. Extracting by manifest.
642 silly tarball no local data for bignumber.js@https://registry.npmjs.org/bignumber.js/-/bignumber.js-9.3.1.tgz. Extracting by manifest.
643 silly tarball no local data for big-integer@https://registry.npmjs.org/big-integer/-/big-integer-1.6.52.tgz. Extracting by manifest.
644 silly tarball no local data for bowser@https://registry.npmjs.org/bowser/-/bowser-2.14.1.tgz. Extracting by manifest.
645 silly tarball no local data for base64-js@https://registry.npmjs.org/base64-js/-/base64-js-1.5.1.tgz. Extracting by manifest.
646 silly tarball no local data for better-opn@https://registry.npmjs.org/better-opn/-/better-opn-3.0.2.tgz. Extracting by manifest.
647 silly tarball no local data for baseline-browser-mapping@https://registry.npmjs.org/baseline-browser-mapping/-/baseline-browser-mapping-2.11.6.tgz. Extracting by manifest.
648 silly tarball no local data for balanced-match@https://registry.npmjs.org/balanced-match/-/balanced-match-1.0.2.tgz. Extracting by manifest.
649 silly tarball no local data for babel-preset-current-node-syntax@https://registry.npmjs.org/babel-preset-current-node-syntax/-/babel-preset-current-node-syntax-1.2.0.tgz. Extracting by manifest.
650 silly tarball no local data for babel-preset-expo@https://registry.npmjs.org/babel-preset-expo/-/babel-preset-expo-12.0.12.tgz. Extracting by manifest.
651 silly tarball no local data for babel-plugin-transform-flow-enums@https://registry.npmjs.org/babel-plugin-transform-flow-enums/-/babel-plugin-transform-flow-enums-0.0.2.tgz. Extracting by manifest.
652 silly tarball no local data for babel-plugin-react-native-web@https://registry.npmjs.org/babel-plugin-react-native-web/-/babel-plugin-react-native-web-0.19.13.tgz. Extracting by manifest.
653 silly tarball no local data for babel-preset-jest@https://registry.npmjs.org/babel-preset-jest/-/babel-preset-jest-29.6.3.tgz. Extracting by manifest.
654 silly tarball no local data for babel-plugin-polyfill-regenerator@https://registry.npmjs.org/babel-plugin-polyfill-regenerator/-/babel-plugin-polyfill-regenerator-0.6.8.tgz. Extracting by manifest.
655 silly tarball no local data for babel-plugin-syntax-hermes-parser@https://registry.npmjs.org/babel-plugin-syntax-hermes-parser/-/babel-plugin-syntax-hermes-parser-0.25.1.tgz. Extracting by manifest.
656 silly tarball no local data for babel-plugin-polyfill-corejs3@https://registry.npmjs.org/babel-plugin-polyfill-corejs3/-/babel-plugin-polyfill-corejs3-0.13.0.tgz. Extracting by manifest.
657 silly tarball no local data for babel-plugin-istanbul@https://registry.npmjs.org/babel-plugin-istanbul/-/babel-plugin-istanbul-6.1.1.tgz. Extracting by manifest.
658 silly tarball no local data for babel-plugin-jest-hoist@https://registry.npmjs.org/babel-plugin-jest-hoist/-/babel-plugin-jest-hoist-29.6.3.tgz. Extracting by manifest.
659 silly tarball no local data for babel-plugin-polyfill-corejs2@https://registry.npmjs.org/babel-plugin-polyfill-corejs2/-/babel-plugin-polyfill-corejs2-0.4.17.tgz. Extracting by manifest.
660 silly tarball no local data for at-least-node@https://registry.npmjs.org/at-least-node/-/at-least-node-1.0.0.tgz. Extracting by manifest.
661 silly tarball no local data for babel-core@https://registry.npmjs.org/babel-core/-/babel-core-7.0.0-bridge.0.tgz. Extracting by manifest.
662 silly tarball no local data for async-sema@https://registry.npmjs.org/async-sema/-/async-sema-3.1.1.tgz. Extracting by manifest.
663 silly tarball no local data for asynckit@https://registry.npmjs.org/asynckit/-/asynckit-0.4.0.tgz. Extracting by manifest.
664 silly tarball no local data for babel-jest@https://registry.npmjs.org/babel-jest/-/babel-jest-29.7.0.tgz. Extracting by manifest.
665 silly tarball no local data for async-retry@https://registry.npmjs.org/async-retry/-/async-retry-1.3.3.tgz. Extracting by manifest.
666 silly tarball no local data for async-listen@https://registry.npmjs.org/async-listen/-/async-listen-3.0.0.tgz. Extracting by manifest.
667 silly tarball no local data for arrify@https://registry.npmjs.org/arrify/-/arrify-2.0.1.tgz. Extracting by manifest.
668 silly tarball no local data for asap@https://registry.npmjs.org/asap/-/asap-2.0.6.tgz. Extracting by manifest.
669 silly tarball no local data for ast-types@https://registry.npmjs.org/ast-types/-/ast-types-0.15.2.tgz. Extracting by manifest.
670 silly tarball no local data for array-union@https://registry.npmjs.org/array-union/-/array-union-2.1.0.tgz. Extracting by manifest.
671 silly tarball no local data for async-limiter@https://registry.npmjs.org/async-limiter/-/async-limiter-1.0.1.tgz. Extracting by manifest.
672 silly tarball no local data for arg@https://registry.npmjs.org/arg/-/arg-5.0.2.tgz. Extracting by manifest.
673 silly tarball no local data for anynum@https://registry.npmjs.org/anynum/-/anynum-1.0.1.tgz. Extracting by manifest.
674 silly tarball no local data for argparse@https://registry.npmjs.org/argparse/-/argparse-2.0.1.tgz. Extracting by manifest.
675 silly tarball no local data for ansi-styles@https://registry.npmjs.org/ansi-styles/-/ansi-styles-4.3.0.tgz. Extracting by manifest.
676 silly tarball no local data for anymatch@https://registry.npmjs.org/anymatch/-/anymatch-3.1.3.tgz. Extracting by manifest.
677 silly tarball no local data for any-promise@https://registry.npmjs.org/any-promise/-/any-promise-1.3.0.tgz. Extracting by manifest.
678 silly tarball no local data for anser@https://registry.npmjs.org/anser/-/anser-1.4.10.tgz. Extracting by manifest.
679 silly tarball no local data for ajv-keywords@https://registry.npmjs.org/ajv-keywords/-/ajv-keywords-5.1.0.tgz. Extracting by manifest.
680 silly tarball no local data for ansi-regex@https://registry.npmjs.org/ansi-regex/-/ansi-regex-5.0.1.tgz. Extracting by manifest.
681 silly tarball no local data for ajv-formats@https://registry.npmjs.org/ajv-formats/-/ajv-formats-2.1.1.tgz. Extracting by manifest.
682 silly tarball no local data for ajv@https://registry.npmjs.org/ajv/-/ajv-8.20.0.tgz. Extracting by manifest.
683 silly tarball no local data for ansi-escapes@https://registry.npmjs.org/ansi-escapes/-/ansi-escapes-4.3.2.tgz. Extracting by manifest.
684 silly tarball no local data for acorn-import-attributes@https://registry.npmjs.org/acorn-import-attributes/-/acorn-import-attributes-1.9.5.tgz. Extracting by manifest.
685 silly tarball no local data for agent-base@https://registry.npmjs.org/agent-base/-/agent-base-7.1.4.tgz. Extracting by manifest.
686 silly tarball no local data for accepts@https://registry.npmjs.org/accepts/-/accepts-1.3.8.tgz. Extracting by manifest.
687 silly tarball no local data for aggregate-error@https://registry.npmjs.org/aggregate-error/-/aggregate-error-3.1.0.tgz. Extracting by manifest.
688 silly tarball no local data for @xmldom/xmldom@https://registry.npmjs.org/@xmldom/xmldom/-/xmldom-0.7.13.tgz. Extracting by manifest.
689 silly tarball no local data for acorn@https://registry.npmjs.org/acorn/-/acorn-8.18.0.tgz. Extracting by manifest.
690 silly tarball no local data for @vercel/node@https://registry.npmjs.org/@vercel/node/-/node-5.9.3.tgz. Extracting by manifest.
691 silly tarball no local data for abort-controller@https://registry.npmjs.org/abort-controller/-/abort-controller-3.0.0.tgz. Extracting by manifest.
692 silly tarball no local data for @vercel/python-analysis@https://registry.npmjs.org/@vercel/python-analysis/-/python-analysis-0.12.0.tgz. Extracting by manifest.
693 silly tarball no local data for @vercel/static-config@https://registry.npmjs.org/@vercel/static-config/-/static-config-3.4.0.tgz. Extracting by manifest.
694 silly tarball no local data for @urql/core@https://registry.npmjs.org/@urql/core/-/core-5.2.0.tgz. Extracting by manifest.
695 silly tarball no local data for abbrev@https://registry.npmjs.org/abbrev/-/abbrev-3.0.1.tgz. Extracting by manifest.
696 silly tarball no local data for @types/yargs-parser@https://registry.npmjs.org/@types/yargs-parser/-/yargs-parser-21.0.3.tgz. Extracting by manifest.
697 silly tarball no local data for @vercel/nft@https://registry.npmjs.org/@vercel/nft/-/nft-1.10.0.tgz. Extracting by manifest.
698 silly tarball no local data for @urql/exchange-retry@https://registry.npmjs.org/@urql/exchange-retry/-/exchange-retry-1.3.2.tgz. Extracting by manifest.
699 silly tarball no local data for @vercel/build-utils@https://registry.npmjs.org/@vercel/build-utils/-/build-utils-13.36.3.tgz. Extracting by manifest.
700 silly tarball no local data for @types/yargs@https://registry.npmjs.org/@types/yargs/-/yargs-17.0.35.tgz. Extracting by manifest.
701 silly tarball no local data for @vercel/error-utils@https://registry.npmjs.org/@vercel/error-utils/-/error-utils-2.2.0.tgz. Extracting by manifest.
702 silly tarball no local data for @types/stack-utils@https://registry.npmjs.org/@types/stack-utils/-/stack-utils-2.0.3.tgz. Extracting by manifest.
703 silly tarball no local data for @types/react@https://registry.npmjs.org/@types/react/-/react-18.3.31.tgz. Extracting by manifest.
704 silly tarball no local data for @types/tough-cookie@https://registry.npmjs.org/@types/tough-cookie/-/tough-cookie-4.0.5.tgz. Extracting by manifest.
705 silly tarball no local data for @types/request@https://registry.npmjs.org/@types/request/-/request-2.48.13.tgz. Extracting by manifest.
706 silly tarball no local data for @types/prop-types@https://registry.npmjs.org/@types/prop-types/-/prop-types-15.7.15.tgz. Extracting by manifest.
707 silly tarball no local data for @types/node@https://registry.npmjs.org/@types/node/-/node-26.1.2.tgz. Extracting by manifest.
708 silly tarball no local data for @types/jsonwebtoken@https://registry.npmjs.org/@types/jsonwebtoken/-/jsonwebtoken-9.0.10.tgz. Extracting by manifest.
709 silly tarball no local data for @types/json-schema@https://registry.npmjs.org/@types/json-schema/-/json-schema-7.0.15.tgz. Extracting by manifest.
710 silly tarball no local data for @types/node-forge@https://registry.npmjs.org/@types/node-forge/-/node-forge-1.3.14.tgz. Extracting by manifest.
711 silly tarball no local data for @types/istanbul-reports@https://registry.npmjs.org/@types/istanbul-reports/-/istanbul-reports-3.0.4.tgz. Extracting by manifest.
712 silly tarball no local data for @types/ms@https://registry.npmjs.org/@types/ms/-/ms-2.1.0.tgz. Extracting by manifest.
713 silly tarball no local data for @types/istanbul-lib-report@https://registry.npmjs.org/@types/istanbul-lib-report/-/istanbul-lib-report-3.0.3.tgz. Extracting by manifest.
714 silly tarball no local data for @types/estree@https://registry.npmjs.org/@types/estree/-/estree-1.0.9.tgz. Extracting by manifest.
715 silly tarball no local data for @types/istanbul-lib-coverage@https://registry.npmjs.org/@types/istanbul-lib-coverage/-/istanbul-lib-coverage-2.0.6.tgz. Extracting by manifest.
716 silly tarball no local data for @types/graceful-fs@https://registry.npmjs.org/@types/graceful-fs/-/graceful-fs-4.1.9.tgz. Extracting by manifest.
717 silly tarball no local data for @types/babel__traverse@https://registry.npmjs.org/@types/babel__traverse/-/babel__traverse-7.28.0.tgz. Extracting by manifest.
718 silly tarball no local data for @types/caseless@https://registry.npmjs.org/@types/caseless/-/caseless-0.12.5.tgz. Extracting by manifest.
719 silly tarball no local data for @types/babel__generator@https://registry.npmjs.org/@types/babel__generator/-/babel__generator-7.27.0.tgz. Extracting by manifest.
720 silly tarball no local data for @types/babel__template@https://registry.npmjs.org/@types/babel__template/-/babel__template-7.4.4.tgz. Extracting by manifest.
721 silly tarball no local data for @types/babel__core@https://registry.npmjs.org/@types/babel__core/-/babel__core-7.20.5.tgz. Extracting by manifest.
722 silly tarball no local data for @ts-morph/common@https://registry.npmjs.org/@ts-morph/common/-/common-0.11.1.tgz. Extracting by manifest.
723 silly tarball no local data for @tootallnate/once@https://registry.npmjs.org/@tootallnate/once/-/once-2.0.1.tgz. Extracting by manifest.
724 silly tarball no local data for @smithy/types@https://registry.npmjs.org/@smithy/types/-/types-4.16.1.tgz. Extracting by manifest.
725 silly tarball no local data for @smithy/node-http-handler@https://registry.npmjs.org/@smithy/node-http-handler/-/node-http-handler-4.9.13.tgz. Extracting by manifest.
726 silly tarball no local data for @smithy/signature-v4@https://registry.npmjs.org/@smithy/signature-v4/-/signature-v4-5.6.12.tgz. Extracting by manifest.
727 silly tarball no local data for @smithy/core@https://registry.npmjs.org/@smithy/core/-/core-3.31.1.tgz. Extracting by manifest.
728 silly tarball no local data for @smithy/credential-provider-imds@https://registry.npmjs.org/@smithy/credential-provider-imds/-/credential-provider-imds-4.4.16.tgz. Extracting by manifest.
729 silly tarball no local data for @smithy/fetch-http-handler@https://registry.npmjs.org/@smithy/fetch-http-handler/-/fetch-http-handler-5.6.13.tgz. Extracting by manifest.
730 silly tarball no local data for @sinclair/typebox@https://registry.npmjs.org/@sinclair/typebox/-/typebox-0.27.12.tgz. Extracting by manifest.
731 silly tarball no local data for @sinonjs/commons@https://registry.npmjs.org/@sinonjs/commons/-/commons-3.0.1.tgz. Extracting by manifest.
732 silly tarball no local data for @react-navigation/routers@https://registry.npmjs.org/@react-navigation/routers/-/routers-7.6.4.tgz. Extracting by manifest.
733 silly tarball no local data for @renovatebot/pep440@https://registry.npmjs.org/@renovatebot/pep440/-/pep440-4.2.1.tgz. Extracting by manifest.
734 silly tarball no local data for @sinonjs/fake-timers@https://registry.npmjs.org/@sinonjs/fake-timers/-/fake-timers-10.3.0.tgz. Extracting by manifest.
735 silly tarball no local data for @segment/loosely-validate-event@https://registry.npmjs.org/@segment/loosely-validate-event/-/loosely-validate-event-2.0.0.tgz. Extracting by manifest.
736 silly tarball no local data for @rollup/pluginutils@https://registry.npmjs.org/@rollup/pluginutils/-/pluginutils-5.4.0.tgz. Extracting by manifest.
737 silly tarball no local data for @react-native/virtualized-lists@https://registry.npmjs.org/@react-native/virtualized-lists/-/virtualized-lists-0.76.5.tgz. Extracting by manifest.
738 silly tarball no local data for @react-navigation/native-stack@https://registry.npmjs.org/@react-navigation/native-stack/-/native-stack-7.18.6.tgz. Extracting by manifest.
739 silly tarball no local data for @react-navigation/elements@https://registry.npmjs.org/@react-navigation/elements/-/elements-2.9.36.tgz. Extracting by manifest.
740 silly tarball no local data for @react-navigation/native@https://registry.npmjs.org/@react-navigation/native/-/native-7.3.14.tgz. Extracting by manifest.
741 silly tarball no local data for @react-navigation/core@https://registry.npmjs.org/@react-navigation/core/-/core-7.21.11.tgz. Extracting by manifest.
742 silly tarball no local data for @react-native/normalize-colors@https://registry.npmjs.org/@react-native/normalize-colors/-/normalize-colors-0.76.9.tgz. Extracting by manifest.
743 silly tarball no local data for @react-native/js-polyfills@https://registry.npmjs.org/@react-native/js-polyfills/-/js-polyfills-0.76.5.tgz. Extracting by manifest.
744 silly tarball no local data for @react-navigation/bottom-tabs@https://registry.npmjs.org/@react-navigation/bottom-tabs/-/bottom-tabs-7.18.14.tgz. Extracting by manifest.
745 silly tarball no local data for @react-native/metro-babel-transformer@https://registry.npmjs.org/@react-native/metro-babel-transformer/-/metro-babel-transformer-0.76.5.tgz. Extracting by manifest.
746 silly tarball no local data for @react-native/gradle-plugin@https://registry.npmjs.org/@react-native/gradle-plugin/-/gradle-plugin-0.76.5.tgz. Extracting by manifest.
747 silly tarball no local data for @react-native/dev-middleware@https://registry.npmjs.org/@react-native/dev-middleware/-/dev-middleware-0.76.9.tgz. Extracting by manifest.
748 silly tarball no local data for @react-native/codegen@https://registry.npmjs.org/@react-native/codegen/-/codegen-0.76.9.tgz. Extracting by manifest.
749 silly tarball no local data for @react-native-async-storage/async-storage@https://registry.npmjs.org/@react-native-async-storage/async-storage/-/async-storage-1.23.1.tgz. Extracting by manifest.
750 silly tarball no local data for @react-native/debugger-frontend@https://registry.npmjs.org/@react-native/debugger-frontend/-/debugger-frontend-0.76.9.tgz. Extracting by manifest.
751 silly tarball no local data for @react-native/community-cli-plugin@https://registry.npmjs.org/@react-native/community-cli-plugin/-/community-cli-plugin-0.76.5.tgz. Extracting by manifest.
752 silly tarball no local data for @react-native/babel-preset@https://registry.npmjs.org/@react-native/babel-preset/-/babel-preset-0.76.9.tgz. Extracting by manifest.
753 silly tarball no local data for @react-native/babel-plugin-codegen@https://registry.npmjs.org/@react-native/babel-plugin-codegen/-/babel-plugin-codegen-0.76.9.tgz. Extracting by manifest.
754 silly tarball no local data for @radix-ui/react-compose-refs@https://registry.npmjs.org/@radix-ui/react-compose-refs/-/react-compose-refs-1.0.0.tgz. Extracting by manifest.
755 silly tarball no local data for @protobufjs/pool@https://registry.npmjs.org/@protobufjs/pool/-/pool-1.1.0.tgz. Extracting by manifest.
756 silly tarball no local data for @react-native/assets-registry@https://registry.npmjs.org/@react-native/assets-registry/-/assets-registry-0.76.5.tgz. Extracting by manifest.
757 silly tarball no local data for @radix-ui/react-slot@https://registry.npmjs.org/@radix-ui/react-slot/-/react-slot-1.0.1.tgz. Extracting by manifest.
758 silly tarball no local data for @protobufjs/utf8@https://registry.npmjs.org/@protobufjs/utf8/-/utf8-1.1.2.tgz. Extracting by manifest.
759 silly tarball no local data for @protobufjs/path@https://registry.npmjs.org/@protobufjs/path/-/path-1.1.2.tgz. Extracting by manifest.
760 silly tarball no local data for @protobufjs/codegen@https://registry.npmjs.org/@protobufjs/codegen/-/codegen-2.0.5.tgz. Extracting by manifest.
761 silly tarball no local data for @protobufjs/float@https://registry.npmjs.org/@protobufjs/float/-/float-1.0.2.tgz. Extracting by manifest.
762 silly tarball no local data for @protobufjs/fetch@https://registry.npmjs.org/@protobufjs/fetch/-/fetch-1.1.1.tgz. Extracting by manifest.
763 silly tarball no local data for @protobufjs/eventemitter@https://registry.npmjs.org/@protobufjs/eventemitter/-/eventemitter-1.1.1.tgz. Extracting by manifest.
764 silly tarball no local data for @pkgjs/parseargs@https://registry.npmjs.org/@pkgjs/parseargs/-/parseargs-0.11.0.tgz. Extracting by manifest.
765 silly tarball no local data for @npmcli/fs@https://registry.npmjs.org/@npmcli/fs/-/fs-3.1.1.tgz. Extracting by manifest.
766 silly tarball no local data for @nodelib/fs.scandir@https://registry.npmjs.org/@nodelib/fs.scandir/-/fs.scandir-2.1.5.tgz. Extracting by manifest.
767 silly tarball no local data for @protobufjs/base64@https://registry.npmjs.org/@protobufjs/base64/-/base64-1.1.2.tgz. Extracting by manifest.
768 silly tarball no local data for @protobufjs/aspromise@https://registry.npmjs.org/@protobufjs/aspromise/-/aspromise-1.1.2.tgz. Extracting by manifest.
769 silly tarball no local data for @nodelib/fs.walk@https://registry.npmjs.org/@nodelib/fs.walk/-/fs.walk-1.2.8.tgz. Extracting by manifest.
770 silly tarball no local data for @opentelemetry/api@https://registry.npmjs.org/@opentelemetry/api/-/api-1.9.1.tgz. Extracting by manifest.
771 silly tarball no local data for @nodable/entities@https://registry.npmjs.org/@nodable/entities/-/entities-3.0.0.tgz. Extracting by manifest.
772 silly tarball no local data for @nodelib/fs.stat@https://registry.npmjs.org/@nodelib/fs.stat/-/fs.stat-2.0.5.tgz. Extracting by manifest.
773 silly tarball no local data for @mapbox/node-pre-gyp@https://registry.npmjs.org/@mapbox/node-pre-gyp/-/node-pre-gyp-2.0.3.tgz. Extracting by manifest.
774 silly tarball no local data for @js-sdsl/ordered-map@https://registry.npmjs.org/@js-sdsl/ordered-map/-/ordered-map-4.4.2.tgz. Extracting by manifest.
775 silly tarball no local data for @jridgewell/sourcemap-codec@https://registry.npmjs.org/@jridgewell/sourcemap-codec/-/sourcemap-codec-1.5.5.tgz. Extracting by manifest.
776 silly tarball no local data for @jridgewell/remapping@https://registry.npmjs.org/@jridgewell/remapping/-/remapping-2.3.5.tgz. Extracting by manifest.
777 silly tarball no local data for @jridgewell/resolve-uri@https://registry.npmjs.org/@jridgewell/resolve-uri/-/resolve-uri-3.1.2.tgz. Extracting by manifest.
778 silly tarball no local data for @jridgewell/trace-mapping@https://registry.npmjs.org/@jridgewell/trace-mapping/-/trace-mapping-0.3.31.tgz. Extracting by manifest.
779 silly tarball no local data for @jridgewell/gen-mapping@https://registry.npmjs.org/@jridgewell/gen-mapping/-/gen-mapping-0.3.13.tgz. Extracting by manifest.
780 silly tarball no local data for @jest/types@https://registry.npmjs.org/@jest/types/-/types-29.6.3.tgz. Extracting by manifest.
781 silly tarball no local data for @jridgewell/source-map@https://registry.npmjs.org/@jridgewell/source-map/-/source-map-0.3.11.tgz. Extracting by manifest.
782 silly tarball no local data for @jest/schemas@https://registry.npmjs.org/@jest/schemas/-/schemas-29.6.3.tgz. Extracting by manifest.
783 silly tarball no local data for @jest/fake-timers@https://registry.npmjs.org/@jest/fake-timers/-/fake-timers-29.7.0.tgz. Extracting by manifest.
784 silly tarball no local data for @jest/transform@https://registry.npmjs.org/@jest/transform/-/transform-29.7.0.tgz. Extracting by manifest.
785 silly tarball no local data for @istanbuljs/load-nyc-config@https://registry.npmjs.org/@istanbuljs/load-nyc-config/-/load-nyc-config-1.1.0.tgz. Extracting by manifest.
786 silly tarball no local data for @jest/environment@https://registry.npmjs.org/@jest/environment/-/environment-29.7.0.tgz. Extracting by manifest.
787 silly tarball no local data for @istanbuljs/schema@https://registry.npmjs.org/@istanbuljs/schema/-/schema-0.1.6.tgz. Extracting by manifest.
788 silly tarball no local data for @jest/create-cache-key-function@https://registry.npmjs.org/@jest/create-cache-key-function/-/create-cache-key-function-29.7.0.tgz. Extracting by manifest.
789 silly tarball no local data for @isaacs/brace-expansion@https://registry.npmjs.org/@isaacs/brace-expansion/-/brace-expansion-5.0.1.tgz. Extracting by manifest.
790 silly tarball no local data for @isaacs/ttlcache@https://registry.npmjs.org/@isaacs/ttlcache/-/ttlcache-1.4.1.tgz. Extracting by manifest.
791 silly tarball no local data for @isaacs/cliui@https://registry.npmjs.org/@isaacs/cliui/-/cliui-8.0.2.tgz. Extracting by manifest.
792 silly tarball no local data for @isaacs/fs-minipass@https://registry.npmjs.org/@isaacs/fs-minipass/-/fs-minipass-4.0.1.tgz. Extracting by manifest.
793 silly tarball no local data for @grpc/proto-loader@https://registry.npmjs.org/@grpc/proto-loader/-/proto-loader-0.7.15.tgz. Extracting by manifest.
794 silly tarball no local data for @grpc/grpc-js@https://registry.npmjs.org/@grpc/grpc-js/-/grpc-js-1.9.16.tgz. Extracting by manifest.
795 silly tarball no local data for @isaacs/balanced-match@https://registry.npmjs.org/@isaacs/balanced-match/-/balanced-match-4.0.1.tgz. Extracting by manifest.
796 silly tarball no local data for @google-cloud/promisify@https://registry.npmjs.org/@google-cloud/promisify/-/promisify-4.0.0.tgz. Extracting by manifest.
797 silly tarball no local data for @google-cloud/projectify@https://registry.npmjs.org/@google-cloud/projectify/-/projectify-4.0.0.tgz. Extracting by manifest.
798 silly tarball no local data for @google-cloud/storage@https://registry.npmjs.org/@google-cloud/storage/-/storage-7.21.0.tgz. Extracting by manifest.
799 silly tarball no local data for @google-cloud/firestore@https://registry.npmjs.org/@google-cloud/firestore/-/firestore-8.7.0.tgz. Extracting by manifest.
800 silly tarball no local data for @firebase/vertexai-preview@https://registry.npmjs.org/@firebase/vertexai-preview/-/vertexai-preview-0.0.4.tgz. Extracting by manifest.
801 silly tarball no local data for @google-cloud/paginator@https://registry.npmjs.org/@google-cloud/paginator/-/paginator-5.0.2.tgz. Extracting by manifest.
802 silly tarball no local data for @firebase/util@https://registry.npmjs.org/@firebase/util/-/util-1.10.0.tgz. Extracting by manifest.
803 silly tarball no local data for @firebase/webchannel-wrapper@https://registry.npmjs.org/@firebase/webchannel-wrapper/-/webchannel-wrapper-1.0.1.tgz. Extracting by manifest.
804 silly tarball no local data for @firebase/storage-types@https://registry.npmjs.org/@firebase/storage-types/-/storage-types-0.8.2.tgz. Extracting by manifest.
805 silly tarball no local data for @firebase/storage@https://registry.npmjs.org/@firebase/storage/-/storage-0.13.2.tgz. Extracting by manifest.
806 silly tarball no local data for @firebase/storage-compat@https://registry.npmjs.org/@firebase/storage-compat/-/storage-compat-0.3.12.tgz. Extracting by manifest.
807 silly tarball no local data for @firebase/remote-config-compat@https://registry.npmjs.org/@firebase/remote-config-compat/-/remote-config-compat-0.2.9.tgz. Extracting by manifest.
808 silly tarball no local data for @firebase/remote-config@https://registry.npmjs.org/@firebase/remote-config/-/remote-config-0.4.9.tgz. Extracting by manifest.
809 silly tarball no local data for @firebase/remote-config-types@https://registry.npmjs.org/@firebase/remote-config-types/-/remote-config-types-0.3.2.tgz. Extracting by manifest.
810 silly tarball no local data for @firebase/performance@https://registry.npmjs.org/@firebase/performance/-/performance-0.6.9.tgz. Extracting by manifest.
811 silly tarball no local data for @firebase/performance-compat@https://registry.npmjs.org/@firebase/performance-compat/-/performance-compat-0.2.9.tgz. Extracting by manifest.
812 silly tarball no local data for @firebase/performance-types@https://registry.npmjs.org/@firebase/performance-types/-/performance-types-0.2.2.tgz. Extracting by manifest.
813 silly tarball no local data for @firebase/messaging-compat@https://registry.npmjs.org/@firebase/messaging-compat/-/messaging-compat-0.2.12.tgz. Extracting by manifest.
814 silly tarball no local data for @firebase/messaging@https://registry.npmjs.org/@firebase/messaging/-/messaging-0.12.12.tgz. Extracting by manifest.
815 silly tarball no local data for @firebase/messaging-interop-types@https://registry.npmjs.org/@firebase/messaging-interop-types/-/messaging-interop-types-0.2.2.tgz. Extracting by manifest.
816 silly tarball no local data for @firebase/installations-types@https://registry.npmjs.org/@firebase/installations-types/-/installations-types-0.5.2.tgz. Extracting by manifest.
817 silly tarball no local data for @firebase/installations-compat@https://registry.npmjs.org/@firebase/installations-compat/-/installations-compat-0.2.9.tgz. Extracting by manifest.
818 silly tarball no local data for @firebase/logger@https://registry.npmjs.org/@firebase/logger/-/logger-0.4.2.tgz. Extracting by manifest.
819 silly tarball no local data for @firebase/functions-types@https://registry.npmjs.org/@firebase/functions-types/-/functions-types-0.6.2.tgz. Extracting by manifest.
820 silly tarball no local data for @firebase/firestore-types@https://registry.npmjs.org/@firebase/firestore-types/-/firestore-types-3.0.2.tgz. Extracting by manifest.
821 silly tarball no local data for @firebase/installations@https://registry.npmjs.org/@firebase/installations/-/installations-0.6.9.tgz. Extracting by manifest.
822 silly tarball no local data for @firebase/functions@https://registry.npmjs.org/@firebase/functions/-/functions-0.11.8.tgz. Extracting by manifest.
823 silly tarball no local data for @firebase/functions-compat@https://registry.npmjs.org/@firebase/functions-compat/-/functions-compat-0.3.14.tgz. Extracting by manifest.
824 silly tarball no local data for @firebase/firestore-compat@https://registry.npmjs.org/@firebase/firestore-compat/-/firestore-compat-0.3.38.tgz. Extracting by manifest.
825 silly tarball no local data for @firebase/firestore@https://registry.npmjs.org/@firebase/firestore/-/firestore-4.7.3.tgz. Extracting by manifest.
826 silly tarball no local data for @firebase/database-types@https://registry.npmjs.org/@firebase/database-types/-/database-types-1.0.5.tgz. Extracting by manifest.
827 silly tarball no local data for @firebase/data-connect@https://registry.npmjs.org/@firebase/data-connect/-/data-connect-0.1.0.tgz. Extracting by manifest.
828 silly tarball no local data for @firebase/database-compat@https://registry.npmjs.org/@firebase/database-compat/-/database-compat-1.0.8.tgz. Extracting by manifest.
829 silly tarball no local data for @firebase/database@https://registry.npmjs.org/@firebase/database/-/database-1.0.8.tgz. Extracting by manifest.
830 silly tarball no local data for @firebase/auth-types@https://registry.npmjs.org/@firebase/auth-types/-/auth-types-0.12.2.tgz. Extracting by manifest.
831 silly tarball no local data for @firebase/auth-compat@https://registry.npmjs.org/@firebase/auth-compat/-/auth-compat-0.5.14.tgz. Extracting by manifest.
832 silly tarball no local data for @firebase/component@https://registry.npmjs.org/@firebase/component/-/component-0.6.9.tgz. Extracting by manifest.
833 silly tarball no local data for @firebase/auth-interop-types@https://registry.npmjs.org/@firebase/auth-interop-types/-/auth-interop-types-0.2.3.tgz. Extracting by manifest.
834 silly tarball no local data for @firebase/auth@https://registry.npmjs.org/@firebase/auth/-/auth-1.7.9.tgz. Extracting by manifest.
835 silly tarball no local data for @firebase/app-types@https://registry.npmjs.org/@firebase/app-types/-/app-types-0.9.2.tgz. Extracting by manifest.
836 silly tarball no local data for @firebase/app-check-interop-types@https://registry.npmjs.org/@firebase/app-check-interop-types/-/app-check-interop-types-0.3.2.tgz. Extracting by manifest.
837 silly tarball no local data for @firebase/app-check-compat@https://registry.npmjs.org/@firebase/app-check-compat/-/app-check-compat-0.3.15.tgz. Extracting by manifest.
838 silly tarball no local data for @firebase/app-compat@https://registry.npmjs.org/@firebase/app-compat/-/app-compat-0.2.43.tgz. Extracting by manifest.
839 silly tarball no local data for @firebase/app-check-types@https://registry.npmjs.org/@firebase/app-check-types/-/app-check-types-0.5.2.tgz. Extracting by manifest.
840 silly tarball no local data for @firebase/app-check@https://registry.npmjs.org/@firebase/app-check/-/app-check-0.8.8.tgz. Extracting by manifest.
841 silly tarball no local data for @firebase/app@https://registry.npmjs.org/@firebase/app/-/app-0.10.13.tgz. Extracting by manifest.
842 silly tarball no local data for @fastify/busboy@https://registry.npmjs.org/@fastify/busboy/-/busboy-3.2.0.tgz. Extracting by manifest.
843 silly tarball no local data for @expo/xcpretty@https://registry.npmjs.org/@expo/xcpretty/-/xcpretty-4.4.4.tgz. Extracting by manifest.
844 silly tarball no local data for @firebase/analytics-types@https://registry.npmjs.org/@firebase/analytics-types/-/analytics-types-0.8.2.tgz. Extracting by manifest.
845 silly tarball no local data for @firebase/analytics@https://registry.npmjs.org/@firebase/analytics/-/analytics-0.10.8.tgz. Extracting by manifest.
846 silly tarball no local data for @expo/ws-tunnel@https://registry.npmjs.org/@expo/ws-tunnel/-/ws-tunnel-1.0.6.tgz. Extracting by manifest.
847 silly tarball no local data for @expo/vector-icons@https://registry.npmjs.org/@expo/vector-icons/-/vector-icons-14.0.4.tgz. Extracting by manifest.
848 silly tarball no local data for @firebase/analytics-compat@https://registry.npmjs.org/@firebase/analytics-compat/-/analytics-compat-0.2.14.tgz. Extracting by manifest.
849 silly tarball no local data for @expo/sudo-prompt@https://registry.npmjs.org/@expo/sudo-prompt/-/sudo-prompt-9.3.2.tgz. Extracting by manifest.
850 silly tarball no local data for @expo/spawn-async@https://registry.npmjs.org/@expo/spawn-async/-/spawn-async-1.8.0.tgz. Extracting by manifest.
851 silly tarball no local data for @expo/server@https://registry.npmjs.org/@expo/server/-/server-0.5.3.tgz. Extracting by manifest.
852 silly tarball no local data for @expo/osascript@https://registry.npmjs.org/@expo/osascript/-/osascript-2.7.1.tgz. Extracting by manifest.
853 silly tarball no local data for @expo/rudder-sdk-node@https://registry.npmjs.org/@expo/rudder-sdk-node/-/rudder-sdk-node-1.1.1.tgz. Extracting by manifest.
854 silly tarball no local data for @expo/sdk-runtime-versions@https://registry.npmjs.org/@expo/sdk-runtime-versions/-/sdk-runtime-versions-1.0.0.tgz. Extracting by manifest.
855 silly tarball no local data for @expo/package-manager@https://registry.npmjs.org/@expo/package-manager/-/package-manager-1.13.1.tgz. Extracting by manifest.
856 silly tarball no local data for @expo/metro-runtime@https://registry.npmjs.org/@expo/metro-runtime/-/metro-runtime-4.0.1.tgz. Extracting by manifest.
857 silly tarball no local data for @expo/plist@https://registry.npmjs.org/@expo/plist/-/plist-0.2.2.tgz. Extracting by manifest.
858 silly tarball no local data for @expo/prebuild-config@https://registry.npmjs.org/@expo/prebuild-config/-/prebuild-config-8.2.0.tgz. Extracting by manifest.
859 silly tarball no local data for @expo/metro-config@https://registry.npmjs.org/@expo/metro-config/-/metro-config-0.19.12.tgz. Extracting by manifest.
860 silly tarball no local data for @expo/json-file@https://registry.npmjs.org/@expo/json-file/-/json-file-9.1.5.tgz. Extracting by manifest.
861 silly tarball no local data for @expo/config-plugins@https://registry.npmjs.org/@expo/config-plugins/-/config-plugins-9.0.17.tgz. Extracting by manifest.
862 silly tarball no local data for @expo/fingerprint@https://registry.npmjs.org/@expo/fingerprint/-/fingerprint-0.11.11.tgz. Extracting by manifest.
863 silly tarball no local data for @expo/image-utils@https://registry.npmjs.org/@expo/image-utils/-/image-utils-0.6.5.tgz. Extracting by manifest.
864 silly tarball no local data for @expo/env@https://registry.npmjs.org/@expo/env/-/env-0.4.2.tgz. Extracting by manifest.
865 silly tarball no local data for @expo/devcert@https://registry.npmjs.org/@expo/devcert/-/devcert-1.2.1.tgz. Extracting by manifest.
866 silly tarball no local data for @expo/config-types@https://registry.npmjs.org/@expo/config-types/-/config-types-52.0.5.tgz. Extracting by manifest.
867 silly tarball no local data for @expo/cli@https://registry.npmjs.org/@expo/cli/-/cli-0.22.28.tgz. Extracting by manifest.
868 silly tarball no local data for @expo/bunyan@https://registry.npmjs.org/@expo/bunyan/-/bunyan-4.0.1.tgz. Extracting by manifest.
869 silly tarball no local data for @esbuild/win32-x64@https://registry.npmjs.org/@esbuild/win32-x64/-/win32-x64-0.27.0.tgz. Extracting by manifest.
870 silly tarball no local data for @edge-runtime/primitives@https://registry.npmjs.org/@edge-runtime/primitives/-/primitives-4.1.0.tgz. Extracting by manifest.
871 silly tarball no local data for @expo/code-signing-certificates@https://registry.npmjs.org/@expo/code-signing-certificates/-/code-signing-certificates-0.0.6.tgz. Extracting by manifest.
872 silly tarball no local data for @expo/config@https://registry.npmjs.org/@expo/config/-/config-10.0.11.tgz. Extracting by manifest.
873 silly tarball no local data for @edge-runtime/vm@https://registry.npmjs.org/@edge-runtime/vm/-/vm-3.2.0.tgz. Extracting by manifest.
874 silly tarball no local data for @edge-runtime/node-utils@https://registry.npmjs.org/@edge-runtime/node-utils/-/node-utils-2.3.0.tgz. Extracting by manifest.
875 silly tarball no local data for @bytecodealliance/preview2-shim@https://registry.npmjs.org/@bytecodealliance/preview2-shim/-/preview2-shim-0.17.6.tgz. Extracting by manifest.
876 silly tarball no local data for @edge-runtime/ponyfill@https://registry.npmjs.org/@edge-runtime/ponyfill/-/ponyfill-2.4.2.tgz. Extracting by manifest.
877 silly tarball no local data for @babel/traverse--for-generate-function-map@https://registry.npmjs.org/@babel/traverse/-/traverse-7.29.7.tgz. Extracting by manifest.
878 silly tarball no local data for @edge-runtime/format@https://registry.npmjs.org/@edge-runtime/format/-/format-2.2.1.tgz. Extracting by manifest.
879 silly tarball no local data for @babel/types@https://registry.npmjs.org/@babel/types/-/types-7.29.7.tgz. Extracting by manifest.
880 silly tarball no local data for @babel/traverse@https://registry.npmjs.org/@babel/traverse/-/traverse-7.29.7.tgz. Extracting by manifest.
881 silly tarball no local data for @babel/register@https://registry.npmjs.org/@babel/register/-/register-7.29.7.tgz. Extracting by manifest.
882 silly tarball no local data for @babel/template@https://registry.npmjs.org/@babel/template/-/template-7.29.7.tgz. Extracting by manifest.
883 silly tarball no local data for @babel/runtime@https://registry.npmjs.org/@babel/runtime/-/runtime-7.29.7.tgz. Extracting by manifest.
884 silly tarball no local data for @babel/preset-typescript@https://registry.npmjs.org/@babel/preset-typescript/-/preset-typescript-7.29.7.tgz. Extracting by manifest.
885 silly tarball no local data for @babel/preset-react@https://registry.npmjs.org/@babel/preset-react/-/preset-react-7.29.7.tgz. Extracting by manifest.
886 silly tarball no local data for @babel/plugin-transform-unicode-sets-regex@https://registry.npmjs.org/@babel/plugin-transform-unicode-sets-regex/-/plugin-transform-unicode-sets-regex-7.29.7.tgz. Extracting by manifest.
887 silly tarball no local data for @babel/preset-modules@https://registry.npmjs.org/@babel/preset-modules/-/preset-modules-0.1.6-no-external-plugins.tgz. Extracting by manifest.
888 silly tarball no local data for @babel/plugin-transform-unicode-regex@https://registry.npmjs.org/@babel/plugin-transform-unicode-regex/-/plugin-transform-unicode-regex-7.29.7.tgz. Extracting by manifest.
889 silly tarball no local data for @babel/preset-flow@https://registry.npmjs.org/@babel/preset-flow/-/preset-flow-7.29.7.tgz. Extracting by manifest.
890 silly tarball no local data for @babel/plugin-transform-unicode-property-regex@https://registry.npmjs.org/@babel/plugin-transform-unicode-property-regex/-/plugin-transform-unicode-property-regex-7.29.7.tgz. Extracting by manifest.
891 silly tarball no local data for @babel/plugin-transform-typescript@https://registry.npmjs.org/@babel/plugin-transform-typescript/-/plugin-transform-typescript-7.29.7.tgz. Extracting by manifest.
892 silly tarball no local data for @babel/preset-env@https://registry.npmjs.org/@babel/preset-env/-/preset-env-7.29.7.tgz. Extracting by manifest.
893 silly tarball no local data for @babel/plugin-transform-template-literals@https://registry.npmjs.org/@babel/plugin-transform-template-literals/-/plugin-transform-template-literals-7.29.7.tgz. Extracting by manifest.
894 silly tarball no local data for @babel/plugin-transform-unicode-escapes@https://registry.npmjs.org/@babel/plugin-transform-unicode-escapes/-/plugin-transform-unicode-escapes-7.29.7.tgz. Extracting by manifest.
895 silly tarball no local data for @babel/plugin-transform-spread@https://registry.npmjs.org/@babel/plugin-transform-spread/-/plugin-transform-spread-7.29.7.tgz. Extracting by manifest.
896 silly tarball no local data for @babel/plugin-transform-shorthand-properties@https://registry.npmjs.org/@babel/plugin-transform-shorthand-properties/-/plugin-transform-shorthand-properties-7.29.7.tgz. Extracting by manifest.
897 silly tarball no local data for @babel/plugin-transform-typeof-symbol@https://registry.npmjs.org/@babel/plugin-transform-typeof-symbol/-/plugin-transform-typeof-symbol-7.29.7.tgz. Extracting by manifest.
898 silly tarball no local data for @babel/plugin-transform-sticky-regex@https://registry.npmjs.org/@babel/plugin-transform-sticky-regex/-/plugin-transform-sticky-regex-7.29.7.tgz. Extracting by manifest.
899 silly tarball no local data for @babel/plugin-transform-runtime@https://registry.npmjs.org/@babel/plugin-transform-runtime/-/plugin-transform-runtime-7.29.7.tgz. Extracting by manifest.
900 silly tarball no local data for @babel/plugin-transform-regexp-modifiers@https://registry.npmjs.org/@babel/plugin-transform-regexp-modifiers/-/plugin-transform-regexp-modifiers-7.29.7.tgz. Extracting by manifest.
901 silly tarball no local data for @babel/plugin-transform-react-pure-annotations@https://registry.npmjs.org/@babel/plugin-transform-react-pure-annotations/-/plugin-transform-react-pure-annotations-7.29.7.tgz. Extracting by manifest.
902 silly tarball no local data for @babel/plugin-transform-reserved-words@https://registry.npmjs.org/@babel/plugin-transform-reserved-words/-/plugin-transform-reserved-words-7.29.7.tgz. Extracting by manifest.
903 silly tarball no local data for @babel/plugin-transform-react-jsx-source@https://registry.npmjs.org/@babel/plugin-transform-react-jsx-source/-/plugin-transform-react-jsx-source-7.29.7.tgz. Extracting by manifest.
904 silly tarball no local data for @babel/plugin-transform-regenerator@https://registry.npmjs.org/@babel/plugin-transform-regenerator/-/plugin-transform-regenerator-7.29.7.tgz. Extracting by manifest.
905 silly tarball no local data for @babel/plugin-transform-react-jsx-self@https://registry.npmjs.org/@babel/plugin-transform-react-jsx-self/-/plugin-transform-react-jsx-self-7.29.7.tgz. Extracting by manifest.
906 silly tarball no local data for @babel/plugin-transform-react-jsx@https://registry.npmjs.org/@babel/plugin-transform-react-jsx/-/plugin-transform-react-jsx-7.29.7.tgz. Extracting by manifest.
907 silly tarball no local data for @babel/plugin-transform-property-literals@https://registry.npmjs.org/@babel/plugin-transform-property-literals/-/plugin-transform-property-literals-7.29.7.tgz. Extracting by manifest.
908 silly tarball no local data for @babel/plugin-transform-react-jsx-development@https://registry.npmjs.org/@babel/plugin-transform-react-jsx-development/-/plugin-transform-react-jsx-development-7.29.7.tgz. Extracting by manifest.
909 silly tarball no local data for @babel/plugin-transform-private-property-in-object@https://registry.npmjs.org/@babel/plugin-transform-private-property-in-object/-/plugin-transform-private-property-in-object-7.29.7.tgz. Extracting by manifest.
910 silly tarball no local data for @babel/plugin-transform-private-methods@https://registry.npmjs.org/@babel/plugin-transform-private-methods/-/plugin-transform-private-methods-7.29.7.tgz. Extracting by manifest.
911 silly tarball no local data for @babel/plugin-transform-react-display-name@https://registry.npmjs.org/@babel/plugin-transform-react-display-name/-/plugin-transform-react-display-name-7.29.7.tgz. Extracting by manifest.
912 silly tarball no local data for @babel/plugin-transform-optional-chaining@https://registry.npmjs.org/@babel/plugin-transform-optional-chaining/-/plugin-transform-optional-chaining-7.29.7.tgz. Extracting by manifest.
913 silly tarball no local data for @babel/plugin-transform-parameters@https://registry.npmjs.org/@babel/plugin-transform-parameters/-/plugin-transform-parameters-7.29.7.tgz. Extracting by manifest.
914 silly tarball no local data for @babel/plugin-transform-optional-catch-binding@https://registry.npmjs.org/@babel/plugin-transform-optional-catch-binding/-/plugin-transform-optional-catch-binding-7.29.7.tgz. Extracting by manifest.
915 silly tarball no local data for @babel/plugin-transform-object-rest-spread@https://registry.npmjs.org/@babel/plugin-transform-object-rest-spread/-/plugin-transform-object-rest-spread-7.29.7.tgz. Extracting by manifest.
916 silly tarball no local data for @babel/plugin-transform-object-super@https://registry.npmjs.org/@babel/plugin-transform-object-super/-/plugin-transform-object-super-7.29.7.tgz. Extracting by manifest.
917 silly tarball no local data for @babel/plugin-transform-nullish-coalescing-operator@https://registry.npmjs.org/@babel/plugin-transform-nullish-coalescing-operator/-/plugin-transform-nullish-coalescing-operator-7.29.7.tgz. Extracting by manifest.
918 silly tarball no local data for @babel/plugin-transform-new-target@https://registry.npmjs.org/@babel/plugin-transform-new-target/-/plugin-transform-new-target-7.29.7.tgz. Extracting by manifest.
919 silly tarball no local data for @babel/plugin-transform-numeric-separator@https://registry.npmjs.org/@babel/plugin-transform-numeric-separator/-/plugin-transform-numeric-separator-7.29.7.tgz. Extracting by manifest.
920 silly tarball no local data for @babel/plugin-transform-modules-umd@https://registry.npmjs.org/@babel/plugin-transform-modules-umd/-/plugin-transform-modules-umd-7.29.7.tgz. Extracting by manifest.
921 silly tarball no local data for @babel/plugin-transform-named-capturing-groups-regex@https://registry.npmjs.org/@babel/plugin-transform-named-capturing-groups-regex/-/plugin-transform-named-capturing-groups-regex-7.29.7.tgz. Extracting by manifest.
922 silly tarball no local data for @babel/plugin-transform-modules-systemjs@https://registry.npmjs.org/@babel/plugin-transform-modules-systemjs/-/plugin-transform-modules-systemjs-7.29.7.tgz. Extracting by manifest.
923 silly tarball no local data for @babel/plugin-transform-modules-amd@https://registry.npmjs.org/@babel/plugin-transform-modules-amd/-/plugin-transform-modules-amd-7.29.7.tgz. Extracting by manifest.
924 silly tarball no local data for @babel/plugin-transform-member-expression-literals@https://registry.npmjs.org/@babel/plugin-transform-member-expression-literals/-/plugin-transform-member-expression-literals-7.29.7.tgz. Extracting by manifest.
925 silly tarball no local data for @babel/plugin-transform-modules-commonjs@https://registry.npmjs.org/@babel/plugin-transform-modules-commonjs/-/plugin-transform-modules-commonjs-7.29.7.tgz. Extracting by manifest.
926 silly tarball no local data for @babel/plugin-transform-literals@https://registry.npmjs.org/@babel/plugin-transform-literals/-/plugin-transform-literals-7.29.7.tgz. Extracting by manifest.
927 silly tarball no local data for @babel/plugin-transform-json-strings@https://registry.npmjs.org/@babel/plugin-transform-json-strings/-/plugin-transform-json-strings-7.29.7.tgz. Extracting by manifest.
928 silly tarball no local data for @babel/plugin-transform-logical-assignment-operators@https://registry.npmjs.org/@babel/plugin-transform-logical-assignment-operators/-/plugin-transform-logical-assignment-operators-7.29.7.tgz. Extracting by manifest.
929 silly tarball no local data for @babel/plugin-transform-function-name@https://registry.npmjs.org/@babel/plugin-transform-function-name/-/plugin-transform-function-name-7.29.7.tgz. Extracting by manifest.
930 silly tarball no local data for @babel/plugin-transform-for-of@https://registry.npmjs.org/@babel/plugin-transform-for-of/-/plugin-transform-for-of-7.29.7.tgz. Extracting by manifest.
931 silly tarball no local data for @babel/plugin-transform-flow-strip-types@https://registry.npmjs.org/@babel/plugin-transform-flow-strip-types/-/plugin-transform-flow-strip-types-7.29.7.tgz. Extracting by manifest.
932 silly tarball no local data for @babel/plugin-transform-export-namespace-from@https://registry.npmjs.org/@babel/plugin-transform-export-namespace-from/-/plugin-transform-export-namespace-from-7.29.7.tgz. Extracting by manifest.
933 silly tarball no local data for @babel/plugin-transform-exponentiation-operator@https://registry.npmjs.org/@babel/plugin-transform-exponentiation-operator/-/plugin-transform-exponentiation-operator-7.29.7.tgz. Extracting by manifest.
934 silly tarball no local data for @babel/plugin-transform-dynamic-import@https://registry.npmjs.org/@babel/plugin-transform-dynamic-import/-/plugin-transform-dynamic-import-7.29.7.tgz. Extracting by manifest.
935 silly tarball no local data for @babel/plugin-transform-dotall-regex@https://registry.npmjs.org/@babel/plugin-transform-dotall-regex/-/plugin-transform-dotall-regex-7.29.7.tgz. Extracting by manifest.
936 silly tarball no local data for @babel/plugin-transform-explicit-resource-management@https://registry.npmjs.org/@babel/plugin-transform-explicit-resource-management/-/plugin-transform-explicit-resource-management-7.29.7.tgz. Extracting by manifest.
937 silly tarball no local data for @babel/plugin-transform-duplicate-named-capturing-groups-regex@https://registry.npmjs.org/@babel/plugin-transform-duplicate-named-capturing-groups-regex/-/plugin-transform-duplicate-named-capturing-groups-regex-7.29.7.tgz. Extracting by manifest.
938 silly tarball no local data for @babel/plugin-transform-duplicate-keys@https://registry.npmjs.org/@babel/plugin-transform-duplicate-keys/-/plugin-transform-duplicate-keys-7.29.7.tgz. Extracting by manifest.
939 silly tarball no local data for @babel/plugin-transform-destructuring@https://registry.npmjs.org/@babel/plugin-transform-destructuring/-/plugin-transform-destructuring-7.29.7.tgz. Extracting by manifest.
940 silly tarball no local data for @babel/plugin-transform-classes@https://registry.npmjs.org/@babel/plugin-transform-classes/-/plugin-transform-classes-7.29.7.tgz. Extracting by manifest.
941 silly tarball no local data for @babel/plugin-transform-class-static-block@https://registry.npmjs.org/@babel/plugin-transform-class-static-block/-/plugin-transform-class-static-block-7.29.7.tgz. Extracting by manifest.
942 silly tarball no local data for @babel/plugin-transform-computed-properties@https://registry.npmjs.org/@babel/plugin-transform-computed-properties/-/plugin-transform-computed-properties-7.29.7.tgz. Extracting by manifest.
943 silly tarball no local data for @babel/plugin-transform-block-scoping@https://registry.npmjs.org/@babel/plugin-transform-block-scoping/-/plugin-transform-block-scoping-7.29.7.tgz. Extracting by manifest.
944 silly tarball no local data for @babel/plugin-transform-block-scoped-functions@https://registry.npmjs.org/@babel/plugin-transform-block-scoped-functions/-/plugin-transform-block-scoped-functions-7.29.7.tgz. Extracting by manifest.
945 silly tarball no local data for @babel/plugin-transform-class-properties@https://registry.npmjs.org/@babel/plugin-transform-class-properties/-/plugin-transform-class-properties-7.29.7.tgz. Extracting by manifest.
946 silly tarball no local data for @babel/plugin-transform-async-generator-functions@https://registry.npmjs.org/@babel/plugin-transform-async-generator-functions/-/plugin-transform-async-generator-functions-7.29.7.tgz. Extracting by manifest.
947 silly tarball no local data for @babel/plugin-transform-arrow-functions@https://registry.npmjs.org/@babel/plugin-transform-arrow-functions/-/plugin-transform-arrow-functions-7.29.7.tgz. Extracting by manifest.
948 silly tarball no local data for @babel/plugin-syntax-typescript@https://registry.npmjs.org/@babel/plugin-syntax-typescript/-/plugin-syntax-typescript-7.29.7.tgz. Extracting by manifest.
949 silly tarball no local data for @babel/plugin-transform-async-to-generator@https://registry.npmjs.org/@babel/plugin-transform-async-to-generator/-/plugin-transform-async-to-generator-7.29.7.tgz. Extracting by manifest.
950 silly tarball no local data for @babel/plugin-syntax-top-level-await@https://registry.npmjs.org/@babel/plugin-syntax-top-level-await/-/plugin-syntax-top-level-await-7.14.5.tgz. Extracting by manifest.
951 silly tarball no local data for @babel/plugin-syntax-unicode-sets-regex@https://registry.npmjs.org/@babel/plugin-syntax-unicode-sets-regex/-/plugin-syntax-unicode-sets-regex-7.18.6.tgz. Extracting by manifest.
952 silly tarball no local data for @babel/plugin-syntax-optional-chaining@https://registry.npmjs.org/@babel/plugin-syntax-optional-chaining/-/plugin-syntax-optional-chaining-7.8.3.tgz. Extracting by manifest.
953 silly tarball no local data for @babel/plugin-syntax-optional-catch-binding@https://registry.npmjs.org/@babel/plugin-syntax-optional-catch-binding/-/plugin-syntax-optional-catch-binding-7.8.3.tgz. Extracting by manifest.
954 silly tarball no local data for @babel/plugin-syntax-private-property-in-object@https://registry.npmjs.org/@babel/plugin-syntax-private-property-in-object/-/plugin-syntax-private-property-in-object-7.14.5.tgz. Extracting by manifest.
955 silly tarball no local data for @babel/plugin-syntax-numeric-separator@https://registry.npmjs.org/@babel/plugin-syntax-numeric-separator/-/plugin-syntax-numeric-separator-7.10.4.tgz. Extracting by manifest.
956 silly tarball no local data for @babel/plugin-syntax-object-rest-spread@https://registry.npmjs.org/@babel/plugin-syntax-object-rest-spread/-/plugin-syntax-object-rest-spread-7.8.3.tgz. Extracting by manifest.
957 silly tarball no local data for @babel/plugin-syntax-nullish-coalescing-operator@https://registry.npmjs.org/@babel/plugin-syntax-nullish-coalescing-operator/-/plugin-syntax-nullish-coalescing-operator-7.8.3.tgz. Extracting by manifest.
958 silly tarball no local data for @babel/plugin-syntax-json-strings@https://registry.npmjs.org/@babel/plugin-syntax-json-strings/-/plugin-syntax-json-strings-7.8.3.tgz. Extracting by manifest.
959 silly tarball no local data for @babel/plugin-syntax-import-meta@https://registry.npmjs.org/@babel/plugin-syntax-import-meta/-/plugin-syntax-import-meta-7.10.4.tgz. Extracting by manifest.
960 silly tarball no local data for @babel/plugin-syntax-logical-assignment-operators@https://registry.npmjs.org/@babel/plugin-syntax-logical-assignment-operators/-/plugin-syntax-logical-assignment-operators-7.10.4.tgz. Extracting by manifest.
961 silly tarball no local data for @babel/plugin-syntax-jsx@https://registry.npmjs.org/@babel/plugin-syntax-jsx/-/plugin-syntax-jsx-7.29.7.tgz. Extracting by manifest.
962 silly tarball no local data for @babel/plugin-syntax-import-attributes@https://registry.npmjs.org/@babel/plugin-syntax-import-attributes/-/plugin-syntax-import-attributes-7.29.7.tgz. Extracting by manifest.
963 silly tarball no local data for @babel/plugin-syntax-import-assertions@https://registry.npmjs.org/@babel/plugin-syntax-import-assertions/-/plugin-syntax-import-assertions-7.29.7.tgz. Extracting by manifest.
964 silly tarball no local data for @babel/plugin-syntax-dynamic-import@https://registry.npmjs.org/@babel/plugin-syntax-dynamic-import/-/plugin-syntax-dynamic-import-7.8.3.tgz. Extracting by manifest.
965 silly tarball no local data for @babel/plugin-syntax-decorators@https://registry.npmjs.org/@babel/plugin-syntax-decorators/-/plugin-syntax-decorators-7.29.7.tgz. Extracting by manifest.
966 silly tarball no local data for @babel/plugin-syntax-flow@https://registry.npmjs.org/@babel/plugin-syntax-flow/-/plugin-syntax-flow-7.29.7.tgz. Extracting by manifest.
967 silly tarball no local data for @babel/plugin-syntax-class-static-block@https://registry.npmjs.org/@babel/plugin-syntax-class-static-block/-/plugin-syntax-class-static-block-7.14.5.tgz. Extracting by manifest.
968 silly tarball no local data for @babel/plugin-syntax-class-properties@https://registry.npmjs.org/@babel/plugin-syntax-class-properties/-/plugin-syntax-class-properties-7.12.13.tgz. Extracting by manifest.
969 silly tarball no local data for @babel/plugin-syntax-async-generators@https://registry.npmjs.org/@babel/plugin-syntax-async-generators/-/plugin-syntax-async-generators-7.8.4.tgz. Extracting by manifest.
970 silly tarball no local data for @babel/plugin-proposal-private-property-in-object@https://registry.npmjs.org/@babel/plugin-proposal-private-property-in-object/-/plugin-proposal-private-property-in-object-7.21.0-placeholder-for-preset-env.2.tgz. Extracting by manifest.
971 silly tarball no local data for @babel/plugin-syntax-bigint@https://registry.npmjs.org/@babel/plugin-syntax-bigint/-/plugin-syntax-bigint-7.8.3.tgz. Extracting by manifest.
972 silly tarball no local data for @babel/plugin-syntax-export-default-from@https://registry.npmjs.org/@babel/plugin-syntax-export-default-from/-/plugin-syntax-export-default-from-7.29.7.tgz. Extracting by manifest.
973 silly tarball no local data for @babel/plugin-proposal-optional-chaining@https://registry.npmjs.org/@babel/plugin-proposal-optional-chaining/-/plugin-proposal-optional-chaining-7.21.0.tgz. Extracting by manifest.
974 silly tarball no local data for @babel/plugin-proposal-nullish-coalescing-operator@https://registry.npmjs.org/@babel/plugin-proposal-nullish-coalescing-operator/-/plugin-proposal-nullish-coalescing-operator-7.18.6.tgz. Extracting by manifest.
975 silly tarball no local data for @babel/plugin-proposal-export-default-from@https://registry.npmjs.org/@babel/plugin-proposal-export-default-from/-/plugin-proposal-export-default-from-7.29.7.tgz. Extracting by manifest.
976 silly tarball no local data for @babel/plugin-proposal-class-properties@https://registry.npmjs.org/@babel/plugin-proposal-class-properties/-/plugin-proposal-class-properties-7.18.6.tgz. Extracting by manifest.
977 silly tarball no local data for @babel/plugin-bugfix-v8-static-class-fields-redefine-readonly@https://registry.npmjs.org/@babel/plugin-bugfix-v8-static-class-fields-redefine-readonly/-/plugin-bugfix-v8-static-class-fields-redefine-readonly-7.29.7.tgz. Extracting by manifest.
978 silly tarball no local data for @babel/plugin-proposal-decorators@https://registry.npmjs.org/@babel/plugin-proposal-decorators/-/plugin-proposal-decorators-7.29.7.tgz. Extracting by manifest.
979 silly tarball no local data for @babel/plugin-bugfix-safari-id-destructuring-collision-in-function-expression@https://registry.npmjs.org/@babel/plugin-bugfix-safari-id-destructuring-collision-in-function-expression/-/plugin-bugfix-safari-id-destructuring-collision-in-function-expression-7.29.7.tgz. Extracting by manifest.
980 silly tarball no local data for @babel/plugin-bugfix-safari-rest-destructuring-rhs-array@https://registry.npmjs.org/@babel/plugin-bugfix-safari-rest-destructuring-rhs-array/-/plugin-bugfix-safari-rest-destructuring-rhs-array-7.29.7.tgz. Extracting by manifest.
981 silly tarball no local data for @babel/plugin-bugfix-safari-class-field-initializer-scope@https://registry.npmjs.org/@babel/plugin-bugfix-safari-class-field-initializer-scope/-/plugin-bugfix-safari-class-field-initializer-scope-7.29.7.tgz. Extracting by manifest.
982 silly tarball no local data for @babel/highlight@https://registry.npmjs.org/@babel/highlight/-/highlight-7.25.9.tgz. Extracting by manifest.
983 silly tarball no local data for @babel/plugin-bugfix-v8-spread-parameters-in-optional-chaining@https://registry.npmjs.org/@babel/plugin-bugfix-v8-spread-parameters-in-optional-chaining/-/plugin-bugfix-v8-spread-parameters-in-optional-chaining-7.29.7.tgz. Extracting by manifest.
984 silly tarball no local data for @babel/helpers@https://registry.npmjs.org/@babel/helpers/-/helpers-7.29.7.tgz. Extracting by manifest.
985 silly tarball no local data for @babel/plugin-bugfix-firefox-class-in-computed-class-key@https://registry.npmjs.org/@babel/plugin-bugfix-firefox-class-in-computed-class-key/-/plugin-bugfix-firefox-class-in-computed-class-key-7.29.7.tgz. Extracting by manifest.
986 silly tarball no local data for @babel/helper-validator-option@https://registry.npmjs.org/@babel/helper-validator-option/-/helper-validator-option-7.29.7.tgz. Extracting by manifest.
987 silly tarball no local data for @babel/helper-wrap-function@https://registry.npmjs.org/@babel/helper-wrap-function/-/helper-wrap-function-7.29.7.tgz. Extracting by manifest.
988 silly tarball no local data for @babel/helper-string-parser@https://registry.npmjs.org/@babel/helper-string-parser/-/helper-string-parser-7.29.7.tgz. Extracting by manifest.
989 silly tarball no local data for @babel/parser@https://registry.npmjs.org/@babel/parser/-/parser-7.29.7.tgz. Extracting by manifest.
990 silly tarball no local data for @babel/helper-skip-transparent-expression-wrappers@https://registry.npmjs.org/@babel/helper-skip-transparent-expression-wrappers/-/helper-skip-transparent-expression-wrappers-7.29.7.tgz. Extracting by manifest.
991 silly tarball no local data for @babel/helper-validator-identifier@https://registry.npmjs.org/@babel/helper-validator-identifier/-/helper-validator-identifier-7.29.7.tgz. Extracting by manifest.
992 silly tarball no local data for @babel/helper-replace-supers@https://registry.npmjs.org/@babel/helper-replace-supers/-/helper-replace-supers-7.29.7.tgz. Extracting by manifest.
993 silly tarball no local data for @babel/helper-plugin-utils@https://registry.npmjs.org/@babel/helper-plugin-utils/-/helper-plugin-utils-7.29.7.tgz. Extracting by manifest.
994 silly tarball no local data for @babel/helper-module-transforms@https://registry.npmjs.org/@babel/helper-module-transforms/-/helper-module-transforms-7.29.7.tgz. Extracting by manifest.
995 silly tarball no local data for @babel/helper-remap-async-to-generator@https://registry.npmjs.org/@babel/helper-remap-async-to-generator/-/helper-remap-async-to-generator-7.29.7.tgz. Extracting by manifest.
996 silly tarball no local data for @babel/helper-module-imports@https://registry.npmjs.org/@babel/helper-module-imports/-/helper-module-imports-7.29.7.tgz. Extracting by manifest.
997 silly tarball no local data for @babel/helper-optimise-call-expression@https://registry.npmjs.org/@babel/helper-optimise-call-expression/-/helper-optimise-call-expression-7.29.7.tgz. Extracting by manifest.
998 silly tarball no local data for @babel/helper-member-expression-to-functions@https://registry.npmjs.org/@babel/helper-member-expression-to-functions/-/helper-member-expression-to-functions-7.29.7.tgz. Extracting by manifest.
999 silly tarball no local data for @babel/helper-define-polyfill-provider@https://registry.npmjs.org/@babel/helper-define-polyfill-provider/-/helper-define-polyfill-provider-0.6.8.tgz. Extracting by manifest.
1000 silly tarball no local data for @babel/helper-create-class-features-plugin@https://registry.npmjs.org/@babel/helper-create-class-features-plugin/-/helper-create-class-features-plugin-7.29.7.tgz. Extracting by manifest.
1001 silly tarball no local data for @babel/helper-globals@https://registry.npmjs.org/@babel/helper-globals/-/helper-globals-7.29.7.tgz. Extracting by manifest.
1002 silly tarball no local data for @babel/helper-create-regexp-features-plugin@https://registry.npmjs.org/@babel/helper-create-regexp-features-plugin/-/helper-create-regexp-features-plugin-7.29.7.tgz. Extracting by manifest.
1003 silly tarball no local data for @babel/helper-compilation-targets@https://registry.npmjs.org/@babel/helper-compilation-targets/-/helper-compilation-targets-7.29.7.tgz. Extracting by manifest.
1004 silly tarball no local data for @babel/helper-annotate-as-pure@https://registry.npmjs.org/@babel/helper-annotate-as-pure/-/helper-annotate-as-pure-7.29.7.tgz. Extracting by manifest.
1005 silly tarball no local data for @aws/lambda-invoke-store@https://registry.npmjs.org/@aws/lambda-invoke-store/-/lambda-invoke-store-0.3.0.tgz. Extracting by manifest.
1006 silly tarball no local data for @babel/generator@https://registry.npmjs.org/@babel/generator/-/generator-7.29.7.tgz. Extracting by manifest.
1007 silly tarball no local data for @babel/compat-data@https://registry.npmjs.org/@babel/compat-data/-/compat-data-7.29.7.tgz. Extracting by manifest.
1008 silly tarball no local data for @babel/core@https://registry.npmjs.org/@babel/core/-/core-7.29.7.tgz. Extracting by manifest.
1009 silly tarball no local data for @babel/code-frame@https://registry.npmjs.org/@babel/code-frame/-/code-frame-7.29.7.tgz. Extracting by manifest.
1010 silly tarball no local data for @aws-sdk/types@https://registry.npmjs.org/@aws-sdk/types/-/types-3.974.2.tgz. Extracting by manifest.
1011 silly tarball no local data for @aws-sdk/xml-builder@https://registry.npmjs.org/@aws-sdk/xml-builder/-/xml-builder-3.972.37.tgz. Extracting by manifest.
1012 silly tarball no local data for @aws-sdk/s3-request-presigner@https://registry.npmjs.org/@aws-sdk/s3-request-presigner/-/s3-request-presigner-3.1103.0.tgz. Extracting by manifest.
1013 silly tarball no local data for @aws-sdk/signature-v4-multi-region@https://registry.npmjs.org/@aws-sdk/signature-v4-multi-region/-/signature-v4-multi-region-3.996.43.tgz. Extracting by manifest.
1014 silly tarball no local data for @aws-sdk/token-providers@https://registry.npmjs.org/@aws-sdk/token-providers/-/token-providers-3.1103.0.tgz. Extracting by manifest.
1015 silly tarball no local data for @aws-sdk/middleware-sdk-s3@https://registry.npmjs.org/@aws-sdk/middleware-sdk-s3/-/middleware-sdk-s3-3.972.72.tgz. Extracting by manifest.
1016 silly tarball no local data for @aws-sdk/credential-provider-web-identity@https://registry.npmjs.org/@aws-sdk/credential-provider-web-identity/-/credential-provider-web-identity-3.972.73.tgz. Extracting by manifest.
1017 silly tarball no local data for @aws-sdk/nested-clients@https://registry.npmjs.org/@aws-sdk/nested-clients/-/nested-clients-3.997.41.tgz. Extracting by manifest.
1018 silly tarball no local data for @aws-sdk/credential-provider-process@https://registry.npmjs.org/@aws-sdk/credential-provider-process/-/credential-provider-process-3.972.67.tgz. Extracting by manifest.
1019 silly tarball no local data for @aws-sdk/credential-provider-node@https://registry.npmjs.org/@aws-sdk/credential-provider-node/-/credential-provider-node-3.972.78.tgz. Extracting by manifest.
1020 silly tarball no local data for @aws-sdk/credential-provider-sso@https://registry.npmjs.org/@aws-sdk/credential-provider-sso/-/credential-provider-sso-3.973.11.tgz. Extracting by manifest.
1021 silly tarball no local data for @aws-sdk/credential-provider-ini@https://registry.npmjs.org/@aws-sdk/credential-provider-ini/-/credential-provider-ini-3.973.12.tgz. Extracting by manifest.
1022 silly tarball no local data for @aws-sdk/credential-provider-http@https://registry.npmjs.org/@aws-sdk/credential-provider-http/-/credential-provider-http-3.972.69.tgz. Extracting by manifest.
1023 silly tarball no local data for @aws-sdk/credential-provider-login@https://registry.npmjs.org/@aws-sdk/credential-provider-login/-/credential-provider-login-3.972.74.tgz. Extracting by manifest.
1024 silly tarball no local data for @aws-sdk/credential-provider-env@https://registry.npmjs.org/@aws-sdk/credential-provider-env/-/credential-provider-env-3.972.67.tgz. Extracting by manifest.
1025 silly tarball no local data for @aws-sdk/core@https://registry.npmjs.org/@aws-sdk/core/-/core-3.977.6.tgz. Extracting by manifest.
1026 silly tarball no local data for @0no-co/graphql.web@https://registry.npmjs.org/@0no-co/graphql.web/-/graphql.web-1.3.3.tgz. Extracting by manifest.
1027 silly tarball no local data for @aws-sdk/client-s3@https://registry.npmjs.org/@aws-sdk/client-s3/-/client-s3-3.1103.0.tgz. Extracting by manifest.
1028 silly tarball no local data for signal-exit@https://registry.npmjs.org/signal-exit/-/signal-exit-3.0.7.tgz. Extracting by manifest.
1029 silly tarball no local data for @aws-sdk/checksums@https://registry.npmjs.org/@aws-sdk/checksums/-/checksums-3.1000.26.tgz. Extracting by manifest.
1030 silly tarball no local data for strip-ansi@https://registry.npmjs.org/strip-ansi/-/strip-ansi-6.0.1.tgz. Extracting by manifest.
1031 silly tarball no local data for xmlbuilder@https://registry.npmjs.org/xmlbuilder/-/xmlbuilder-11.0.1.tgz. Extracting by manifest.
1032 silly tarball no local data for uuid@https://registry.npmjs.org/uuid/-/uuid-7.0.3.tgz. Extracting by manifest.
1033 silly tarball no local data for strip-ansi@https://registry.npmjs.org/strip-ansi/-/strip-ansi-6.0.1.tgz. Extracting by manifest.
1034 silly tarball no local data for string-width@https://registry.npmjs.org/string-width/-/string-width-4.2.3.tgz. Extracting by manifest.
1035 silly tarball no local data for string-width@https://registry.npmjs.org/string-width/-/string-width-4.2.3.tgz. Extracting by manifest.
1036 silly tarball no local data for strip-ansi@https://registry.npmjs.org/strip-ansi/-/strip-ansi-6.0.1.tgz. Extracting by manifest.
1037 silly tarball no local data for emoji-regex@https://registry.npmjs.org/emoji-regex/-/emoji-regex-8.0.0.tgz. Extracting by manifest.
1038 silly tarball no local data for emoji-regex@https://registry.npmjs.org/emoji-regex/-/emoji-regex-8.0.0.tgz. Extracting by manifest.
1039 silly tarball no local data for string-width@https://registry.npmjs.org/string-width/-/string-width-4.2.3.tgz. Extracting by manifest.
1040 silly tarball no local data for webidl-conversions@https://registry.npmjs.org/webidl-conversions/-/webidl-conversions-5.0.0.tgz. Extracting by manifest.
1041 silly tarball no local data for type-fest@https://registry.npmjs.org/type-fest/-/type-fest-0.16.0.tgz. Extracting by manifest.
1042 silly tarball no local data for emoji-regex@https://registry.npmjs.org/emoji-regex/-/emoji-regex-8.0.0.tgz. Extracting by manifest.
1043 silly tarball no local data for commander@https://registry.npmjs.org/commander/-/commander-2.20.3.tgz. Extracting by manifest.
1044 silly tarball no local data for is-stream@https://registry.npmjs.org/is-stream/-/is-stream-2.0.1.tgz. Extracting by manifest.
1045 silly tarball no local data for glob@https://registry.npmjs.org/glob/-/glob-7.2.3.tgz. Extracting by manifest.
1046 silly tarball no local data for rimraf@https://registry.npmjs.org/rimraf/-/rimraf-2.6.3.tgz. Extracting by manifest.
1047 silly tarball no local data for uuid@https://registry.npmjs.org/uuid/-/uuid-9.0.1.tgz. Extracting by manifest.
1048 silly tarball no local data for minipass@https://registry.npmjs.org/minipass/-/minipass-3.3.6.tgz. Extracting by manifest.
1049 silly tarball no local data for glob@https://registry.npmjs.org/glob/-/glob-7.2.3.tgz. Extracting by manifest.
1050 silly tarball no local data for commander@https://registry.npmjs.org/commander/-/commander-4.1.1.tgz. Extracting by manifest.
1051 silly tarball no local data for minipass@https://registry.npmjs.org/minipass/-/minipass-5.0.0.tgz. Extracting by manifest.
1052 silly tarball no local data for yallist@https://registry.npmjs.org/yallist/-/yallist-4.0.0.tgz. Extracting by manifest.
1053 silly tarball no local data for mkdirp@https://registry.npmjs.org/mkdirp/-/mkdirp-1.0.4.tgz. Extracting by manifest.
1054 silly tarball no local data for fs-minipass@https://registry.npmjs.org/fs-minipass/-/fs-minipass-2.1.0.tgz. Extracting by manifest.
1055 silly tarball no local data for ansi-regex@https://registry.npmjs.org/ansi-regex/-/ansi-regex-6.2.2.tgz. Extracting by manifest.
1056 silly tarball no local data for emoji-regex@https://registry.npmjs.org/emoji-regex/-/emoji-regex-8.0.0.tgz. Extracting by manifest.
1057 silly tarball no local data for https-proxy-agent@https://registry.npmjs.org/https-proxy-agent/-/https-proxy-agent-5.0.1.tgz. Extracting by manifest.
1058 silly tarball no local data for agent-base@https://registry.npmjs.org/agent-base/-/agent-base-6.0.2.tgz. Extracting by manifest.
1059 silly tarball no local data for escape-string-regexp@https://registry.npmjs.org/escape-string-regexp/-/escape-string-regexp-2.0.0.tgz. Extracting by manifest.
1060 silly tarball no local data for strip-ansi@https://registry.npmjs.org/strip-ansi/-/strip-ansi-6.0.1.tgz. Extracting by manifest.
1061 silly tarball no local data for source-map@https://registry.npmjs.org/source-map/-/source-map-0.6.1.tgz. Extracting by manifest.
1062 silly tarball no local data for encodeurl@https://registry.npmjs.org/encodeurl/-/encodeurl-2.0.0.tgz. Extracting by manifest.
1063 silly tarball no local data for is-arrayish@https://registry.npmjs.org/is-arrayish/-/is-arrayish-0.3.4.tgz. Extracting by manifest.
1064 silly tarball no local data for ms@https://registry.npmjs.org/ms/-/ms-2.0.0.tgz. Extracting by manifest.
1065 silly tarball no local data for statuses@https://registry.npmjs.org/statuses/-/statuses-2.0.2.tgz. Extracting by manifest.
1066 silly tarball no local data for encodeurl@https://registry.npmjs.org/encodeurl/-/encodeurl-2.0.0.tgz. Extracting by manifest.
1067 silly tarball no local data for glob@https://registry.npmjs.org/glob/-/glob-7.2.3.tgz. Extracting by manifest.
1068 silly tarball no local data for resolve@https://registry.npmjs.org/resolve/-/resolve-1.7.1.tgz. Extracting by manifest.
1069 silly tarball no local data for debug@https://registry.npmjs.org/debug/-/debug-2.6.9.tgz. Extracting by manifest.
1070 silly tarball no local data for signal-exit@https://registry.npmjs.org/signal-exit/-/signal-exit-3.0.7.tgz. Extracting by manifest.
1071 silly tarball no local data for on-finished@https://registry.npmjs.org/on-finished/-/on-finished-2.4.1.tgz. Extracting by manifest.
1072 silly tarball no local data for bplist-creator@https://registry.npmjs.org/bplist-creator/-/bplist-creator-0.1.0.tgz. Extracting by manifest.
1073 silly tarball no local data for source-map@https://registry.npmjs.org/source-map/-/source-map-0.6.1.tgz. Extracting by manifest.
1074 silly tarball no local data for bplist-parser@https://registry.npmjs.org/bplist-parser/-/bplist-parser-0.3.1.tgz. Extracting by manifest.
1075 silly tarball no local data for @react-native/normalize-colors@https://registry.npmjs.org/@react-native/normalize-colors/-/normalize-colors-0.74.89.tgz. Extracting by manifest.
1076 silly tarball no local data for memoize-one@https://registry.npmjs.org/memoize-one/-/memoize-one-6.0.0.tgz. Extracting by manifest.
1077 silly tarball no local data for ws@https://registry.npmjs.org/ws/-/ws-6.2.6.tgz. Extracting by manifest.
1078 silly tarball no local data for scheduler@https://registry.npmjs.org/scheduler/-/scheduler-0.24.0-canary-efb381bbf-20230505.tgz. Extracting by manifest.
1079 silly tarball no local data for promise@https://registry.npmjs.org/promise/-/promise-8.3.0.tgz. Extracting by manifest.
1080 silly tarball no local data for semver@https://registry.npmjs.org/semver/-/semver-7.8.5.tgz. Extracting by manifest.
1081 silly tarball no local data for glob@https://registry.npmjs.org/glob/-/glob-7.2.3.tgz. Extracting by manifest.
1082 silly tarball no local data for react-is@https://registry.npmjs.org/react-is/-/react-is-16.13.1.tgz. Extracting by manifest.
1083 silly tarball no local data for ws@https://registry.npmjs.org/ws/-/ws-7.5.13.tgz. Extracting by manifest.
1084 silly tarball no local data for ansi-styles@https://registry.npmjs.org/ansi-styles/-/ansi-styles-5.2.0.tgz. Extracting by manifest.
1085 silly tarball no local data for commander@https://registry.npmjs.org/commander/-/commander-12.1.0.tgz. Extracting by manifest.
1086 silly tarball no local data for react-is@https://registry.npmjs.org/react-is/-/react-is-18.3.1.tgz. Extracting by manifest.
1087 silly tarball no local data for xmlbuilder@https://registry.npmjs.org/xmlbuilder/-/xmlbuilder-15.1.1.tgz. Extracting by manifest.
1088 silly tarball no local data for @xmldom/xmldom@https://registry.npmjs.org/@xmldom/xmldom/-/xmldom-0.9.10.tgz. Extracting by manifest.
1089 silly tarball no local data for babel-plugin-syntax-hermes-parser@https://registry.npmjs.org/babel-plugin-syntax-hermes-parser/-/babel-plugin-syntax-hermes-parser-0.23.1.tgz. Extracting by manifest.
1090 silly tarball no local data for path-exists@https://registry.npmjs.org/path-exists/-/path-exists-3.0.0.tgz. Extracting by manifest.
1091 silly tarball no local data for @react-native/codegen@https://registry.npmjs.org/@react-native/codegen/-/codegen-0.76.5.tgz. Extracting by manifest.
1092 silly tarball no local data for p-locate@https://registry.npmjs.org/p-locate/-/p-locate-3.0.0.tgz. Extracting by manifest.
1093 silly tarball no local data for lru-cache@https://registry.npmjs.org/lru-cache/-/lru-cache-10.4.3.tgz. Extracting by manifest.
1094 silly tarball no local data for p-limit@https://registry.npmjs.org/p-limit/-/p-limit-2.3.0.tgz. Extracting by manifest.
1095 silly tarball no local data for @react-native/normalize-colors@https://registry.npmjs.org/@react-native/normalize-colors/-/normalize-colors-0.76.5.tgz. Extracting by manifest.
1096 silly tarball no local data for locate-path@https://registry.npmjs.org/locate-path/-/locate-path-3.0.0.tgz. Extracting by manifest.
1097 silly tarball no local data for escape-string-regexp@https://registry.npmjs.org/escape-string-regexp/-/escape-string-regexp-1.0.5.tgz. Extracting by manifest.
1098 silly tarball no local data for has-flag@https://registry.npmjs.org/has-flag/-/has-flag-3.0.0.tgz. Extracting by manifest.
1099 silly tarball no local data for find-up@https://registry.npmjs.org/find-up/-/find-up-3.0.0.tgz. Extracting by manifest.
1100 silly tarball no local data for supports-color@https://registry.npmjs.org/supports-color/-/supports-color-5.5.0.tgz. Extracting by manifest.
1101 silly tarball no local data for strip-ansi@https://registry.npmjs.org/strip-ansi/-/strip-ansi-5.2.0.tgz. Extracting by manifest.
1102 silly tarball no local data for color-convert@https://registry.npmjs.org/color-convert/-/color-convert-1.9.3.tgz. Extracting by manifest.
1103 silly tarball no local data for ansi-styles@https://registry.npmjs.org/ansi-styles/-/ansi-styles-3.2.1.tgz. Extracting by manifest.
1104 silly tarball no local data for ansi-regex@https://registry.npmjs.org/ansi-regex/-/ansi-regex-4.1.1.tgz. Extracting by manifest.
1105 silly tarball no local data for color-name@https://registry.npmjs.org/color-name/-/color-name-1.1.3.tgz. Extracting by manifest.
1106 silly tarball no local data for chalk@https://registry.npmjs.org/chalk/-/chalk-2.4.2.tgz. Extracting by manifest.
1107 silly tarball no local data for path-key@https://registry.npmjs.org/path-key/-/path-key-2.0.1.tgz. Extracting by manifest.
1108 silly tarball no local data for semver@https://registry.npmjs.org/semver/-/semver-7.8.5.tgz. Extracting by manifest.
1109 silly tarball no local data for minipass@https://registry.npmjs.org/minipass/-/minipass-3.3.6.tgz. Extracting by manifest.
1110 silly tarball no local data for yallist@https://registry.npmjs.org/yallist/-/yallist-4.0.0.tgz. Extracting by manifest.
1111 silly tarball no local data for minipass@https://registry.npmjs.org/minipass/-/minipass-3.3.6.tgz. Extracting by manifest.
1112 silly tarball no local data for yallist@https://registry.npmjs.org/yallist/-/yallist-4.0.0.tgz. Extracting by manifest.
1113 silly tarball no local data for mime-db@https://registry.npmjs.org/mime-db/-/mime-db-1.52.0.tgz. Extracting by manifest.
1114 silly tarball no local data for picomatch@https://registry.npmjs.org/picomatch/-/picomatch-2.3.2.tgz. Extracting by manifest.
1115 silly tarball no local data for debug@https://registry.npmjs.org/debug/-/debug-2.6.9.tgz. Extracting by manifest.
1116 silly tarball no local data for yallist@https://registry.npmjs.org/yallist/-/yallist-4.0.0.tgz. Extracting by manifest.
1117 silly tarball no local data for minipass@https://registry.npmjs.org/minipass/-/minipass-3.3.6.tgz. Extracting by manifest.
1118 silly tarball no local data for hermes-parser@https://registry.npmjs.org/hermes-parser/-/hermes-parser-0.25.1.tgz. Extracting by manifest.
1119 silly tarball no local data for ws@https://registry.npmjs.org/ws/-/ws-7.5.13.tgz. Extracting by manifest.
1120 silly tarball no local data for ms@https://registry.npmjs.org/ms/-/ms-2.0.0.tgz. Extracting by manifest.
1121 silly tarball no local data for hermes-estree@https://registry.npmjs.org/hermes-estree/-/hermes-estree-0.25.1.tgz. Extracting by manifest.
1122 silly tarball no local data for hermes-parser@https://registry.npmjs.org/hermes-parser/-/hermes-parser-0.25.1.tgz. Extracting by manifest.
1123 silly tarball no local data for ms@https://registry.npmjs.org/ms/-/ms-2.0.0.tgz. Extracting by manifest.
1124 silly tarball no local data for supports-color@https://registry.npmjs.org/supports-color/-/supports-color-5.5.0.tgz. Extracting by manifest.
1125 silly tarball no local data for hermes-estree@https://registry.npmjs.org/hermes-estree/-/hermes-estree-0.25.1.tgz. Extracting by manifest.
1126 silly tarball no local data for semver@https://registry.npmjs.org/semver/-/semver-5.7.2.tgz. Extracting by manifest.
1127 silly tarball no local data for debug@https://registry.npmjs.org/debug/-/debug-2.6.9.tgz. Extracting by manifest.
1128 silly tarball no local data for ci-info@https://registry.npmjs.org/ci-info/-/ci-info-2.0.0.tgz. Extracting by manifest.
1129 silly tarball no local data for has-flag@https://registry.npmjs.org/has-flag/-/has-flag-3.0.0.tgz. Extracting by manifest.
1130 silly tarball no local data for lru-cache@https://registry.npmjs.org/lru-cache/-/lru-cache-11.5.2.tgz. Extracting by manifest.
1131 silly tarball no local data for color-name@https://registry.npmjs.org/color-name/-/color-name-1.1.3.tgz. Extracting by manifest.
1132 silly tarball no local data for ms@https://registry.npmjs.org/ms/-/ms-2.0.0.tgz. Extracting by manifest.
1133 silly tarball no local data for debug@https://registry.npmjs.org/debug/-/debug-2.6.9.tgz. Extracting by manifest.
1134 silly tarball no local data for jose@https://registry.npmjs.org/jose/-/jose-4.15.9.tgz. Extracting by manifest.
1135 silly tarball no local data for color-convert@https://registry.npmjs.org/color-convert/-/color-convert-1.9.3.tgz. Extracting by manifest.
1136 silly tarball no local data for lru-cache@https://registry.npmjs.org/lru-cache/-/lru-cache-11.5.2.tgz. Extracting by manifest.
1137 silly tarball no local data for supports-color@https://registry.npmjs.org/supports-color/-/supports-color-8.1.1.tgz. Extracting by manifest.
1138 silly tarball no local data for picomatch@https://registry.npmjs.org/picomatch/-/picomatch-2.3.2.tgz. Extracting by manifest.
1139 silly tarball no local data for semver@https://registry.npmjs.org/semver/-/semver-7.8.5.tgz. Extracting by manifest.
1140 silly tarball no local data for chalk@https://registry.npmjs.org/chalk/-/chalk-2.4.2.tgz. Extracting by manifest.
1141 silly tarball no local data for ansi-styles@https://registry.npmjs.org/ansi-styles/-/ansi-styles-3.2.1.tgz. Extracting by manifest.
1142 silly tarball no local data for agent-base@https://registry.npmjs.org/agent-base/-/agent-base-6.0.2.tgz. Extracting by manifest.
1143 silly tarball no local data for escape-string-regexp@https://registry.npmjs.org/escape-string-regexp/-/escape-string-regexp-1.0.5.tgz. Extracting by manifest.
1144 silly tarball no local data for resolve-from@https://registry.npmjs.org/resolve-from/-/resolve-from-3.0.0.tgz. Extracting by manifest.
1145 silly tarball no local data for statuses@https://registry.npmjs.org/statuses/-/statuses-2.0.2.tgz. Extracting by manifest.
1146 silly tarball no local data for lru-cache@https://registry.npmjs.org/lru-cache/-/lru-cache-10.4.3.tgz. Extracting by manifest.
1147 silly tarball no local data for rimraf@https://registry.npmjs.org/rimraf/-/rimraf-5.0.10.tgz. Extracting by manifest.
1148 silly tarball no local data for teeny-request@https://registry.npmjs.org/teeny-request/-/teeny-request-10.1.4.tgz. Extracting by manifest.
1149 silly tarball no local data for camelcase@https://registry.npmjs.org/camelcase/-/camelcase-6.3.0.tgz. Extracting by manifest.
1150 silly tarball no local data for retry-request@https://registry.npmjs.org/retry-request/-/retry-request-8.0.4.tgz. Extracting by manifest.
1151 silly tarball no local data for http-proxy-agent@https://registry.npmjs.org/http-proxy-agent/-/http-proxy-agent-7.0.2.tgz. Extracting by manifest.
1152 silly tarball no local data for @grpc/proto-loader@https://registry.npmjs.org/@grpc/proto-loader/-/proto-loader-0.8.1.tgz. Extracting by manifest.
1153 silly tarball no local data for @grpc/grpc-js@https://registry.npmjs.org/@grpc/grpc-js/-/grpc-js-1.14.4.tgz. Extracting by manifest.
1154 silly tarball no local data for minimatch@https://registry.npmjs.org/minimatch/-/minimatch-9.0.9.tgz. Extracting by manifest.
1155 silly tarball no local data for gaxios@https://registry.npmjs.org/gaxios/-/gaxios-7.3.0.tgz. Extracting by manifest.
1156 silly tarball no local data for google-auth-library@https://registry.npmjs.org/google-auth-library/-/google-auth-library-10.5.0.tgz. Extracting by manifest.
1157 silly tarball no local data for gtoken@https://registry.npmjs.org/gtoken/-/gtoken-8.0.0.tgz. Extracting by manifest.
1158 silly tarball no local data for gaxios@https://registry.npmjs.org/gaxios/-/gaxios-7.3.0.tgz. Extracting by manifest.
1159 silly tarball no local data for node-fetch@https://registry.npmjs.org/node-fetch/-/node-fetch-3.3.2.tgz. Extracting by manifest.
1160 silly tarball no local data for uuid@https://registry.npmjs.org/uuid/-/uuid-9.0.1.tgz. Extracting by manifest.
1161 silly tarball no local data for node-fetch@https://registry.npmjs.org/node-fetch/-/node-fetch-3.3.2.tgz. Extracting by manifest.
1162 silly tarball no local data for @firebase/util@https://registry.npmjs.org/@firebase/util/-/util-1.15.2.tgz. Extracting by manifest.
1163 silly tarball no local data for is-stream@https://registry.npmjs.org/is-stream/-/is-stream-2.0.1.tgz. Extracting by manifest.
1164 silly tarball no local data for @firebase/database-compat@https://registry.npmjs.org/@firebase/database-compat/-/database-compat-2.1.5.tgz. Extracting by manifest.
1165 silly tarball no local data for gaxios@https://registry.npmjs.org/gaxios/-/gaxios-7.3.0.tgz. Extracting by manifest.
1166 silly tarball no local data for @firebase/logger@https://registry.npmjs.org/@firebase/logger/-/logger-0.5.1.tgz. Extracting by manifest.
1167 silly tarball no local data for @firebase/component@https://registry.npmjs.org/@firebase/component/-/component-0.7.4.tgz. Extracting by manifest.
1168 silly tarball no local data for @firebase/database-types@https://registry.npmjs.org/@firebase/database-types/-/database-types-1.0.21.tgz. Extracting by manifest.
1169 silly tarball no local data for semver@https://registry.npmjs.org/semver/-/semver-7.6.3.tgz. Extracting by manifest.
1170 silly tarball no local data for brace-expansion@https://registry.npmjs.org/brace-expansion/-/brace-expansion-2.1.3.tgz. Extracting by manifest.
1171 silly tarball no local data for node-fetch@https://registry.npmjs.org/node-fetch/-/node-fetch-3.3.2.tgz. Extracting by manifest.
1172 silly tarball no local data for @firebase/database@https://registry.npmjs.org/@firebase/database/-/database-1.1.4.tgz. Extracting by manifest.
1173 silly tarball no local data for @firebase/auth-interop-types@https://registry.npmjs.org/@firebase/auth-interop-types/-/auth-interop-types-0.2.5.tgz. Extracting by manifest.
1174 silly tarball no local data for debug@https://registry.npmjs.org/debug/-/debug-2.6.9.tgz. Extracting by manifest.
1175 silly tarball no local data for @firebase/app-types@https://registry.npmjs.org/@firebase/app-types/-/app-types-0.9.5.tgz. Extracting by manifest.
1176 silly tarball no local data for ms@https://registry.npmjs.org/ms/-/ms-2.0.0.tgz. Extracting by manifest.
1177 silly tarball no local data for @firebase/app-check-interop-types@https://registry.npmjs.org/@firebase/app-check-interop-types/-/app-check-interop-types-0.3.4.tgz. Extracting by manifest.
1178 silly tarball no local data for expo-keep-awake@https://registry.npmjs.org/expo-keep-awake/-/expo-keep-awake-14.0.3.tgz. Extracting by manifest.
1179 silly tarball no local data for jsonfile@https://registry.npmjs.org/jsonfile/-/jsonfile-6.2.1.tgz. Extracting by manifest.
1180 silly tarball no local data for expo-file-system@https://registry.npmjs.org/expo-file-system/-/expo-file-system-18.0.12.tgz. Extracting by manifest.
1181 silly tarball no local data for universalify@https://registry.npmjs.org/universalify/-/universalify-2.0.1.tgz. Extracting by manifest.
1182 silly tarball no local data for fs-extra@https://registry.npmjs.org/fs-extra/-/fs-extra-9.1.0.tgz. Extracting by manifest.
1183 silly tarball no local data for which@https://registry.npmjs.org/which/-/which-1.3.1.tgz. Extracting by manifest.
1184 silly tarball no local data for picocolors@https://registry.npmjs.org/picocolors/-/picocolors-1.0.0.tgz. Extracting by manifest.
1185 silly tarball no local data for signal-exit@https://registry.npmjs.org/signal-exit/-/signal-exit-3.0.7.tgz. Extracting by manifest.
1186 silly tarball no local data for shebang-regex@https://registry.npmjs.org/shebang-regex/-/shebang-regex-1.0.0.tgz. Extracting by manifest.
1187 silly tarball no local data for semver@https://registry.npmjs.org/semver/-/semver-5.7.2.tgz. Extracting by manifest.
1188 silly tarball no local data for shebang-command@https://registry.npmjs.org/shebang-command/-/shebang-command-1.2.0.tgz. Extracting by manifest.
1189 silly tarball no local data for path-key@https://registry.npmjs.org/path-key/-/path-key-2.0.1.tgz. Extracting by manifest.
1190 silly tarball no local data for signal-exit@https://registry.npmjs.org/signal-exit/-/signal-exit-4.0.2.tgz. Extracting by manifest.
1191 silly tarball no local data for cross-spawn@https://registry.npmjs.org/cross-spawn/-/cross-spawn-6.0.6.tgz. Extracting by manifest.
1192 silly tarball no local data for async-listen@https://registry.npmjs.org/async-listen/-/async-listen-3.0.1.tgz. Extracting by manifest.
1193 silly tarball no local data for debug@https://registry.npmjs.org/debug/-/debug-2.6.9.tgz. Extracting by manifest.
1194 silly tarball no local data for js-yaml@https://registry.npmjs.org/js-yaml/-/js-yaml-3.15.0.tgz. Extracting by manifest.
1195 silly tarball no local data for ms@https://registry.npmjs.org/ms/-/ms-2.0.0.tgz. Extracting by manifest.
1196 silly tarball no local data for mkdirp@https://registry.npmjs.org/mkdirp/-/mkdirp-1.0.4.tgz. Extracting by manifest.
1197 silly tarball no local data for argparse@https://registry.npmjs.org/argparse/-/argparse-1.0.10.tgz. Extracting by manifest.
1198 silly tarball no local data for ms@https://registry.npmjs.org/ms/-/ms-2.0.0.tgz. Extracting by manifest.
1199 silly tarball no local data for debug@https://registry.npmjs.org/debug/-/debug-2.6.9.tgz. Extracting by manifest.
1200 silly tarball no local data for negotiator@https://registry.npmjs.org/negotiator/-/negotiator-0.6.4.tgz. Extracting by manifest.
1201 silly tarball no local data for lru-cache@https://registry.npmjs.org/lru-cache/-/lru-cache-10.4.3.tgz. Extracting by manifest.
1202 silly tarball no local data for strip-ansi@https://registry.npmjs.org/strip-ansi/-/strip-ansi-6.0.1.tgz. Extracting by manifest.
1203 silly tarball no local data for open@https://registry.npmjs.org/open/-/open-8.4.2.tgz. Extracting by manifest.
1204 silly tarball no local data for picomatch@https://registry.npmjs.org/picomatch/-/picomatch-2.3.2.tgz. Extracting by manifest.
1205 silly tarball no local data for string-width@https://registry.npmjs.org/string-width/-/string-width-4.2.3.tgz. Extracting by manifest.
1206 silly tarball no local data for emoji-regex@https://registry.npmjs.org/emoji-regex/-/emoji-regex-8.0.0.tgz. Extracting by manifest.
1207 silly tarball no local data for ajv@https://registry.npmjs.org/ajv/-/ajv-8.6.3.tgz. Extracting by manifest.
1208 silly tarball no local data for type-fest@https://registry.npmjs.org/type-fest/-/type-fest-0.21.3.tgz. Extracting by manifest.
1209 silly tarball no local data for hermes-parser@https://registry.npmjs.org/hermes-parser/-/hermes-parser-0.25.1.tgz. Extracting by manifest.
1210 silly tarball no local data for universalify@https://registry.npmjs.org/universalify/-/universalify-2.0.1.tgz. Extracting by manifest.
1211 silly tarball no local data for hermes-estree@https://registry.npmjs.org/hermes-estree/-/hermes-estree-0.25.1.tgz. Extracting by manifest.
1212 silly tarball no local data for undici@https://registry.npmjs.org/undici/-/undici-5.28.4.tgz. Extracting by manifest.
1213 silly tarball no local data for minimatch@https://registry.npmjs.org/minimatch/-/minimatch-10.1.1.tgz. Extracting by manifest.
1214 silly tarball no local data for typescript@https://registry.npmjs.org/typescript/-/typescript-5.9.3.tgz. Extracting by manifest.
1215 silly tarball no local data for node-fetch@https://registry.npmjs.org/node-fetch/-/node-fetch-2.6.9.tgz. Extracting by manifest.
1216 silly tarball no local data for fs-extra@https://registry.npmjs.org/fs-extra/-/fs-extra-11.1.1.tgz. Extracting by manifest.
1217 silly tarball no local data for jsonfile@https://registry.npmjs.org/jsonfile/-/jsonfile-6.2.1.tgz. Extracting by manifest.
1218 silly tarball no local data for @types/node@https://registry.npmjs.org/@types/node/-/node-20.11.0.tgz. Extracting by manifest.
1219 silly tarball no local data for picomatch@https://registry.npmjs.org/picomatch/-/picomatch-4.0.5.tgz. Extracting by manifest.
1220 silly tarball no local data for js-yaml@https://registry.npmjs.org/js-yaml/-/js-yaml-4.1.1.tgz. Extracting by manifest.
1221 silly tarball no local data for undici-types@https://registry.npmjs.org/undici-types/-/undici-types-5.26.5.tgz. Extracting by manifest.
1222 silly tarball no local data for path-scurry@https://registry.npmjs.org/path-scurry/-/path-scurry-2.0.2.tgz. Extracting by manifest.
1223 silly tarball no local data for @fastify/busboy@https://registry.npmjs.org/@fastify/busboy/-/busboy-2.1.1.tgz. Extracting by manifest.
1224 silly tarball no local data for es-module-lexer@https://registry.npmjs.org/es-module-lexer/-/es-module-lexer-1.5.0.tgz. Extracting by manifest.
1225 silly tarball no local data for minimatch@https://registry.npmjs.org/minimatch/-/minimatch-10.2.6.tgz. Extracting by manifest.
1226 silly tarball no local data for lru-cache@https://registry.npmjs.org/lru-cache/-/lru-cache-11.5.2.tgz. Extracting by manifest.
1227 silly tarball no local data for form-data@https://registry.npmjs.org/form-data/-/form-data-2.5.6.tgz. Extracting by manifest.
1228 silly tarball no local data for picomatch@https://registry.npmjs.org/picomatch/-/picomatch-4.0.5.tgz. Extracting by manifest.
1229 silly tarball no local data for glob@https://registry.npmjs.org/glob/-/glob-13.0.6.tgz. Extracting by manifest.
1230 silly tarball no local data for mkdirp@https://registry.npmjs.org/mkdirp/-/mkdirp-1.0.4.tgz. Extracting by manifest.
1231 silly tarball no local data for balanced-match@https://registry.npmjs.org/balanced-match/-/balanced-match-4.0.4.tgz. Extracting by manifest.
1232 silly tarball no local data for brace-expansion@https://registry.npmjs.org/brace-expansion/-/brace-expansion-5.0.9.tgz. Extracting by manifest.
1233 silly tarball no local data for ms@https://registry.npmjs.org/ms/-/ms-2.0.0.tgz. Extracting by manifest.
1234 silly tarball no local data for @react-native/babel-preset@https://registry.npmjs.org/@react-native/babel-preset/-/babel-preset-0.76.5.tgz. Extracting by manifest.
1235 silly tarball no local data for glob@https://registry.npmjs.org/glob/-/glob-7.2.3.tgz. Extracting by manifest.
1236 silly tarball no local data for @react-native/babel-plugin-codegen@https://registry.npmjs.org/@react-native/babel-plugin-codegen/-/babel-plugin-codegen-0.76.5.tgz. Extracting by manifest.
1237 silly tarball no local data for @react-native/codegen@https://registry.npmjs.org/@react-native/codegen/-/codegen-0.76.5.tgz. Extracting by manifest.
1238 silly tarball no local data for ws@https://registry.npmjs.org/ws/-/ws-6.2.6.tgz. Extracting by manifest.
1239 silly tarball no local data for onetime@https://registry.npmjs.org/onetime/-/onetime-5.1.2.tgz. Extracting by manifest.
1240 silly tarball no local data for debug@https://registry.npmjs.org/debug/-/debug-2.6.9.tgz. Extracting by manifest.
1241 silly tarball no local data for ws@https://registry.npmjs.org/ws/-/ws-6.2.6.tgz. Extracting by manifest.
1242 silly tarball no local data for semver@https://registry.npmjs.org/semver/-/semver-7.8.5.tgz. Extracting by manifest.
1243 silly tarball no local data for npm-run-path@https://registry.npmjs.org/npm-run-path/-/npm-run-path-4.0.1.tgz. Extracting by manifest.
1244 silly tarball no local data for signal-exit@https://registry.npmjs.org/signal-exit/-/signal-exit-3.0.7.tgz. Extracting by manifest.
1245 silly tarball no local data for ms@https://registry.npmjs.org/ms/-/ms-2.0.0.tgz. Extracting by manifest.
1246 silly tarball no local data for is-stream@https://registry.npmjs.org/is-stream/-/is-stream-2.0.1.tgz. Extracting by manifest.
1247 silly tarball no local data for get-stream@https://registry.npmjs.org/get-stream/-/get-stream-6.0.1.tgz. Extracting by manifest.
1248 silly tarball no local data for mimic-fn@https://registry.npmjs.org/mimic-fn/-/mimic-fn-2.1.0.tgz. Extracting by manifest.
1249 silly tarball no local data for glob@https://registry.npmjs.org/glob/-/glob-7.2.3.tgz. Extracting by manifest.
1250 silly tarball no local data for semver@https://registry.npmjs.org/semver/-/semver-7.8.5.tgz. Extracting by manifest.
1251 silly tarball no local data for execa@https://registry.npmjs.org/execa/-/execa-5.1.1.tgz. Extracting by manifest.
1252 silly tarball no local data for debug@https://registry.npmjs.org/debug/-/debug-2.6.9.tgz. Extracting by manifest.
1253 silly tarball no local data for tar@https://registry.npmjs.org/tar/-/tar-7.5.22.tgz. Extracting by manifest.
1254 silly tarball no local data for yallist@https://registry.npmjs.org/yallist/-/yallist-5.0.0.tgz. Extracting by manifest.
1255 silly tarball no local data for @react-native/dev-middleware@https://registry.npmjs.org/@react-native/dev-middleware/-/dev-middleware-0.76.5.tgz. Extracting by manifest.
1256 silly tarball no local data for @react-native/debugger-frontend@https://registry.npmjs.org/@react-native/debugger-frontend/-/debugger-frontend-0.76.5.tgz. Extracting by manifest.
1257 silly tarball no local data for semver@https://registry.npmjs.org/semver/-/semver-7.8.5.tgz. Extracting by manifest.
1258 silly tarball no local data for signal-exit@https://registry.npmjs.org/signal-exit/-/signal-exit-3.0.7.tgz. Extracting by manifest.
1259 silly tarball no local data for minizlib@https://registry.npmjs.org/minizlib/-/minizlib-3.1.0.tgz. Extracting by manifest.
1260 silly tarball no local data for p-locate@https://registry.npmjs.org/p-locate/-/p-locate-4.1.0.tgz. Extracting by manifest.
1261 silly tarball no local data for chownr@https://registry.npmjs.org/chownr/-/chownr-3.0.0.tgz. Extracting by manifest.
1262 silly tarball no local data for locate-path@https://registry.npmjs.org/locate-path/-/locate-path-5.0.0.tgz. Extracting by manifest.
1263 silly tarball no local data for detect-libc@https://registry.npmjs.org/detect-libc/-/detect-libc-2.1.2.tgz. Extracting by manifest.
1264 silly tarball no local data for write-file-atomic@https://registry.npmjs.org/write-file-atomic/-/write-file-atomic-4.0.2.tgz. Extracting by manifest.
1265 silly tarball no local data for p-limit@https://registry.npmjs.org/p-limit/-/p-limit-2.3.0.tgz. Extracting by manifest.
1266 silly tarball no local data for mime@https://registry.npmjs.org/mime/-/mime-3.0.0.tgz. Extracting by manifest.
1267 silly tarball no local data for ansi-styles@https://registry.npmjs.org/ansi-styles/-/ansi-styles-6.2.3.tgz. Extracting by manifest.
1268 silly tarball no local data for google-auth-library@https://registry.npmjs.org/google-auth-library/-/google-auth-library-9.15.1.tgz. Extracting by manifest.
1269 silly tarball no local data for google-logging-utils@https://registry.npmjs.org/google-logging-utils/-/google-logging-utils-0.0.2.tgz. Extracting by manifest.
1270 silly tarball no local data for gcp-metadata@https://registry.npmjs.org/gcp-metadata/-/gcp-metadata-6.1.1.tgz. Extracting by manifest.
1271 silly tarball no local data for wrap-ansi@https://registry.npmjs.org/wrap-ansi/-/wrap-ansi-8.1.0.tgz. Extracting by manifest.
1272 silly tarball no local data for argparse@https://registry.npmjs.org/argparse/-/argparse-1.0.10.tgz. Extracting by manifest.
1273 silly tarball no local data for undici@https://registry.npmjs.org/undici/-/undici-6.19.7.tgz. Extracting by manifest.
1274 silly tarball no local data for find-up@https://registry.npmjs.org/find-up/-/find-up-4.1.0.tgz. Extracting by manifest.
1275 silly tarball no local data for js-yaml@https://registry.npmjs.org/js-yaml/-/js-yaml-3.15.0.tgz. Extracting by manifest.
1276 silly tarball no local data for undici@https://registry.npmjs.org/undici/-/undici-6.19.7.tgz. Extracting by manifest.
1277 silly tarball no local data for undici@https://registry.npmjs.org/undici/-/undici-6.19.7.tgz. Extracting by manifest.
1278 silly tarball no local data for undici@https://registry.npmjs.org/undici/-/undici-6.19.7.tgz. Extracting by manifest.
1279 silly tarball no local data for semver@https://registry.npmjs.org/semver/-/semver-7.8.5.tgz. Extracting by manifest.
1280 silly tarball no local data for universalify@https://registry.npmjs.org/universalify/-/universalify-2.0.1.tgz. Extracting by manifest.
1281 silly tarball no local data for undici@https://registry.npmjs.org/undici/-/undici-6.19.7.tgz. Extracting by manifest.
1282 silly tarball no local data for universalify@https://registry.npmjs.org/universalify/-/universalify-1.0.0.tgz. Extracting by manifest.
1283 silly tarball no local data for @expo/json-file@https://registry.npmjs.org/@expo/json-file/-/json-file-11.0.1.tgz. Extracting by manifest.
1284 silly tarball no local data for fs-extra@https://registry.npmjs.org/fs-extra/-/fs-extra-9.1.0.tgz. Extracting by manifest.
1285 silly tarball no local data for universalify@https://registry.npmjs.org/universalify/-/universalify-2.0.1.tgz. Extracting by manifest.
1286 silly tarball no local data for jsonfile@https://registry.npmjs.org/jsonfile/-/jsonfile-6.2.1.tgz. Extracting by manifest.
1287 silly tarball no local data for @babel/code-frame@https://registry.npmjs.org/@babel/code-frame/-/code-frame-7.10.4.tgz. Extracting by manifest.
1288 silly tarball no local data for semver@https://registry.npmjs.org/semver/-/semver-7.8.5.tgz. Extracting by manifest.
1289 silly tarball no local data for jsonfile@https://registry.npmjs.org/jsonfile/-/jsonfile-6.2.1.tgz. Extracting by manifest.
1290 silly tarball no local data for @babel/code-frame@https://registry.npmjs.org/@babel/code-frame/-/code-frame-7.10.4.tgz. Extracting by manifest.
1291 silly tarball no local data for fs-extra@https://registry.npmjs.org/fs-extra/-/fs-extra-9.1.0.tgz. Extracting by manifest.
1292 silly tarball no local data for fs-extra@https://registry.npmjs.org/fs-extra/-/fs-extra-9.0.0.tgz. Extracting by manifest.
1293 silly tarball no local data for @expo/json-file@https://registry.npmjs.org/@expo/json-file/-/json-file-9.0.2.tgz. Extracting by manifest.
1294 silly tarball no local data for semver@https://registry.npmjs.org/semver/-/semver-7.8.5.tgz. Extracting by manifest.
1295 silly tarball no local data for @babel/code-frame@https://registry.npmjs.org/@babel/code-frame/-/code-frame-7.10.4.tgz. Extracting by manifest.
1296 silly tarball no local data for universalify@https://registry.npmjs.org/universalify/-/universalify-2.0.1.tgz. Extracting by manifest.
1297 silly tarball no local data for debug@https://registry.npmjs.org/debug/-/debug-3.2.7.tgz. Extracting by manifest.
1298 silly tarball no local data for semver@https://registry.npmjs.org/semver/-/semver-7.8.5.tgz. Extracting by manifest.
1299 silly tarball no local data for jsonfile@https://registry.npmjs.org/jsonfile/-/jsonfile-6.2.1.tgz. Extracting by manifest.
1300 silly tarball no local data for @expo/json-file@https://registry.npmjs.org/@expo/json-file/-/json-file-9.0.2.tgz. Extracting by manifest.
1301 silly tarball no local data for semver@https://registry.npmjs.org/semver/-/semver-7.8.5.tgz. Extracting by manifest.
1302 silly tarball no local data for @babel/code-frame@https://registry.npmjs.org/@babel/code-frame/-/code-frame-7.10.4.tgz. Extracting by manifest.
1303 silly tarball no local data for semver@https://registry.npmjs.org/semver/-/semver-7.8.5.tgz. Extracting by manifest.
1304 silly tarball no local data for supports-color@https://registry.npmjs.org/supports-color/-/supports-color-5.5.0.tgz. Extracting by manifest.
1305 silly tarball no local data for babel-plugin-polyfill-corejs3@https://registry.npmjs.org/babel-plugin-polyfill-corejs3/-/babel-plugin-polyfill-corejs3-0.14.2.tgz. Extracting by manifest.
1306 silly tarball no local data for has-flag@https://registry.npmjs.org/has-flag/-/has-flag-3.0.0.tgz. Extracting by manifest.
1307 silly tarball no local data for escape-string-regexp@https://registry.npmjs.org/escape-string-regexp/-/escape-string-regexp-1.0.5.tgz. Extracting by manifest.
1308 silly tarball no local data for color-name@https://registry.npmjs.org/color-name/-/color-name-1.1.3.tgz. Extracting by manifest.
1309 silly tarball no local data for color-convert@https://registry.npmjs.org/color-convert/-/color-convert-1.9.3.tgz. Extracting by manifest.
1310 silly tarball no local data for chalk@https://registry.npmjs.org/chalk/-/chalk-2.4.2.tgz. Extracting by manifest.
1311 silly tarball no local data for ansi-styles@https://registry.npmjs.org/ansi-styles/-/ansi-styles-3.2.1.tgz. Extracting by manifest.
1312 http fetch POST 200 https://registry.npmjs.org/-/npm/v1/security/advisories/bulk 1932ms
1313 silly audit report {
1313 silly audit report   undici: [
1313 silly audit report     {
1313 silly audit report       id: 1101609,
1313 silly audit report       url: 'https://github.com/advisories/GHSA-c76h-2ccp-4975',
1313 silly audit report       title: 'Use of Insufficiently Random Values in undici',
1313 silly audit report       severity: 'moderate',
1313 silly audit report       vulnerable_versions: '>=6.0.0 <6.21.1',
1313 silly audit report       cwe: [Array],
1313 silly audit report       cvss: [Object]
1313 silly audit report     },
1313 silly audit report     {
1313 silly audit report       id: 1101610,
1313 silly audit report       url: 'https://github.com/advisories/GHSA-c76h-2ccp-4975',
1313 silly audit report       title: 'Use of Insufficiently Random Values in undici',
1313 silly audit report       severity: 'moderate',
1313 silly audit report       vulnerable_versions: '>=4.5.0 <5.28.5',
1313 silly audit report       cwe: [Array],
1313 silly audit report       cvss: [Object]
1313 silly audit report     },
1313 silly audit report     {
1313 silly audit report       id: 1112496,
1313 silly audit report       url: 'https://github.com/advisories/GHSA-g9mf-h72j-4rw9',
1313 silly audit report       title: 'Undici has an unbounded decompression chain in HTTP responses on Node.js Fetch API via Content-Encoding leads to resource exhaustion',
1313 silly audit report       severity: 'moderate',
1313 silly audit report       vulnerable_versions: '<6.23.0',
1313 silly audit report       cwe: [Array],
1313 silly audit report       cvss: [Object]
1313 silly audit report     },
1313 silly audit report     {
1313 silly audit report       id: 1113068,
1313 silly audit report       url: 'https://github.com/advisories/GHSA-cxrh-j4jr-qwg3',
1313 silly audit report       title: 'undici Denial of Service attack via bad certificate data',
1313 silly audit report       severity: 'low',
1313 silly audit report       vulnerable_versions: '>=6.0.0 <6.21.2',
1313 silly audit report       cwe: [Array],
1313 silly audit report       cvss: [Object]
1313 silly audit report     },
1313 silly audit report     {
1313 silly audit report       id: 1113069,
1313 silly audit report       url: 'https://github.com/advisories/GHSA-cxrh-j4jr-qwg3',
1313 silly audit report       title: 'undici Denial of Service attack via bad certificate data',
1313 silly audit report       severity: 'low',
1313 silly audit report       vulnerable_versions: '<5.29.0',
1313 silly audit report       cwe: [Array],
1313 silly audit report       cvss: [Object]
1313 silly audit report     },
1313 silly audit report     {
1313 silly audit report       id: 1114592,
1313 silly audit report       url: 'https://github.com/advisories/GHSA-f269-vfmq-vjvj',
1313 silly audit report       title: 'Undici: Malicious WebSocket 64-bit length overflows parser and crashes the client',
1313 silly audit report       severity: 'high',
1313 silly audit report       vulnerable_versions: '>=6.0.0 <6.24.0',
1313 silly audit report       cwe: [Array],
1313 silly audit report       cvss: [Object]
1313 silly audit report     },
1313 silly audit report     {
1313 silly audit report       id: 1114594,
1313 silly audit report       url: 'https://github.com/advisories/GHSA-2mjp-6q6p-2qxm',
1313 silly audit report       title: 'Undici has an HTTP Request/Response Smuggling issue',
1313 silly audit report       severity: 'moderate',
1313 silly audit report       vulnerable_versions: '<6.24.0',
1313 silly audit report       cwe: [Array],
1313 silly audit report       cvss: [Object]
1313 silly audit report     },
1313 silly audit report     {
1313 silly audit report       id: 1114638,
1313 silly audit report       url: 'https://github.com/advisories/GHSA-vrm6-8vpv-qv8q',
1313 silly audit report       title: 'Undici has Unbounded Memory Consumption in WebSocket permessage-deflate Decompression',
1313 silly audit report       severity: 'high',
1313 silly audit report       vulnerable_versions: '<6.24.0',
1313 silly audit report       cwe: [Array],
1313 silly audit report       cvss: [Object]
1313 silly audit report     },
1313 silly audit report     {
1313 silly audit report       id: 1114640,
1313 silly audit report       url: 'https://github.com/advisories/GHSA-v9p9-hfj2-hcw8',
1313 silly audit report       title: 'Undici has Unhandled Exception in WebSocket Client Due to Invalid server_max_window_bits Validation',
1313 silly audit report       severity: 'high',
1313 silly audit report       vulnerable_versions: '<6.24.0',
1313 silly audit report       cwe: [Array],
1313 silly audit report       cvss: [Object]
1313 silly audit report     },
1313 silly audit report     {
1313 silly audit report       id: 1114642,
1313 silly audit report       url: 'https://github.com/advisories/GHSA-4992-7rv2-5pvq',
1313 silly audit report       title: 'Undici has CRLF Injection in undici via `upgrade` option',
1313 silly audit report       severity: 'moderate',
1313 silly audit report       vulnerable_versions: '<6.24.0',
1313 silly audit report       cwe: [Array],
1313 silly audit report       cvss: [Object]
1313 silly audit report     },
1313 silly audit report     {
1313 silly audit report       id: 1130716,
1313 silly audit report       url: 'https://github.com/advisories/GHSA-8xcm-r25x-g524',
1313 silly audit report       title: 'undici vulnerable to downstream response desynchronization via retry interceptor',
1313 silly audit report       severity: 'moderate',
1313 silly audit report       vulnerable_versions: '<6.28.0',
1313 silly audit report       cwe: [Array],
1313 silly audit report       cvss: [Object]
1313 silly audit report     },
1313 silly audit report     {
1313 silly audit report       id: 1130727,
1313 silly audit report       url: 'https://github.com/advisories/GHSA-m8rv-5g2x-5cg5',
1313 silly audit report       title: "undici vulnerable to CRLF Injection via blob-like body 'type' property",
1313 silly audit report       severity: 'moderate',
1313 silly audit report       vulnerable_versions: '<6.28.0',
1313 silly audit report       cwe: [Array],
1313 silly audit report       cvss: [Object]
1313 silly audit report     },
1313 silly audit report     {
1313 silly audit report       id: 1130732,
1313 silly audit report       url: 'https://github.com/advisories/GHSA-v3r7-h72x-cjcm',
1313 silly audit report       title: 'undici vulnerable to cookie attribute injection via unsanitized domain and unparsed setCookie fields',
1313 silly audit report       severity: 'moderate',
1313 silly audit report       vulnerable_versions: '<6.28.0',
1313 silly audit report       cwe: [Array],
1313 silly audit report       cvss: [Object]
1313 silly audit report     },
1313 silly audit report     {
1313 silly audit report       id: 1121242,
1313 silly audit report       url: 'https://github.com/advisories/GHSA-p88m-4jfj-68fv',
1313 silly audit report       title: 'undici vulnerable to HTTP header injection via Set-Cookie percent-decoding',
1313 silly audit report       severity: 'moderate',
1313 silly audit report       vulnerable_versions: '<6.27.0',
1313 silly audit report       cwe: [Array],
1313 silly audit report       cvss: [Object]
1313 silly audit report     },
1313 silly audit report     {
1313 silly audit report       id: 1121245,
1313 silly audit report       url: 'https://github.com/advisories/GHSA-vxpw-j846-p89q',
1313 silly audit report       title: 'undici WebSocket client vulnerable to denial of service via fragment count bypass',
1313 silly audit report       severity: 'high',
1313 silly audit report       vulnerable_versions: '<6.27.0',
1313 silly audit report       cwe: [Array],
1313 silly audit report       cvss: [Object]
1313 silly audit report     },
1313 silly audit report     {
1313 silly audit report       id: 1121255,
1313 silly audit report       url: 'https://github.com/advisories/GHSA-g8m3-5g58-fq7m',
1313 silly audit report       title: 'undici vulnerable to Set-Cookie SameSite attribute downgrade via permissive substring matching',
1313 silly audit report       severity: 'low',
1313 silly audit report       vulnerable_versions: '<6.27.0',
1313 silly audit report       cwe: [Array],
1313 silly audit report       cvss: [Object]
1313 silly audit report     },
1313 silly audit report     {
1313 silly audit report       id: 1137243,
1313 silly audit report       url: 'https://github.com/advisories/GHSA-35p6-xmwp-9g52',
1313 silly audit report       title: 'undici vulnerable to HTTP response queue poisoning via keep-alive socket reuse',
1313 silly audit report       severity: 'low',
1313 silly audit report       vulnerable_versions: '<6.27.0',
1313 silly audit report       cwe: [Array],
1313 silly audit report       cvss: [Object]
1313 silly audit report     }
1313 silly audit report   ],
1313 silly audit report   'js-yaml': [
1313 silly audit report     {
1313 silly audit report       id: 1121860,
1313 silly audit report       url: 'https://github.com/advisories/GHSA-h67p-54hq-rp68',
1313 silly audit report       title: 'JS-YAML: Quadratic-complexity DoS in merge key handling via repeated aliases',
1313 silly audit report       severity: 'moderate',
1313 silly audit report       vulnerable_versions: '>=4.0.0 <=4.1.1',
1313 silly audit report       cwe: [Array],
1313 silly audit report       cvss: [Object]
1313 silly audit report     },
1313 silly audit report     {
1313 silly audit report       id: 1123911,
1313 silly audit report       url: 'https://github.com/advisories/GHSA-52cp-r559-cp3m',
1313 silly audit report       title: 'js-yaml: YAML merge-key chains can force quadratic CPU consumption',
1313 silly audit report       severity: 'high',
1313 silly audit report       vulnerable_versions: '>=4.0.0 <4.3.0',
1313 silly audit report       cwe: [Array],
1313 silly audit report       cvss: [Object]
1313 silly audit report     },
1313 silly audit report     {
1313 silly audit report       id: 1138114,
1313 silly audit report       url: 'https://github.com/advisories/GHSA-5p4m-2wfm-xmqj',
1313 silly audit report       title: 'JS-YAML: Quadratic CPU consumption in !!omap resolution (3.x and 4.x) — CVE-2026-59870 fix not backported',
1313 silly audit report       severity: 'high',
1313 silly audit report       vulnerable_versions: '>=3.0.0 <3.15.1',
1313 silly audit report       cwe: [Array],
1313 silly audit report       cvss: [Object]
1313 silly audit report     },
1313 silly audit report     {
1313 silly audit report       id: 1138115,
1313 silly audit report       url: 'https://github.com/advisories/GHSA-5p4m-2wfm-xmqj',
1313 silly audit report       title: 'JS-YAML: Quadratic CPU consumption in !!omap resolution (3.x and 4.x) — CVE-2026-59870 fix not backported',
1313 silly audit report       severity: 'high',
1313 silly audit report       vulnerable_versions: '>=4.0.0 <4.3.1',
1313 silly audit report       cwe: [Array],
1313 silly audit report       cvss: [Object]
1313 silly audit report     }
1313 silly audit report   ],
1313 silly audit report   tar: [
1313 silly audit report     {
1313 silly audit report       id: 1112659,
1313 silly audit report       url: 'https://github.com/advisories/GHSA-34x7-hfp2-rc4v',
1313 silly audit report       title: 'node-tar Vulnerable to Arbitrary File Creation/Overwrite via Hardlink Path Traversal',
1313 silly audit report       severity: 'high',
1313 silly audit report       vulnerable_versions: '<7.5.7',
1313 silly audit report       cwe: [Array],
1313 silly audit report       cvss: [Object]
1313 silly audit report     },
1313 silly audit report     {
1313 silly audit report       id: 1113300,
1313 silly audit report       url: 'https://github.com/advisories/GHSA-8qq5-rm4j-mr97',
1313 silly audit report       title: 'node-tar is Vulnerable to Arbitrary File Overwrite and Symlink Poisoning via Insufficient Path Sanitization',
1313 silly audit report       severity: 'high',
1313 silly audit report       vulnerable_versions: '<=7.5.2',
1313 silly audit report       cwe: [Array],
1313 silly audit report       cvss: [Object]
1313 silly audit report     },
1313 silly audit report     {
1313 silly audit report       id: 1113375,
1313 silly audit report       url: 'https://github.com/advisories/GHSA-83g3-92jg-28cx',
1313 silly audit report       title: 'Arbitrary File Read/Write via Hardlink Target Escape Through Symlink Chain in node-tar Extraction',
1313 silly audit report       severity: 'high',
1313 silly audit report       vulnerable_versions: '<7.5.8',
1313 silly audit report       cwe: [Array],
1313 silly audit report       cvss: [Object]
1313 silly audit report     },
1313 silly audit report     {
1313 silly audit report       id: 1114200,
1313 silly audit report       url: 'https://github.com/advisories/GHSA-qffp-2rhf-9h96',
1313 silly audit report       title: 'tar has Hardlink Path Traversal via Drive-Relative Linkpath',
1313 silly audit report       severity: 'high',
1313 silly audit report       vulnerable_versions: '<=7.5.9',
1313 silly audit report       cwe: [Array],
1313 silly audit report       cvss: [Object]
1313 silly audit report     },
1313 silly audit report     {
1313 silly audit report       id: 1114302,
1313 silly audit report       url: 'https://github.com/advisories/GHSA-9ppj-qmqm-q256',
1313 silly audit report       title: 'node-tar Symlink Path Traversal via Drive-Relative Linkpath',
1313 silly audit report       severity: 'high',
1313 silly audit report       vulnerable_versions: '<=7.5.10',
1313 silly audit report       cwe: [Array],
1313 silly audit report       cvss: [Object]
1313 silly audit report     },
1313 silly audit report     {
1313 silly audit report       id: 1120782,
1313 silly audit report       url: 'https://github.com/advisories/GHSA-vmf3-w455-68vh',
1313 silly audit report       title: 'node-tar applies PAX size override to intermediary GNU long-name/long-link headers, causing tar parser interpretation differential (file smuggling)',
1313 silly audit report       severity: 'moderate',
1313 silly audit report       vulnerable_versions: '<=7.5.15',
1313 silly audit report       cwe: [Array],
1313 silly audit report       cvss: [Object]
1313 silly audit report     },
1313 silly audit report     {
1313 silly audit report       id: 1114680,
1313 silly audit report       url: 'https://github.com/advisories/GHSA-r6q2-hw4h-h46w',
1313 silly audit report       title: 'Race Condition in node-tar Path Reservations via Unicode Ligature Collisions on macOS APFS',
1313 silly audit report       severity: 'high',
1313 silly audit report       vulnerable_versions: '<=7.5.3',
1313 silly audit report       cwe: [Array],
1313 silly audit report       cvss: [Object]
1313 silly audit report     },
1313 silly audit report     {
1313 silly audit report       id: 1123939,
1313 silly audit report       url: 'https://github.com/advisories/GHSA-w8wr-v893-vjvp',
1313 silly audit report       title: 'node-tar: Process crash via PAX numeric path type confusion',
1313 silly audit report       severity: 'moderate',
1313 silly audit report       vulnerable_versions: '<=7.5.17',
1313 silly audit report       cwe: [Array],
1313 silly audit report       cvss: [Object]
1313 silly audit report     },
1313 silly audit report     {
1313 silly audit report       id: 1123940,
1313 silly audit report       url: 'https://github.com/advisories/GHSA-23hp-3jrh-7fpw',
1313 silly audit report       title: 'node-tar: Decompression/parse DoS via unlimited input',
1313 silly audit report       severity: 'critical',
1313 silly audit report       vulnerable_versions: '<=7.5.18',
1313 silly audit report       cwe: [Array],
1313 silly audit report       cvss: [Object]
1313 silly audit report     },
1313 silly audit report     {
1313 silly audit report       id: 1123941,
1313 silly audit report       url: 'https://github.com/advisories/GHSA-8x88-c5mf-7j5w',
1313 silly audit report       title: 'node-tar: Negative tar entry size causes infinite loop in archive replace',
1313 silly audit report       severity: 'high',
1313 silly audit report       vulnerable_versions: '<=7.5.17',
1313 silly audit report       cwe: [Array],
1313 silly audit report       cvss: [Object]
1313 silly audit report     },
1313 silly audit report     {
1313 silly audit report       id: 1123942,
1313 silly audit report       url: 'https://github.com/advisories/GHSA-gvwx-54wh-qm9j',
1313 silly audit report       title: 'node-tar: Uncaught Exception DoS via NUL byte in PAX path/linkpath records',
1313 silly audit report       severity: 'moderate',
1313 silly audit report       vulnerable_versions: '<=7.5.16',
1313 silly audit report       cwe: [Array],
1313 silly audit report       cvss: [Object]
1313 silly audit report     },
1313 silly audit report     {
1313 silly audit report       id: 1124287,
1313 silly audit report       url: 'https://github.com/advisories/GHSA-r292-9mhp-454m',
1313 silly audit report       title: 'node-tar: Uncontrolled recursion in mapHas/filesFilter allows uncatchable stack-overflow DoS via crafted long-path tar with member selection',
1313 silly audit report       severity: 'moderate',
1313 silly audit report       vulnerable_versions: '<=7.5.20',
1313 silly audit report       cwe: [Array],
1313 silly audit report       cvss: [Object]
1313 silly audit report     }
1313 silly audit report   ],
1313 silly audit report   'brace-expansion': [
1313 silly audit report     {
1313 silly audit report       id: 1130588,
1313 silly audit report       url: 'https://github.com/advisories/GHSA-mh99-v99m-4gvg',
1313 silly audit report       title: 'brace-expansion: DoS via unbounded expansion length causing an out-of-memory process crash',
1313 silly audit report       severity: 'high',
1313 silly audit report       vulnerable_versions: '<1.1.17',
1313 silly audit report       cwe: [Array],
1313 silly audit report       cvss: [Object]
1313 silly audit report     },
1313 silly audit report     {
1313 silly audit report       id: 1130736,
1313 silly audit report       url: 'https://github.com/advisories/GHSA-rgw5-rvv9-x895',
1313 silly audit report       title: 'brace-expansion: DoS via unbounded intermediate arrays, bypassing the CVE-2026-14257 mitigation',
1313 silly audit report       severity: 'high',
1313 silly audit report       vulnerable_versions: '>=2.0.0 <2.1.4',
1313 silly audit report       cwe: [Array],
1313 silly audit report       cvss: [Object]
1313 silly audit report     },
1313 silly audit report     {
1313 silly audit report       id: 1130737,
1313 silly audit report       url: 'https://github.com/advisories/GHSA-rgw5-rvv9-x895',
1313 silly audit report       title: 'brace-expansion: DoS via unbounded intermediate arrays, bypassing the CVE-2026-14257 mitigation',
1313 silly audit report       severity: 'high',
1313 silly audit report       vulnerable_versions: '<1.1.18',
1313 silly audit report       cwe: [Array],
1313 silly audit report       cvss: [Object]
1313 silly audit report     }
1313 silly audit report   ],
1313 silly audit report   minimatch: [
1313 silly audit report     {
1313 silly audit report       id: 1113466,
1313 silly audit report       url: 'https://github.com/advisories/GHSA-3ppc-4f35-3m26',
1313 silly audit report       title: 'minimatch has a ReDoS via repeated wildcards with non-matching literal in pattern',
1313 silly audit report       severity: 'high',
1313 silly audit report       vulnerable_versions: '>=10.0.0 <10.2.1',
1313 silly audit report       cwe: [Array],
1313 silly audit report       cvss: [Object]
1313 silly audit report     },
1313 silly audit report     {
1313 silly audit report       id: 1113545,
1313 silly audit report       url: 'https://github.com/advisories/GHSA-7r86-cg39-jmmj',
1313 silly audit report       title: 'minimatch has ReDoS: matchOne() combinatorial backtracking via multiple non-adjacent GLOBSTAR segments',
1313 silly audit report       severity: 'high',
1313 silly audit report       vulnerable_versions: '>=10.0.0 <10.2.3',
1313 silly audit report       cwe: [Array],
1313 silly audit report       cvss: [Object]
1313 silly audit report     },
1313 silly audit report     {
1313 silly audit report       id: 1113553,
1313 silly audit report       url: 'https://github.com/advisories/GHSA-23c5-xmqv-rm74',
1313 silly audit report       title: 'minimatch ReDoS: nested *() extglobs generate catastrophically backtracking regular expressions',
1313 silly audit report       severity: 'high',
1313 silly audit report       vulnerable_versions: '>=10.0.0 <10.2.3',
1313 silly audit report       cwe: [Array],
1313 silly audit report       cvss: [Object]
1313 silly audit report     }
1313 silly audit report   ],
1313 silly audit report   ajv: [
1313 silly audit report     {
1313 silly audit report       id: 1113715,
1313 silly audit report       url: 'https://github.com/advisories/GHSA-2g4f-4pwh-qvx6',
1313 silly audit report       title: 'ajv has ReDoS when using `$data` option',
1313 silly audit report       severity: 'moderate',
1313 silly audit report       vulnerable_versions: '>=7.0.0-alpha.0 <8.18.0',
1313 silly audit report       cwe: [Array],
1313 silly audit report       cvss: [Object]
1313 silly audit report     }
1313 silly audit report   ],
1313 silly audit report   '@xmldom/xmldom': [
1313 silly audit report     {
1313 silly audit report       id: 1117097,
1313 silly audit report       url: 'https://github.com/advisories/GHSA-wh4c-j3r5-mjhp',
1313 silly audit report       title: 'xmldom: XML injection via unsafe CDATA serialization allows attacker-controlled markup insertion',
1313 silly audit report       severity: 'high',
1313 silly audit report       vulnerable_versions: '<0.8.12',
1313 silly audit report       cwe: [Array],
1313 silly audit report       cvss: [Object]
1313 silly audit report     },
1313 silly audit report     {
1313 silly audit report       id: 1117894,
1313 silly audit report       url: 'https://github.com/advisories/GHSA-2v35-w6hq-6mfw',
1313 silly audit report       title: 'xmldom: Uncontrolled recursion in XML serialization leads to DoS',
1313 silly audit report       severity: 'high',
1313 silly audit report       vulnerable_versions: '<0.8.13',
1313 silly audit report       cwe: [Array],
1313 silly audit report       cvss: [Object]
1313 silly audit report     },
1313 silly audit report     {
1313 silly audit report       id: 1117897,
1313 silly audit report       url: 'https://github.com/advisories/GHSA-f6ww-3ggp-fr8h',
1313 silly audit report       title: 'xmldom has XML injection through unvalidated DocumentType serialization',
1313 silly audit report       severity: 'high',
1313 silly audit report       vulnerable_versions: '<0.8.13',
1313 silly audit report       cwe: [Array],
1313 silly audit report       cvss: [Object]
1313 silly audit report     },
1313 silly audit report     {
1313 silly audit report       id: 1117900,
1313 silly audit report       url: 'https://github.com/advisories/GHSA-x6wf-f3px-wcqx',
1313 silly audit report       title: 'xmldom has XML node injection through unvalidated processing instruction serialization',
1313 silly audit report       severity: 'high',
1313 silly audit report       vulnerable_versions: '<0.8.13',
1313 silly audit report       cwe: [Array],
1313 silly audit report       cvss: [Object]
1313 silly audit report     },
1313 silly audit report     {
1313 silly audit report       id: 1117903,
1313 silly audit report       url: 'https://github.com/advisories/GHSA-j759-j44w-7fr8',
1313 silly audit report       title: 'xmldom has XML node injection through unvalidated comment serialization',
1313 silly audit report       severity: 'high',
1313 silly audit report       vulnerable_versions: '<0.8.13',
1313 silly audit report       cwe: [Array],
1313 silly audit report       cvss: [Object]
1313 silly audit report     }
1313 silly audit report   ],
1313 silly audit report   'fast-uri': [
1313 silly audit report     {
1313 silly audit report       id: 1130720,
1313 silly audit report       url: 'https://github.com/advisories/GHSA-7p8r-x3mc-p8w7',
1313 silly audit report       title: 'fast-uri vulnerable to host confusion via backslash authority introducer',
1313 silly audit report       severity: 'high',
1313 silly audit report       vulnerable_versions: '>=3.0.0 <3.1.5',
1313 silly audit report       cwe: [Array],
1313 silly audit report       cvss: [Object]
1313 silly audit report     }
1313 silly audit report   ],
1313 silly audit report   uuid: [
1313 silly audit report     {
1313 silly audit report       id: 1119441,
1313 silly audit report       url: 'https://github.com/advisories/GHSA-w5hq-g745-h8pq',
1313 silly audit report       title: 'uuid: Missing buffer bounds check in v3/v5/v6 when buf is provided',
1313 silly audit report       severity: 'moderate',
1313 silly audit report       vulnerable_versions: '<11.1.1',
1313 silly audit report       cwe: [Array],
1313 silly audit report       cvss: [Object]
1313 silly audit report     }
1313 silly audit report   ],
1313 silly audit report   'image-size': [
1313 silly audit report     {
1313 silly audit report       id: 1138808,
1313 silly audit report       url: 'https://github.com/advisories/GHSA-w3rx-r6r6-pgpr',
1313 silly audit report       title: 'image-size: ICNS parser allows denial of service through an infinite loop',
1313 silly audit report       severity: 'high',
1313 silly audit report       vulnerable_versions: '<=2.0.2',
1313 silly audit report       cwe: [Array],
1313 silly audit report       cvss: [Object]
1313 silly audit report     },
1313 silly audit report     {
1313 silly audit report       id: 1138809,
1313 silly audit report       url: 'https://github.com/advisories/GHSA-5p2g-fcmc-qvqq',
1313 silly audit report       title: 'image-size: JXL and HEIF parsers allow denial of service through infinite loops',
1313 silly audit report       severity: 'high',
1313 silly audit report       vulnerable_versions: '<=2.0.2',
1313 silly audit report       cwe: [Array],
1313 silly audit report       cvss: [Object]
1313 silly audit report     }
1313 silly audit report   ],
1313 silly audit report   nanoid: [
1313 silly audit report     {
1313 silly audit report       id: 1138813,
1313 silly audit report       url: 'https://github.com/advisories/GHSA-2v37-7h3g-55p8',
1313 silly audit report       title: 'nanoid: custom generators can loop indefinitely when size is zero',
1313 silly audit report       severity: 'high',
1313 silly audit report       vulnerable_versions: '<3.3.17',
1313 silly audit report       cwe: [Array],
1313 silly audit report       cvss: [Object]
1313 silly audit report     }
1313 silly audit report   ],
1313 silly audit report   'path-to-regexp': [
1313 silly audit report     {
1313 silly audit report       id: 1101846,
1313 silly audit report       url: 'https://github.com/advisories/GHSA-9wv6-86v2-598j',
1313 silly audit report       title: 'path-to-regexp outputs backtracking regular expressions',
1313 silly audit report       severity: 'high',
1313 silly audit report       vulnerable_versions: '>=4.0.0 <6.3.0',
1313 silly audit report       cwe: [Array],
1313 silly audit report       cvss: [Object]
1313 silly audit report     }
1313 silly audit report   ],
1313 silly audit report   postcss: [
1313 silly audit report     {
1313 silly audit report       id: 1130709,
1313 silly audit report       url: 'https://github.com/advisories/GHSA-fxqj-rqcc-2cmp',
1313 silly audit report       title: 'PostCSS: incomplete fix of GHSA-6g55-p6wh-862q — attacker-controlled sourceMappingURL reads arbitrary .map files when `from` is unset',
1313 silly audit report       severity: 'moderate',
1313 silly audit report       vulnerable_versions: '<=8.5.22',
1313 silly audit report       cwe: [Array],
1313 silly audit report       cvss: [Object]
1313 silly audit report     },
1313 silly audit report     {
1313 silly audit report       id: 1117015,
1313 silly audit report       url: 'https://github.com/advisories/GHSA-qx2v-qp2m-jg93',
1313 silly audit report       title: 'PostCSS has XSS via Unescaped </style> in its CSS Stringify Output',
1313 silly audit report       severity: 'moderate',
1313 silly audit report       vulnerable_versions: '<8.5.10',
1313 silly audit report       cwe: [Array],
1313 silly audit report       cvss: [Object]
1313 silly audit report     },
1313 silly audit report     {
1313 silly audit report       id: 1124252,
1313 silly audit report       url: 'https://github.com/advisories/GHSA-6g55-p6wh-862q',
1313 silly audit report       title: 'PostCSS: Arbitrary file read and information disclosure via attacker-controlled sourceMappingURL in CSS comments',
1313 silly audit report       severity: 'high',
1313 silly audit report       vulnerable_versions: '<=8.5.11',
1313 silly audit report       cwe: [Array],
1313 silly audit report       cvss: [Object]
1313 silly audit report     },
1313 silly audit report     {
1313 silly audit report       id: 1124288,
1313 silly audit report       url: 'https://github.com/advisories/GHSA-r28c-9q8g-f849',
1313 silly audit report       title: 'PostCSS: Path Traversal in Previous Source Map Auto-Loading (sourceMappingURL) leads to Arbitrary .map File Disclosure',
1313 silly audit report       severity: 'high',
1313 silly audit report       vulnerable_versions: '<=8.5.17',
1313 silly audit report       cwe: [Array],
1313 silly audit report       cvss: [Object]
1313 silly audit report     }
1313 silly audit report   ],
1313 silly audit report   'smol-toml': [
1313 silly audit report     {
1313 silly audit report       id: 1115393,
1313 silly audit report       url: 'https://github.com/advisories/GHSA-v3rj-xjv7-4jmq',
1313 silly audit report       title: 'smol-toml: Denial of Service via TOML documents containing thousands of consecutive commented lines',
1313 silly audit report       severity: 'moderate',
1313 silly audit report       vulnerable_versions: '<1.6.1',
1313 silly audit report       cwe: [Array],
1313 silly audit report       cvss: [Object]
1313 silly audit report     }
1313 silly audit report   ]
1313 silly audit report }
1314 silly packumentCache corgi:https://registry.npmjs.org/undici cache-miss
1315 silly packumentCache corgi:https://registry.npmjs.org/js-yaml cache-miss
1316 silly packumentCache corgi:https://registry.npmjs.org/tar cache-miss
1317 silly packumentCache corgi:https://registry.npmjs.org/brace-expansion cache-miss
1318 silly packumentCache corgi:https://registry.npmjs.org/minimatch cache-miss
1319 silly packumentCache corgi:https://registry.npmjs.org/ajv cache-miss
1320 silly packumentCache corgi:https://registry.npmjs.org/@xmldom%2fxmldom cache-miss
1321 silly packumentCache corgi:https://registry.npmjs.org/fast-uri cache-miss
1322 silly packumentCache corgi:https://registry.npmjs.org/uuid cache-miss
1323 silly packumentCache corgi:https://registry.npmjs.org/image-size cache-miss
1324 silly packumentCache corgi:https://registry.npmjs.org/nanoid cache-miss
1325 silly packumentCache corgi:https://registry.npmjs.org/path-to-regexp cache-miss
1326 silly packumentCache corgi:https://registry.npmjs.org/postcss cache-miss
1327 silly packumentCache corgi:https://registry.npmjs.org/smol-toml cache-miss
1328 http fetch GET 200 https://registry.npmjs.org/wrap-ansi/-/wrap-ansi-7.0.0.tgz 2506ms (cache miss)
1329 http fetch GET 200 https://registry.npmjs.org/yocto-queue/-/yocto-queue-0.1.0.tgz 2509ms (cache miss)
1330 http fetch GET 200 https://registry.npmjs.org/vary/-/vary-1.1.2.tgz 2508ms (cache miss)
1331 http fetch GET 200 https://registry.npmjs.org/wrappy/-/wrappy-1.0.2.tgz 2522ms (cache miss)
1332 http fetch GET 200 https://registry.npmjs.org/which/-/which-2.0.2.tgz 2610ms (cache miss)
1333 http fetch GET 200 https://registry.npmjs.org/util-deprecate/-/util-deprecate-1.0.2.tgz 2612ms (cache miss)
1334 http fetch GET 200 https://registry.npmjs.org/walker/-/walker-1.0.8.tgz 2616ms (cache miss)
1335 http fetch GET 200 https://registry.npmjs.org/wrap-ansi/-/wrap-ansi-7.0.0.tgz 2712ms (cache miss)
1336 http fetch GET 200 https://registry.npmjs.org/yallist/-/yallist-3.1.1.tgz 2718ms (cache miss)
1337 http fetch GET 200 https://registry.npmjs.org/write-file-atomic/-/write-file-atomic-2.4.3.tgz 2714ms (cache miss)
1338 http fetch GET 200 https://registry.npmjs.org/webidl-conversions/-/webidl-conversions-3.0.1.tgz 2715ms (cache miss)
1339 http fetch GET 200 https://registry.npmjs.org/validate-npm-package-name/-/validate-npm-package-name-5.0.1.tgz 2713ms (cache miss)
1340 http fetch GET 200 https://registry.npmjs.org/warn-once/-/warn-once-0.1.1.tgz 2716ms (cache miss)
1341 http fetch GET 200 https://registry.npmjs.org/utils-merge/-/utils-merge-1.0.1.tgz 2714ms (cache miss)
1342 http fetch GET 200 https://registry.npmjs.org/unique-string/-/unique-string-2.0.0.tgz 2712ms (cache miss)
1343 http fetch GET 200 https://registry.npmjs.org/unicode-canonical-property-names-ecmascript/-/unicode-canonical-property-names-ecmascript-2.0.1.tgz 2716ms (cache miss)
1344 http fetch GET 200 https://registry.npmjs.org/unicode-match-property-value-ecmascript/-/unicode-match-property-value-ecmascript-2.2.1.tgz 2738ms (cache miss)
1345 http fetch GET 200 https://registry.npmjs.org/unpipe/-/unpipe-1.0.0.tgz 2850ms (cache miss)
1346 http fetch GET 200 https://registry.npmjs.org/universalify/-/universalify-0.1.2.tgz 2852ms (cache miss)
1347 http fetch GET 200 https://registry.npmjs.org/unique-slug/-/unique-slug-4.0.0.tgz 2853ms (cache miss)
1348 http fetch GET 200 https://registry.npmjs.org/unicode-match-property-ecmascript/-/unicode-match-property-ecmascript-2.0.0.tgz 2853ms (cache miss)
1349 http fetch GET 200 https://registry.npmjs.org/unique-filename/-/unique-filename-3.0.0.tgz 2856ms (cache miss)
1350 http fetch GET 200 https://registry.npmjs.org/temp-dir/-/temp-dir-2.0.0.tgz 2966ms (cache miss)
1351 http fetch GET 200 https://registry.npmjs.org/to-regex-range/-/to-regex-range-5.0.1.tgz 3077ms (cache miss)
1352 http fetch GET 200 https://registry.npmjs.org/toidentifier/-/toidentifier-1.0.1.tgz 3079ms (cache miss)
1353 http fetch GET 200 https://registry.npmjs.org/thenify/-/thenify-3.3.1.tgz 3079ms (cache miss)
1354 http fetch GET 200 https://registry.npmjs.org/time-span/-/time-span-4.0.0.tgz 3088ms (cache miss)
1355 http fetch GET 200 https://registry.npmjs.org/supports-color/-/supports-color-7.2.0.tgz 3084ms (cache miss)
1356 http fetch GET 200 https://registry.npmjs.org/unicode-property-aliases-ecmascript/-/unicode-property-aliases-ecmascript-2.2.0.tgz 3194ms (cache miss)
1357 http fetch GET 200 https://registry.npmjs.org/terminal-link/-/terminal-link-2.1.1.tgz 3187ms (cache miss)
1358 http fetch GET 200 https://registry.npmjs.org/tmpl/-/tmpl-1.0.5.tgz 3191ms (cache miss)
1359 http fetch GET 200 https://registry.npmjs.org/supports-preserve-symlinks-flag/-/supports-preserve-symlinks-flag-1.0.0.tgz 3189ms (cache miss)
1360 http fetch GET 200 https://registry.npmjs.org/tempy/-/tempy-0.7.1.tgz 3289ms (cache miss)
1361 http fetch GET 200 https://registry.npmjs.org/supports-hyperlinks/-/supports-hyperlinks-2.3.0.tgz 3291ms (cache miss)
1362 http fetch GET 200 https://registry.npmjs.org/stream-events/-/stream-events-1.0.5.tgz 3280ms (cache miss)
1363 http fetch GET 200 https://registry.npmjs.org/strip-json-comments/-/strip-json-comments-2.0.1.tgz 3293ms (cache miss)
1364 http fetch GET 200 https://registry.npmjs.org/strnum/-/strnum-2.4.1.tgz 3288ms (cache miss)
1365 http fetch GET 200 https://registry.npmjs.org/string_decoder/-/string_decoder-1.3.0.tgz 3288ms (cache miss)
1366 http fetch GET 200 https://registry.npmjs.org/temp/-/temp-0.8.4.tgz 3417ms (cache miss)
1367 http fetch GET 200 https://registry.npmjs.org/stubs/-/stubs-3.0.0.tgz 3419ms (cache miss)
1368 http fetch GET 200 https://registry.npmjs.org/strip-eof/-/strip-eof-1.0.0.tgz 3419ms (cache miss)
1369 http fetch GET 200 https://registry.npmjs.org/stackframe/-/stackframe-1.3.4.tgz 3415ms (cache miss)
1370 http fetch GET 200 https://registry.npmjs.org/stacktrace-parser/-/stacktrace-parser-0.1.11.tgz 3415ms (cache miss)
1371 http fetch GET 200 https://registry.npmjs.org/string-width/-/string-width-4.2.3.tgz 3500ms (cache miss)
1372 http fetch GET 200 https://registry.npmjs.org/strip-final-newline/-/strip-final-newline-2.0.0.tgz 3502ms (cache miss)
1373 http fetch GET 200 https://registry.npmjs.org/stream-shift/-/stream-shift-1.0.3.tgz 3502ms (cache miss)
1374 http fetch GET 200 https://registry.npmjs.org/strip-ansi/-/strip-ansi-7.2.0.tgz 3504ms (cache miss)
1375 http fetch GET 200 https://registry.npmjs.org/setimmediate/-/setimmediate-1.0.5.tgz 3504ms (cache miss)
1376 http fetch GET 200 https://registry.npmjs.org/thenify-all/-/thenify-all-1.6.0.tgz 3625ms (cache miss)
1377 http fetch GET 200 https://registry.npmjs.org/ssri/-/ssri-10.0.6.tgz 3609ms (cache miss)
1378 http fetch GET 200 https://registry.npmjs.org/sprintf-js/-/sprintf-js-1.0.3.tgz 3611ms (cache miss)
1379 http fetch GET 200 https://registry.npmjs.org/strict-uri-encode/-/strict-uri-encode-2.0.0.tgz 3617ms (cache miss)
1380 http fetch GET 200 https://registry.npmjs.org/standard-navigation/-/standard-navigation-0.0.8.tgz 3616ms (cache miss)
1381 http fetch GET 200 https://registry.npmjs.org/xml-naming/-/xml-naming-0.3.0.tgz 3735ms (cache miss)
1382 http fetch GET 200 https://registry.npmjs.org/strip-ansi/-/strip-ansi-6.0.1.tgz 3706ms (cache miss)
1383 http fetch GET 200 https://registry.npmjs.org/split-on-first/-/split-on-first-1.1.0.tgz 3702ms (cache miss)
1384 http fetch GET 200 https://registry.npmjs.org/stack-utils/-/stack-utils-2.0.6.tgz 3704ms (cache miss)
1385 http fetch GET 200 https://registry.npmjs.org/shebang-regex/-/shebang-regex-3.0.0.tgz 3704ms (cache miss)
1386 http fetch GET 200 https://registry.npmjs.org/setprototypeof/-/setprototypeof-1.2.0.tgz 3707ms (cache miss)
1387 http fetch GET 200 https://registry.npmjs.org/serialize-error/-/serialize-error-2.1.0.tgz 3706ms (cache miss)
1388 http fetch GET 200 https://registry.npmjs.org/whatwg-fetch/-/whatwg-fetch-3.6.20.tgz 3827ms (cache miss)
1389 http fetch GET 200 https://registry.npmjs.org/use-latest-callback/-/use-latest-callback-0.2.6.tgz 3826ms (cache miss)
1390 http fetch GET 200 https://registry.npmjs.org/throat/-/throat-5.0.0.tgz 3815ms (cache miss)
1391 http fetch GET 200 https://registry.npmjs.org/string-width/-/string-width-5.1.2.tgz 3804ms (cache miss)
1392 http fetch GET 200 https://registry.npmjs.org/sisteransi/-/sisteransi-1.0.5.tgz 3798ms (cache miss)
1393 http fetch GET 200 https://registry.npmjs.org/slash/-/slash-3.0.0.tgz 3799ms (cache miss)
1394 http fetch GET 200 https://registry.npmjs.org/slugify/-/slugify-1.6.9.tgz 3804ms (cache miss)
1395 http fetch GET 200 https://registry.npmjs.org/simple-swizzle/-/simple-swizzle-0.2.4.tgz 3805ms (cache miss)
1396 http fetch GET 200 https://registry.npmjs.org/simple-plist/-/simple-plist-1.3.1.tgz 3805ms (cache miss)
1397 http fetch GET 200 https://registry.npmjs.org/shebang-command/-/shebang-command-2.0.0.tgz 3811ms (cache miss)
1398 http fetch GET 200 https://registry.npmjs.org/remove-trailing-slash/-/remove-trailing-slash-0.1.1.tgz 3806ms (cache miss)
1399 http fetch GET 200 https://registry.npmjs.org/resolve-from/-/resolve-from-5.0.0.tgz 3807ms (cache miss)
1400 http fetch GET 200 https://registry.npmjs.org/shallowequal/-/shallowequal-1.1.0.tgz 3944ms (cache miss)
1401 http fetch GET 200 https://registry.npmjs.org/run-parallel/-/run-parallel-1.2.0.tgz 3943ms (cache miss)
1402 http fetch GET 200 https://registry.npmjs.org/wcwidth/-/wcwidth-1.0.1.tgz 4203ms (cache miss)
1403 http fetch GET 200 https://registry.npmjs.org/update-browserslist-db/-/update-browserslist-db-1.2.3.tgz 4204ms (cache miss)
1404 http fetch GET 200 https://registry.npmjs.org/shallow-clone/-/shallow-clone-3.0.1.tgz 4164ms (cache miss)
1405 http fetch GET 200 https://registry.npmjs.org/server-only/-/server-only-0.0.1.tgz 4166ms (cache miss)
1406 http fetch GET 200 https://registry.npmjs.org/require-from-string/-/require-from-string-2.0.2.tgz 4237ms (cache miss)
1407 http fetch GET 200 https://registry.npmjs.org/regjsgen/-/regjsgen-0.8.0.tgz 4240ms (cache miss)
1408 http fetch GET 200 https://registry.npmjs.org/type-detect/-/type-detect-4.0.8.tgz 4368ms (cache miss)
1409 http fetch GET 200 https://registry.npmjs.org/statuses/-/statuses-1.5.0.tgz 4350ms (cache miss)
1410 http fetch GET 200 https://registry.npmjs.org/serve-static/-/serve-static-1.16.3.tgz 4340ms (cache miss)
1411 http fetch GET 200 https://registry.npmjs.org/restore-cursor/-/restore-cursor-2.0.0.tgz 4335ms (cache miss)
1412 http fetch GET 200 https://registry.npmjs.org/safe-buffer/-/safe-buffer-5.2.1.tgz 4337ms (cache miss)
1413 http fetch GET 200 https://registry.npmjs.org/react-is/-/react-is-19.2.8.tgz 4387ms (cache miss)
1414 http fetch GET 200 https://registry.npmjs.org/sax/-/sax-1.6.1.tgz 4471ms (cache miss)
1415 http fetch GET 200 https://registry.npmjs.org/range-parser/-/range-parser-1.2.1.tgz 4456ms (cache miss)
1416 http fetch GET 200 https://registry.npmjs.org/query-string/-/query-string-7.1.3.tgz 4456ms (cache miss)
1417 http fetch GET 200 https://registry.npmjs.org/proc-log/-/proc-log-4.2.0.tgz 4451ms (cache miss)
1418 http fetch GET 200 https://registry.npmjs.org/rimraf/-/rimraf-3.0.2.tgz 4542ms (cache miss)
1419 http fetch GET 200 https://registry.npmjs.org/regenerator-runtime/-/regenerator-runtime-0.13.11.tgz 4533ms (cache miss)
1420 http fetch GET 200 https://registry.npmjs.org/react-freeze/-/react-freeze-1.0.4.tgz 4528ms (cache miss)
1421 http fetch GET 200 https://registry.npmjs.org/punycode/-/punycode-2.3.1.tgz 4524ms (cache miss)
1422 http fetch GET 200 https://registry.npmjs.org/whatwg-url/-/whatwg-url-5.0.0.tgz 4704ms (cache miss)
1423 http fetch GET 200 https://registry.npmjs.org/retry-request/-/retry-request-7.0.2.tgz 4661ms (cache miss)
1424 http fetch GET 200 https://registry.npmjs.org/react-fast-compare/-/react-fast-compare-3.2.2.tgz 4666ms (cache miss)
1425 http fetch GET 200 https://registry.npmjs.org/regenerate/-/regenerate-1.4.2.tgz 4833ms (cache miss)
1426 http fetch GET 200 https://registry.npmjs.org/queue/-/queue-6.0.2.tgz 4829ms (cache miss)
1427 http fetch GET 200 https://registry.npmjs.org/queue-microtask/-/queue-microtask-1.2.3.tgz 4832ms (cache miss)
1428 http fetch GET 200 https://registry.npmjs.org/pump/-/pump-3.0.4.tgz 4827ms (cache miss)
1429 http fetch GET 200 https://registry.npmjs.org/postcss-value-parser/-/postcss-value-parser-4.2.0.tgz 4828ms (cache miss)
1430 http fetch GET 200 https://registry.npmjs.org/pirates/-/pirates-4.0.7.tgz 4828ms (cache miss)
1431 http fetch GET 200 https://registry.npmjs.org/pify/-/pify-4.0.1.tgz 4848ms (cache miss)
1432 http fetch GET 200 https://registry.npmjs.org/path-type/-/path-type-4.0.0.tgz 4850ms (cache miss)
1433 http fetch GET 200 https://registry.npmjs.org/path-exists/-/path-exists-4.0.0.tgz 4856ms (cache miss)
1434 http fetch GET 200 https://registry.npmjs.org/parse-png/-/parse-png-2.1.0.tgz 4863ms (cache miss)
1435 http fetch GET 200 https://registry.npmjs.org/send/-/send-0.19.2.tgz 4994ms (cache miss)
1436 warn deprecated rimraf@3.0.2: Rimraf versions prior to v4 are no longer supported
1437 http fetch GET 200 https://registry.npmjs.org/pretty-bytes/-/pretty-bytes-5.6.0.tgz 4986ms (cache miss)
1438 http fetch GET 200 https://registry.npmjs.org/path-is-absolute/-/path-is-absolute-1.0.1.tgz 4985ms (cache miss)
1439 http fetch GET 200 https://registry.npmjs.org/picocolors/-/picocolors-1.1.1.tgz 4987ms (cache miss)
1440 http fetch GET 200 https://registry.npmjs.org/path-parse/-/path-parse-1.0.7.tgz 4988ms (cache miss)
1441 http fetch GET 200 https://registry.npmjs.org/path-key/-/path-key-3.1.1.tgz 4990ms (cache miss)
1442 http fetch GET 200 https://registry.npmjs.org/parse-ms/-/parse-ms-2.1.0.tgz 4992ms (cache miss)
1443 http fetch GET 200 https://registry.npmjs.org/p-finally/-/p-finally-1.0.0.tgz 4991ms (cache miss)
1444 http fetch GET 200 https://registry.npmjs.org/selfsigned/-/selfsigned-2.4.1.tgz 5126ms (cache miss)
1445 http fetch GET 200 https://registry.npmjs.org/resolve.exports/-/resolve.exports-2.0.3.tgz 5125ms (cache miss)
1446 http fetch GET 200 https://registry.npmjs.org/pretty-ms/-/pretty-ms-7.0.1.tgz 5104ms (cache miss)
1447 http fetch GET 200 https://registry.npmjs.org/pkg-dir/-/pkg-dir-3.0.0.tgz 5104ms (cache miss)
1448 http fetch GET 200 https://registry.npmjs.org/package-json-from-dist/-/package-json-from-dist-1.0.1.tgz 5099ms (cache miss)
1449 http fetch GET 200 https://registry.npmjs.org/ob1/-/ob1-0.81.5.tgz 5096ms (cache miss)
1450 http fetch GET 200 https://registry.npmjs.org/vlq/-/vlq-1.0.1.tgz 5362ms (cache miss)
1451 http fetch GET 200 https://registry.npmjs.org/y18n/-/y18n-5.0.8.tgz 5372ms (cache miss)
1452 http fetch GET 200 https://registry.npmjs.org/resolve-workspace-root/-/resolve-workspace-root-2.0.1.tgz 5314ms (cache miss)
1453 http fetch GET 200 https://registry.npmjs.org/p-map/-/p-map-4.0.0.tgz 5290ms (cache miss)
1454 http fetch GET 200 https://registry.npmjs.org/once/-/once-1.4.0.tgz 5289ms (cache miss)
1455 http fetch GET 200 https://registry.npmjs.org/open/-/open-7.4.2.tgz 5291ms (cache miss)
1456 http fetch GET 200 https://registry.npmjs.org/p-limit/-/p-limit-3.1.0.tgz 5294ms (cache miss)
1457 http fetch GET 200 https://registry.npmjs.org/on-headers/-/on-headers-1.1.0.tgz 5297ms (cache miss)
1458 http fetch GET 200 https://registry.npmjs.org/object-assign/-/object-assign-4.1.1.tgz 5304ms (cache miss)
1459 http fetch GET 200 https://registry.npmjs.org/npm-run-path/-/npm-run-path-2.0.2.tgz 5315ms (cache miss)
1460 http fetch GET 200 https://registry.npmjs.org/resolve-pkg-maps/-/resolve-pkg-maps-1.0.0.tgz 5528ms (cache miss)
1461 http fetch GET 200 https://registry.npmjs.org/parseurl/-/parseurl-1.3.3.tgz 5497ms (cache miss)
1462 http fetch GET 200 https://registry.npmjs.org/parse-json/-/parse-json-4.0.0.tgz 5497ms (cache miss)
1463 http fetch GET 200 https://registry.npmjs.org/onetime/-/onetime-2.0.1.tgz 5494ms (cache miss)
1464 http fetch GET 200 https://registry.npmjs.org/styleq/-/styleq-0.1.3.tgz 5671ms (cache miss)
1465 http fetch GET 200 https://registry.npmjs.org/require-directory/-/require-directory-2.1.1.tgz 5633ms (cache miss)
1466 http fetch GET 200 https://registry.npmjs.org/p-try/-/p-try-2.2.0.tgz 5607ms (cache miss)
1467 http fetch GET 200 https://registry.npmjs.org/p-locate/-/p-locate-5.0.0.tgz 5605ms (cache miss)
1468 http fetch GET 200 https://registry.npmjs.org/ora/-/ora-3.4.0.tgz 5606ms (cache miss)
1469 http fetch GET 200 https://registry.npmjs.org/node-releases/-/node-releases-2.0.51.tgz 5599ms (cache miss)
1470 http fetch GET 200 https://registry.npmjs.org/node-int64/-/node-int64-0.4.0.tgz 5601ms (cache miss)
1471 http fetch GET 200 https://registry.npmjs.org/node-gyp-build/-/node-gyp-build-4.8.4.tgz 5602ms (cache miss)
1472 http fetch GET 200 https://registry.npmjs.org/minizlib/-/minizlib-2.1.2.tgz 5592ms (cache miss)
1473 http fetch GET 200 https://registry.npmjs.org/nanoid/-/nanoid-3.3.16.tgz 5687ms (cache miss)
1474 http fetch GET 200 https://registry.npmjs.org/node-domexception/-/node-domexception-1.0.0.tgz 5691ms (cache miss)
1475 http fetch GET 200 https://registry.npmjs.org/minipass-flush/-/minipass-flush-1.0.7.tgz 5756ms (cache miss)
1476 http fetch GET 200 https://registry.npmjs.org/regjsparser/-/regjsparser-0.13.2.tgz 5848ms (cache miss)
1477 http fetch GET 200 https://registry.npmjs.org/on-finished/-/on-finished-2.3.0.tgz 5829ms (cache miss)
1478 http fetch GET 200 https://registry.npmjs.org/normalize-path/-/normalize-path-3.0.0.tgz 5828ms (cache miss)
1479 http fetch GET 200 https://registry.npmjs.org/nullthrows/-/nullthrows-1.1.1.tgz 5832ms (cache miss)
1480 http fetch GET 200 https://registry.npmjs.org/npm-package-arg/-/npm-package-arg-11.0.3.tgz 5832ms (cache miss)
1481 http fetch GET 200 https://registry.npmjs.org/nopt/-/nopt-8.1.0.tgz 5829ms (cache miss)
1482 http fetch GET 200 https://registry.npmjs.org/mri/-/mri-1.2.0.tgz 5821ms (cache miss)
1483 http fetch GET 200 https://registry.npmjs.org/ms/-/ms-2.1.3.tgz 5826ms (cache miss)
1484 http fetch GET 200 https://registry.npmjs.org/mkdirp/-/mkdirp-0.5.6.tgz 5826ms (cache miss)
1485 http fetch GET 200 https://registry.npmjs.org/minimatch/-/minimatch-3.1.5.tgz 5929ms (cache miss)
1486 http fetch GET 200 https://registry.npmjs.org/metro-minify-terser/-/metro-minify-terser-0.81.5.tgz 5928ms (cache miss)
1487 http fetch GET 200 https://registry.npmjs.org/test-exclude/-/test-exclude-6.0.0.tgz 6052ms (cache miss)
1488 http fetch GET 200 https://registry.npmjs.org/nice-try/-/nice-try-1.0.5.tgz 5972ms (cache miss)
1489 http fetch GET 200 https://registry.npmjs.org/nested-error-stacks/-/nested-error-stacks-2.0.1.tgz 5968ms (cache miss)
1490 http fetch GET 200 https://registry.npmjs.org/negotiator/-/negotiator-0.6.3.tgz 5969ms (cache miss)
1491 http fetch GET 200 https://registry.npmjs.org/minipass-collect/-/minipass-collect-2.0.1.tgz 6019ms (cache miss)
1492 http fetch GET 200 https://registry.npmjs.org/mime-types/-/mime-types-2.1.35.tgz 6021ms (cache miss)
1493 http fetch GET 200 https://registry.npmjs.org/metro-cache/-/metro-cache-0.81.5.tgz 6013ms (cache miss)
1494 http fetch GET 200 https://registry.npmjs.org/xml2js/-/xml2js-0.6.0.tgz 6162ms (cache miss)
1495 http fetch GET 200 https://registry.npmjs.org/semver/-/semver-6.3.1.tgz 6113ms (cache miss)
1496 http fetch GET 200 https://registry.npmjs.org/micromatch/-/micromatch-4.0.8.tgz 6095ms (cache miss)
1497 http fetch GET 200 https://registry.npmjs.org/math-intrinsics/-/math-intrinsics-1.1.0.tgz 6091ms (cache miss)
1498 http fetch GET 200 https://registry.npmjs.org/makeerror/-/makeerror-1.0.12.tgz 6092ms (cache miss)
1499 http fetch GET 200 https://registry.npmjs.org/sf-symbols-typescript/-/sf-symbols-typescript-2.2.0.tgz 6213ms (cache miss)
1500 http fetch GET 200 https://registry.npmjs.org/progress/-/progress-2.0.3.tgz 6182ms (cache miss)
1501 http fetch GET 200 https://registry.npmjs.org/minipass-pipeline/-/minipass-pipeline-1.2.4.tgz 6149ms (cache miss)
1502 http fetch GET 200 https://registry.npmjs.org/mimic-fn/-/mimic-fn-1.2.0.tgz 6193ms (cache miss)
1503 http fetch GET 200 https://registry.npmjs.org/merge-stream/-/merge-stream-2.0.0.tgz 6190ms (cache miss)
1504 http fetch GET 200 https://registry.npmjs.org/metro-cache-key/-/metro-cache-key-0.81.5.tgz 6192ms (cache miss)
1505 http fetch GET 200 https://registry.npmjs.org/loose-envify/-/loose-envify-1.4.0.tgz 6192ms (cache miss)
1506 http fetch GET 200 https://registry.npmjs.org/source-map-support/-/source-map-support-0.5.21.tgz 6317ms (cache miss)
1507 http fetch GET 200 https://registry.npmjs.org/mz/-/mz-2.7.0.tgz 6247ms (cache miss)
1508 http fetch GET 200 https://registry.npmjs.org/object-hash/-/object-hash-3.0.0.tgz 6262ms (cache miss)
1509 http fetch GET 200 https://registry.npmjs.org/metro-core/-/metro-core-0.81.5.tgz 6280ms (cache miss)
1510 http fetch GET 200 https://registry.npmjs.org/metro-babel-transformer/-/metro-babel-transformer-0.81.5.tgz 6275ms (cache miss)
1511 http fetch GET 200 https://registry.npmjs.org/merge2/-/merge2-1.4.1.tgz 6275ms (cache miss)
1512 http fetch GET 200 https://registry.npmjs.org/memoize-one/-/memoize-one-5.2.1.tgz 6276ms (cache miss)
1513 http fetch GET 200 https://registry.npmjs.org/md5-file/-/md5-file-3.2.3.tgz 6276ms (cache miss)
1514 http fetch GET 200 https://registry.npmjs.org/marky/-/marky-1.3.0.tgz 6275ms (cache miss)
1515 http fetch GET 200 https://registry.npmjs.org/lodash.throttle/-/lodash.throttle-4.1.1.tgz 6274ms (cache miss)
1516 http fetch GET 200 https://registry.npmjs.org/lodash.isplainobject/-/lodash.isplainobject-4.0.6.tgz 6284ms (cache miss)
1517 http fetch GET 200 https://registry.npmjs.org/websocket-extensions/-/websocket-extensions-0.1.4.tgz 6433ms (cache miss)
1518 http fetch GET 200 https://registry.npmjs.org/metro-config/-/metro-config-0.81.5.tgz 6386ms (cache miss)
1519 http fetch GET 200 https://registry.npmjs.org/md5/-/md5-2.3.0.tgz 6381ms (cache miss)
1520 http fetch GET 200 https://registry.npmjs.org/log-symbols/-/log-symbols-2.2.0.tgz 6379ms (cache miss)
1521 http fetch GET 200 https://registry.npmjs.org/lodash.once/-/lodash.once-4.1.1.tgz 6382ms (cache miss)
1522 http fetch GET 200 https://registry.npmjs.org/make-dir/-/make-dir-2.1.0.tgz 6384ms (cache miss)
1523 http fetch GET 200 https://registry.npmjs.org/lines-and-columns/-/lines-and-columns-1.2.4.tgz 6385ms (cache miss)
1524 http fetch GET 200 https://registry.npmjs.org/lodash.camelcase/-/lodash.camelcase-4.3.0.tgz 6389ms (cache miss)
1525 http fetch GET 200 https://registry.npmjs.org/locate-path/-/locate-path-6.0.0.tgz 6384ms (cache miss)
1526 http fetch GET 200 https://registry.npmjs.org/lighthouse-logger/-/lighthouse-logger-1.4.2.tgz 6394ms (cache miss)
1527 http fetch GET 200 https://registry.npmjs.org/leven/-/leven-3.1.0.tgz 6395ms (cache miss)
1528 http fetch GET 200 https://registry.npmjs.org/kleur/-/kleur-3.0.3.tgz 6394ms (cache miss)
1529 http fetch GET 200 https://registry.npmjs.org/jwks-rsa/-/jwks-rsa-4.1.0.tgz 6395ms (cache miss)
1530 http fetch GET 200 https://registry.npmjs.org/json-schema-traverse/-/json-schema-traverse-1.0.0.tgz 6393ms (cache miss)
1531 http fetch GET 200 https://registry.npmjs.org/jsonwebtoken/-/jsonwebtoken-9.0.3.tgz 6394ms (cache miss)
1532 http fetch GET 200 https://registry.npmjs.org/jsonfile/-/jsonfile-4.0.0.tgz 6395ms (cache miss)
1533 http fetch GET 200 https://registry.npmjs.org/lru-cache/-/lru-cache-5.1.1.tgz 6454ms (cache miss)
1534 http fetch GET 200 https://registry.npmjs.org/lodash.isnumber/-/lodash.isnumber-3.0.3.tgz 6454ms (cache miss)
1535 http fetch GET 200 https://registry.npmjs.org/jsc-safe-url/-/jsc-safe-url-0.2.4.tgz 6459ms (cache miss)
1536 http fetch GET 200 https://registry.npmjs.org/lodash.debounce/-/lodash.debounce-4.0.8.tgz 6524ms (cache miss)
1537 http fetch GET 200 https://registry.npmjs.org/lodash.includes/-/lodash.includes-4.3.0.tgz 6524ms (cache miss)
1538 http fetch GET 200 https://registry.npmjs.org/whatwg-url-without-unicode/-/whatwg-url-without-unicode-8.0.0-3.tgz 6673ms (cache miss)
1539 http fetch GET 200 https://registry.npmjs.org/lodash.clonedeep/-/lodash.clonedeep-4.5.0.tgz 6523ms (cache miss)
1540 http fetch GET 200 https://registry.npmjs.org/lodash.isboolean/-/lodash.isboolean-3.0.3.tgz 6529ms (cache miss)
1541 http fetch GET 200 https://registry.npmjs.org/ts-interface-checker/-/ts-interface-checker-0.1.13.tgz 6663ms (cache miss)
1542 http fetch GET 200 https://registry.npmjs.org/jwa/-/jwa-2.0.1.tgz 6541ms (cache miss)
1543 http fetch GET 200 https://registry.npmjs.org/jws/-/jws-4.0.1.tgz 6542ms (cache miss)
1544 http fetch GET 200 https://registry.npmjs.org/join-component/-/join-component-1.1.0.tgz 6539ms (cache miss)
1545 http fetch GET 200 https://registry.npmjs.org/lodash.isinteger/-/lodash.isinteger-4.0.4.tgz 6653ms (cache miss)
1546 http fetch GET 200 https://registry.npmjs.org/lodash.isstring/-/lodash.isstring-4.0.1.tgz 6655ms (cache miss)
1547 http fetch GET 200 https://registry.npmjs.org/jsesc/-/jsesc-3.1.0.tgz 6653ms (cache miss)
1548 http fetch GET 200 https://registry.npmjs.org/jest-get-type/-/jest-get-type-29.6.3.tgz 6647ms (cache miss)
1549 http fetch GET 200 https://registry.npmjs.org/js-tokens/-/js-tokens-4.0.0.tgz 6740ms (cache miss)
1550 http fetch GET 200 https://registry.npmjs.org/is-wsl/-/is-wsl-2.2.0.tgz 6734ms (cache miss)
1551 http fetch GET 200 https://registry.npmjs.org/isobject/-/isobject-3.0.1.tgz 6735ms (cache miss)
1552 http fetch GET 200 https://registry.npmjs.org/isexe/-/isexe-2.0.0.tgz 6736ms (cache miss)
1553 http fetch GET 200 https://registry.npmjs.org/merge-options/-/merge-options-3.0.4.tgz 6853ms (cache miss)
1554 http fetch GET 200 https://registry.npmjs.org/limiter/-/limiter-1.1.5.tgz 6845ms (cache miss)
1555 http fetch GET 200 https://registry.npmjs.org/json-parse-better-errors/-/json-parse-better-errors-1.0.2.tgz 6854ms (cache miss)
1556 http fetch GET 200 https://registry.npmjs.org/jest-regex-util/-/jest-regex-util-29.6.3.tgz 6853ms (cache miss)
1557 http fetch GET 200 https://registry.npmjs.org/jest-environment-node/-/jest-environment-node-29.7.0.tgz 6848ms (cache miss)
1558 http fetch GET 200 https://registry.npmjs.org/is-path-cwd/-/is-path-cwd-2.2.0.tgz 6846ms (cache miss)
1559 http fetch GET 200 https://registry.npmjs.org/is-plain-obj/-/is-plain-obj-2.1.0.tgz 6847ms (cache miss)
1560 http fetch GET 200 https://registry.npmjs.org/is-glob/-/is-glob-4.0.3.tgz 6847ms (cache miss)
1561 http fetch GET 200 https://registry.npmjs.org/is-fullwidth-code-point/-/is-fullwidth-code-point-3.0.0.tgz 6849ms (cache miss)
1562 http fetch GET 200 https://registry.npmjs.org/is-core-module/-/is-core-module-2.16.2.tgz 6848ms (cache miss)
1563 http fetch GET 200 https://registry.npmjs.org/kind-of/-/kind-of-6.0.3.tgz 6956ms (cache miss)
1564 http fetch GET 200 https://registry.npmjs.org/istanbul-lib-coverage/-/istanbul-lib-coverage-3.2.2.tgz 6946ms (cache miss)
1565 http fetch GET 200 https://registry.npmjs.org/is-number/-/is-number-7.0.0.tgz 6942ms (cache miss)
1566 http fetch GET 200 https://registry.npmjs.org/is-extglob/-/is-extglob-2.1.1.tgz 6943ms (cache miss)
1567 http fetch GET 200 https://registry.npmjs.org/is-arrayish/-/is-arrayish-0.2.1.tgz 6942ms (cache miss)
1568 http fetch GET 200 https://registry.npmjs.org/invariant/-/invariant-2.2.4.tgz 6942ms (cache miss)
1569 http fetch GET 200 https://registry.npmjs.org/ini/-/ini-1.3.8.tgz 6941ms (cache miss)
1570 http fetch GET 200 https://registry.npmjs.org/jest-message-util/-/jest-message-util-29.7.0.tgz 7049ms (cache miss)
1571 http fetch GET 200 https://registry.npmjs.org/is-path-inside/-/is-path-inside-3.0.3.tgz 7049ms (cache miss)
1572 http fetch GET 200 https://registry.npmjs.org/is-plain-object/-/is-plain-object-2.0.4.tgz 7053ms (cache miss)
1573 http fetch GET 200 https://registry.npmjs.org/is-buffer/-/is-buffer-1.1.6.tgz 7050ms (cache miss)
1574 http fetch GET 200 https://registry.npmjs.org/ieee754/-/ieee754-1.2.1.tgz 7042ms (cache miss)
1575 http fetch GET 200 https://registry.npmjs.org/retry/-/retry-0.13.1.tgz 7260ms (cache miss)
1576 http fetch GET 200 https://registry.npmjs.org/is-stream/-/is-stream-1.1.0.tgz 7163ms (cache miss)
1577 http fetch GET 200 https://registry.npmjs.org/is-directory/-/is-directory-0.3.1.tgz 7158ms (cache miss)
1578 http fetch GET 200 https://registry.npmjs.org/is-docker/-/is-docker-2.2.1.tgz 7161ms (cache miss)
1579 http fetch GET 200 https://registry.npmjs.org/ip-regex/-/ip-regex-2.1.0.tgz 7159ms (cache miss)
1580 http fetch GET 200 https://registry.npmjs.org/ipaddr.js/-/ipaddr.js-1.9.1.tgz 7160ms (cache miss)
1581 http fetch GET 200 https://registry.npmjs.org/inherits/-/inherits-2.0.4.tgz 7157ms (cache miss)
1582 http fetch GET 200 https://registry.npmjs.org/internal-ip/-/internal-ip-4.3.0.tgz 7160ms (cache miss)
1583 http fetch GET 200 https://registry.npmjs.org/import-fresh/-/import-fresh-2.0.0.tgz 7158ms (cache miss)
1584 http fetch GET 200 https://registry.npmjs.org/node-dir/-/node-dir-0.1.17.tgz 7339ms (cache miss)
1585 http fetch GET 200 https://registry.npmjs.org/inflight/-/inflight-1.0.6.tgz 7280ms (cache miss)
1586 warn deprecated inflight@1.0.6: This module is not supported, and leaks memory. Do not use it. Check out lru-cache if you want a good and tested way to coalesce async requests by a key value, which is much more comprehensive and powerful.
1587 http fetch GET 200 https://registry.npmjs.org/hyphenate-style-name/-/hyphenate-style-name-1.1.0.tgz 7280ms (cache miss)
1588 http fetch GET 200 https://registry.npmjs.org/imurmurhash/-/imurmurhash-0.1.4.tgz 7283ms (cache miss)
1589 http fetch GET 200 https://registry.npmjs.org/has-flag/-/has-flag-4.0.0.tgz 7277ms (cache miss)
1590 http fetch GET 200 https://registry.npmjs.org/hosted-git-info/-/hosted-git-info-7.0.2.tgz 7280ms (cache miss)
1591 http fetch GET 200 https://registry.npmjs.org/hasown/-/hasown-2.0.4.tgz 7284ms (cache miss)
1592 http fetch GET 200 https://registry.npmjs.org/react-refresh/-/react-refresh-0.14.2.tgz 7498ms (cache miss)
1593 http fetch GET 200 https://registry.npmjs.org/jest-mock/-/jest-mock-29.7.0.tgz 7413ms (cache miss)
1594 http fetch GET 200 https://registry.npmjs.org/http-proxy-agent/-/http-proxy-agent-5.0.0.tgz 7397ms (cache miss)
1595 http fetch GET 200 https://registry.npmjs.org/https-proxy-agent/-/https-proxy-agent-7.0.6.tgz 7399ms (cache miss)
1596 http fetch GET 200 https://registry.npmjs.org/type-fest/-/type-fest-0.7.1.tgz 7675ms (cache miss)
1597 http fetch GET 200 https://registry.npmjs.org/tr46/-/tr46-0.0.3.tgz 7669ms (cache miss)
1598 http fetch GET 200 https://registry.npmjs.org/json-bigint/-/json-bigint-1.0.0.tgz 7539ms (cache miss)
1599 http fetch GET 200 https://registry.npmjs.org/indent-string/-/indent-string-4.0.0.tgz 7526ms (cache miss)
1600 http fetch GET 200 https://registry.npmjs.org/http-errors/-/http-errors-2.0.1.tgz 7522ms (cache miss)
1601 http fetch GET 200 https://registry.npmjs.org/get-caller-file/-/get-caller-file-2.0.5.tgz 7512ms (cache miss)
1602 http fetch GET 200 https://registry.npmjs.org/getenv/-/getenv-1.0.0.tgz 7516ms (cache miss)
1603 http fetch GET 200 https://registry.npmjs.org/regexpu-core/-/regexpu-core-6.4.0.tgz 7753ms (cache miss)
1604 http fetch GET 200 https://registry.npmjs.org/path-to-regexp/-/path-to-regexp-6.3.0.tgz 7731ms (cache miss)
1605 http fetch GET 200 https://registry.npmjs.org/gopd/-/gopd-1.2.0.tgz 7638ms (cache miss)
1606 http fetch GET 200 https://registry.npmjs.org/globby/-/globby-11.1.0.tgz 7633ms (cache miss)
1607 http fetch GET 200 https://registry.npmjs.org/get-stream/-/get-stream-4.1.0.tgz 7632ms (cache miss)
1608 http fetch GET 200 https://registry.npmjs.org/function-bind/-/function-bind-1.1.2.tgz 7631ms (cache miss)
1609 http fetch GET 200 https://registry.npmjs.org/yargs-parser/-/yargs-parser-21.1.1.tgz 7989ms (cache miss)
1610 http fetch GET 200 https://registry.npmjs.org/http-parser-js/-/http-parser-js-0.5.10.tgz 7824ms (cache miss)
1611 http fetch GET 200 https://registry.npmjs.org/has-symbols/-/has-symbols-1.1.0.tgz 7822ms (cache miss)
1612 http fetch GET 200 https://registry.npmjs.org/get-proto/-/get-proto-1.0.1.tgz 7813ms (cache miss)
1613 http fetch GET 200 https://registry.npmjs.org/fs.realpath/-/fs.realpath-1.0.0.tgz 7810ms (cache miss)
1614 http fetch GET 200 https://registry.npmjs.org/node-fetch/-/node-fetch-2.7.0.tgz 8040ms (cache miss)
1615 http fetch GET 200 https://registry.npmjs.org/get-package-type/-/get-package-type-0.1.0.tgz 7954ms (cache miss)
1616 http fetch GET 200 https://registry.npmjs.org/glob-parent/-/glob-parent-5.1.2.tgz 7957ms (cache miss)
1617 http fetch GET 200 https://registry.npmjs.org/gensync/-/gensync-1.0.0-beta.2.tgz 7953ms (cache miss)
1618 http fetch GET 200 https://registry.npmjs.org/foreground-child/-/foreground-child-3.3.1.tgz 7951ms (cache miss)
1619 http fetch GET 200 https://registry.npmjs.org/fs-minipass/-/fs-minipass-3.0.3.tgz 8051ms (cache miss)
1620 http fetch GET 200 https://registry.npmjs.org/fresh/-/fresh-0.5.2.tgz 8052ms (cache miss)
1621 http fetch GET 200 https://registry.npmjs.org/find-up/-/find-up-5.0.0.tgz 8047ms (cache miss)
1622 http fetch GET 200 https://registry.npmjs.org/finalhandler/-/finalhandler-1.1.2.tgz 8046ms (cache miss)
1623 http fetch GET 200 https://registry.npmjs.org/fill-range/-/fill-range-7.1.1.tgz 8048ms (cache miss)
1624 http fetch GET 200 https://registry.npmjs.org/mime-db/-/mime-db-1.54.0.tgz 8214ms (cache miss)
1625 http fetch GET 200 https://registry.npmjs.org/rc/-/rc-1.2.8.tgz 8265ms (cache miss)
1626 http fetch GET 200 https://registry.npmjs.org/picomatch/-/picomatch-3.0.2.tgz 8251ms (cache miss)
1627 http fetch GET 200 https://registry.npmjs.org/freeport-async/-/freeport-async-2.0.0.tgz 8140ms (cache miss)
1628 http fetch GET 200 https://registry.npmjs.org/fbjs-css-vars/-/fbjs-css-vars-1.0.2.tgz 8133ms (cache miss)
1629 http fetch GET 200 https://registry.npmjs.org/file-uri-to-path/-/file-uri-to-path-1.0.0.tgz 8135ms (cache miss)
1630 http fetch GET 200 https://registry.npmjs.org/metro-transform-worker/-/metro-transform-worker-0.81.5.tgz 8371ms (cache miss)
1631 http fetch GET 200 https://registry.npmjs.org/react-native-is-edge-to-edge/-/react-native-is-edge-to-edge-1.3.1.tgz 8437ms (cache miss)
1632 http fetch GET 200 https://registry.npmjs.org/requireg/-/requireg-0.2.2.tgz 8445ms (cache miss)
1633 http fetch GET 200 https://registry.npmjs.org/find-cache-dir/-/find-cache-dir-2.1.0.tgz 8316ms (cache miss)
1634 http fetch GET 200 https://registry.npmjs.org/filter-obj/-/filter-obj-1.1.0.tgz 8312ms (cache miss)
1635 http fetch GET 200 https://registry.npmjs.org/fetch-retry/-/fetch-retry-4.1.1.tgz 8311ms (cache miss)
1636 http fetch GET 200 https://registry.npmjs.org/flow-enums-runtime/-/flow-enums-runtime-0.0.6.tgz 8420ms (cache miss)
1637 http fetch GET 200 https://registry.npmjs.org/ts-toolbelt/-/ts-toolbelt-6.15.5.tgz 8634ms (cache miss)
1638 http fetch GET 200 https://registry.npmjs.org/fastq/-/fastq-1.20.1.tgz 8462ms (cache miss)
1639 http fetch GET 200 https://registry.npmjs.org/ignore/-/ignore-5.3.2.tgz 8644ms (cache miss)
1640 http fetch GET 200 https://registry.npmjs.org/faye-websocket/-/faye-websocket-0.11.4.tgz 8620ms (cache miss)
1641 http fetch GET 200 https://registry.npmjs.org/fb-watchman/-/fb-watchman-2.0.2.tgz 8622ms (cache miss)
1642 http fetch GET 200 https://registry.npmjs.org/expo-status-bar/-/expo-status-bar-2.0.1.tgz 8622ms (cache miss)
1643 http fetch GET 200 https://registry.npmjs.org/fast-json-stable-stringify/-/fast-json-stable-stringify-2.1.0.tgz 8824ms (cache miss)
1644 http fetch GET 200 https://registry.npmjs.org/extend/-/extend-3.0.2.tgz 8826ms (cache miss)
1645 http fetch GET 200 https://registry.npmjs.org/exponential-backoff/-/exponential-backoff-3.1.3.tgz 8826ms (cache miss)
1646 http fetch GET 200 https://registry.npmjs.org/expo-image-loader/-/expo-image-loader-5.0.0.tgz 8824ms (cache miss)
1647 http fetch GET 200 https://registry.npmjs.org/use-sync-external-store/-/use-sync-external-store-1.6.0.tgz 9176ms (cache miss)
1648 http fetch GET 200 https://registry.npmjs.org/ua-parser-js/-/ua-parser-js-1.0.41.tgz 9174ms (cache miss)
1649 http fetch GET 200 https://registry.npmjs.org/teeny-request/-/teeny-request-9.0.0.tgz 9165ms (cache miss)
1650 http fetch GET 200 https://registry.npmjs.org/gtoken/-/gtoken-7.1.0.tgz 9013ms (cache miss)
1651 http fetch GET 200 https://registry.npmjs.org/escape-string-regexp/-/escape-string-regexp-4.0.0.tgz 9084ms (cache miss)
1652 http fetch GET 200 https://registry.npmjs.org/reusify/-/reusify-1.1.0.tgz 9303ms (cache miss)
1653 http fetch GET 200 https://registry.npmjs.org/graceful-fs/-/graceful-fs-4.2.11.tgz 9180ms (cache miss)
1654 http fetch GET 200 https://registry.npmjs.org/fast-deep-equal/-/fast-deep-equal-3.1.3.tgz 9158ms (cache miss)
1655 http fetch GET 200 https://registry.npmjs.org/etag/-/etag-1.8.1.tgz 9270ms (cache miss)
1656 http fetch GET 200 https://registry.npmjs.org/es-set-tostringtag/-/es-set-tostringtag-2.1.0.tgz 9270ms (cache miss)
1657 http fetch GET 200 https://registry.npmjs.org/escape-html/-/escape-html-1.0.3.tgz 9271ms (cache miss)
1658 http fetch GET 200 https://registry.npmjs.org/mime/-/mime-1.6.0.tgz 9410ms (cache miss)
1659 http fetch GET 200 https://registry.npmjs.org/prop-types/-/prop-types-15.8.1.tgz 9457ms (cache miss)
1660 http fetch GET 200 https://registry.npmjs.org/esutils/-/esutils-2.0.3.tgz 9320ms (cache miss)
1661 http fetch GET 200 https://registry.npmjs.org/env-editor/-/env-editor-0.4.2.tgz 9401ms (cache miss)
1662 http fetch GET 200 https://registry.npmjs.org/es-errors/-/es-errors-1.3.0.tgz 9404ms (cache miss)
1663 http fetch GET 200 https://registry.npmjs.org/es-define-property/-/es-define-property-1.0.1.tgz 9404ms (cache miss)
1664 http fetch GET 200 https://registry.npmjs.org/end-of-stream/-/end-of-stream-1.4.5.tgz 9402ms (cache miss)
1665 http fetch GET 200 https://registry.npmjs.org/escalade/-/escalade-3.2.0.tgz 9490ms (cache miss)
1666 http fetch GET 200 https://registry.npmjs.org/encodeurl/-/encodeurl-1.0.2.tgz 9485ms (cache miss)
1667 http fetch GET 200 https://registry.npmjs.org/ee-first/-/ee-first-1.1.1.tgz 9485ms (cache miss)
1668 http fetch GET 200 https://registry.npmjs.org/ecdsa-sig-formatter/-/ecdsa-sig-formatter-1.0.11.tgz 9483ms (cache miss)
1669 http fetch GET 200 https://registry.npmjs.org/tslib/-/tslib-2.8.1.tgz 9732ms (cache miss)
1670 http fetch GET 200 https://registry.npmjs.org/error-stack-parser/-/error-stack-parser-2.1.4.tgz 9686ms (cache miss)
1671 http fetch GET 200 https://registry.npmjs.org/error-ex/-/error-ex-1.3.4.tgz 9684ms (cache miss)
1672 http fetch GET 200 https://registry.npmjs.org/dir-glob/-/dir-glob-3.0.1.tgz 9671ms (cache miss)
1673 http fetch GET 200 https://registry.npmjs.org/duplexify/-/duplexify-4.1.3.tgz 9673ms (cache miss)
1674 http fetch GET 200 https://registry.npmjs.org/detect-libc/-/detect-libc-1.0.3.tgz 9674ms (cache miss)
1675 http fetch GET 200 https://registry.npmjs.org/react-native-helmet-async/-/react-native-helmet-async-2.0.4.tgz 9913ms (cache miss)
1676 http fetch GET 200 https://registry.npmjs.org/destroy/-/destroy-1.2.0.tgz 9823ms (cache miss)
1677 http fetch GET 200 https://registry.npmjs.org/dunder-proto/-/dunder-proto-1.0.1.tgz 9839ms (cache miss)
1678 http fetch GET 200 https://registry.npmjs.org/defaults/-/defaults-1.0.4.tgz 9827ms (cache miss)
1679 http fetch GET 200 https://registry.npmjs.org/del/-/del-6.1.1.tgz 9829ms (cache miss)
1680 http fetch GET 200 https://registry.npmjs.org/deepmerge/-/deepmerge-4.3.1.tgz 9827ms (cache miss)
1681 http fetch GET 200 https://registry.npmjs.org/default-gateway/-/default-gateway-4.2.0.tgz 9827ms (cache miss)
1682 http fetch GET 200 https://registry.npmjs.org/es-object-atoms/-/es-object-atoms-1.1.2.tgz 9967ms (cache miss)
1683 http fetch GET 200 https://registry.npmjs.org/emoji-regex/-/emoji-regex-9.2.2.tgz 9964ms (cache miss)
1684 http fetch GET 200 https://registry.npmjs.org/eastasianwidth/-/eastasianwidth-0.2.0.tgz 9959ms (cache miss)
1685 http fetch GET 200 https://registry.npmjs.org/dotenv-expand/-/dotenv-expand-11.0.7.tgz 9953ms (cache miss)
1686 http fetch GET 200 https://registry.npmjs.org/data-uri-to-buffer/-/data-uri-to-buffer-4.0.1.tgz 9942ms (cache miss)
1687 http fetch GET 200 https://registry.npmjs.org/delayed-stream/-/delayed-stream-1.0.0.tgz 9949ms (cache miss)
1688 http fetch GET 200 https://registry.npmjs.org/decode-uri-component/-/decode-uri-component-0.2.2.tgz 9946ms (cache miss)
1689 http fetch GET 200 https://registry.npmjs.org/crypt/-/crypt-0.0.2.tgz 9942ms (cache miss)
1690 http fetch GET 200 https://registry.npmjs.org/cross-spawn/-/cross-spawn-7.0.6.tgz 9945ms (cache miss)
1691 http fetch GET 200 https://registry.npmjs.org/debug/-/debug-4.4.3.tgz 9953ms (cache miss)
1692 http fetch GET 200 https://registry.npmjs.org/xcode/-/xcode-3.0.1.tgz 10248ms (cache miss)
1693 http fetch GET 200 https://registry.npmjs.org/execa/-/execa-1.0.0.tgz 10023ms (cache miss)
1694 http fetch GET 200 https://registry.npmjs.org/deep-extend/-/deep-extend-0.6.0.tgz 10053ms (cache miss)
1695 http fetch GET 200 https://registry.npmjs.org/convert-source-map/-/convert-source-map-2.0.0.tgz 10048ms (cache miss)
1696 http fetch GET 200 https://registry.npmjs.org/convert-hrtime/-/convert-hrtime-3.0.0.tgz 10050ms (cache miss)
1697 http fetch GET 200 https://registry.npmjs.org/compressible/-/compressible-2.0.18.tgz 10045ms (cache miss)
1698 http fetch GET 200 https://registry.npmjs.org/concat-map/-/concat-map-0.0.1.tgz 10052ms (cache miss)
1699 http fetch GET 200 https://registry.npmjs.org/commondir/-/commondir-1.0.1.tgz 10047ms (cache miss)
1700 http fetch GET 200 https://registry.npmjs.org/crypto-random-string/-/crypto-random-string-2.0.0.tgz 10191ms (cache miss)
1701 http fetch GET 200 https://registry.npmjs.org/color-string/-/color-string-1.9.1.tgz 10195ms (cache miss)
1702 http fetch GET 200 https://registry.npmjs.org/combined-stream/-/combined-stream-1.0.8.tgz 10195ms (cache miss)
1703 http fetch GET 200 https://registry.npmjs.org/color-convert/-/color-convert-2.0.1.tgz 10212ms (cache miss)
1704 http fetch GET 200 https://registry.npmjs.org/color-name/-/color-name-1.1.4.tgz 10213ms (cache miss)
1705 http fetch GET 200 https://registry.npmjs.org/clone-deep/-/clone-deep-4.0.1.tgz 10213ms (cache miss)
1706 http fetch GET 200 https://registry.npmjs.org/path-expression-matcher/-/path-expression-matcher-1.6.2.tgz 10422ms (cache miss)
1707 http fetch GET 200 https://registry.npmjs.org/formdata-polyfill/-/formdata-polyfill-4.0.10.tgz 10319ms (cache miss)
1708 http fetch GET 200 https://registry.npmjs.org/functional-red-black-tree/-/functional-red-black-tree-1.0.1.tgz 10323ms (cache miss)
1709 http fetch GET 200 https://registry.npmjs.org/define-lazy-prop/-/define-lazy-prop-2.0.0.tgz 10312ms (cache miss)
1710 http fetch GET 200 https://registry.npmjs.org/compression/-/compression-1.8.1.tgz 10302ms (cache miss)
1711 http fetch GET 200 https://registry.npmjs.org/cli-spinners/-/cli-spinners-2.9.2.tgz 10293ms (cache miss)
1712 http fetch GET 200 https://registry.npmjs.org/client-only/-/client-only-0.0.1.tgz 10295ms (cache miss)
1713 http fetch GET 200 https://registry.npmjs.org/long/-/long-5.3.2.tgz 10444ms (cache miss)
1714 http fetch GET 200 https://registry.npmjs.org/ci-info/-/ci-info-3.9.0.tgz 10310ms (cache miss)
1715 http fetch GET 200 https://registry.npmjs.org/cli-cursor/-/cli-cursor-2.1.0.tgz 10311ms (cache miss)
1716 http fetch GET 200 https://registry.npmjs.org/chalk/-/chalk-4.1.2.tgz 10308ms (cache miss)
1717 http fetch GET 200 https://registry.npmjs.org/charenc/-/charenc-0.0.2.tgz 10311ms (cache miss)
1718 http fetch GET 200 https://registry.npmjs.org/callsites/-/callsites-2.0.0.tgz 10309ms (cache miss)
1719 http fetch GET 200 https://registry.npmjs.org/chownr/-/chownr-2.0.0.tgz 10313ms (cache miss)
1720 http fetch GET 200 https://registry.npmjs.org/caller-callsite/-/caller-callsite-2.0.0.tgz 10316ms (cache miss)
1721 http fetch GET 200 https://registry.npmjs.org/call-bind-apply-helpers/-/call-bind-apply-helpers-1.0.2.tgz 10316ms (cache miss)
1722 http fetch GET 200 https://registry.npmjs.org/caller-path/-/caller-path-2.0.0.tgz 10318ms (cache miss)
1723 http fetch GET 200 https://registry.npmjs.org/buffer-fill/-/buffer-fill-1.0.0.tgz 10393ms (cache miss)
1724 http fetch GET 200 https://registry.npmjs.org/buffer-from/-/buffer-from-1.1.2.tgz 10401ms (cache miss)
1725 http fetch GET 200 https://registry.npmjs.org/bser/-/bser-2.1.1.tgz 10398ms (cache miss)
1726 http fetch GET 200 https://registry.npmjs.org/buffer-equal-constant-time/-/buffer-equal-constant-time-1.0.1.tgz 10399ms (cache miss)
1727 http fetch GET 200 https://registry.npmjs.org/buffer-alloc-unsafe/-/buffer-alloc-unsafe-1.1.0.tgz 10402ms (cache miss)
1728 http fetch GET 200 https://registry.npmjs.org/color/-/color-4.2.3.tgz 10490ms (cache miss)
1729 http fetch GET 200 https://registry.npmjs.org/code-block-writer/-/code-block-writer-10.1.1.tgz 10490ms (cache miss)
1730 http fetch GET 200 https://registry.npmjs.org/clone/-/clone-1.0.4.tgz 10492ms (cache miss)
1731 http fetch GET 200 https://registry.npmjs.org/clean-stack/-/clean-stack-2.2.0.tgz 10489ms (cache miss)
1732 http fetch GET 200 https://registry.npmjs.org/istanbul-lib-instrument/-/istanbul-lib-instrument-5.2.1.tgz 10630ms (cache miss)
1733 http fetch GET 200 https://registry.npmjs.org/camelcase/-/camelcase-5.3.1.tgz 10511ms (cache miss)
1734 http fetch GET 200 https://registry.npmjs.org/braces/-/braces-3.0.3.tgz 10503ms (cache miss)
1735 http fetch GET 200 https://registry.npmjs.org/bplist-parser/-/bplist-parser-0.3.2.tgz 10498ms (cache miss)
1736 http fetch GET 200 https://registry.npmjs.org/bindings/-/bindings-1.5.0.tgz 10499ms (cache miss)
1737 http fetch GET 200 https://registry.npmjs.org/form-data/-/form-data-3.0.5.tgz 10658ms (cache miss)
1738 http fetch GET 200 https://registry.npmjs.org/get-tsconfig/-/get-tsconfig-4.14.0.tgz 10665ms (cache miss)
1739 http fetch GET 200 https://registry.npmjs.org/bytes/-/bytes-3.1.2.tgz 10593ms (cache miss)
1740 http fetch GET 200 https://registry.npmjs.org/babel-preset-current-node-syntax/-/babel-preset-current-node-syntax-1.2.0.tgz 10581ms (cache miss)
1741 http fetch GET 200 https://registry.npmjs.org/babel-plugin-transform-flow-enums/-/babel-plugin-transform-flow-enums-0.0.2.tgz 10581ms (cache miss)
1742 http fetch GET 200 https://registry.npmjs.org/balanced-match/-/balanced-match-1.0.2.tgz 10584ms (cache miss)
1743 http fetch GET 200 https://registry.npmjs.org/babel-plugin-polyfill-regenerator/-/babel-plugin-polyfill-regenerator-0.6.8.tgz 10581ms (cache miss)
1744 http fetch GET 200 https://registry.npmjs.org/babel-plugin-react-native-web/-/babel-plugin-react-native-web-0.19.13.tgz 10583ms (cache miss)
1745 http fetch GET 200 https://registry.npmjs.org/pretty-format/-/pretty-format-29.7.0.tgz 10844ms (cache miss)
1746 http fetch GET 200 https://registry.npmjs.org/get-intrinsic/-/get-intrinsic-1.3.0.tgz 10731ms (cache miss)
1747 http fetch GET 200 https://registry.npmjs.org/fontfaceobserver/-/fontfaceobserver-2.3.0.tgz 10726ms (cache miss)
1748 http fetch GET 200 https://registry.npmjs.org/base64-js/-/base64-js-1.5.1.tgz 10639ms (cache miss)
1749 http fetch GET 200 https://registry.npmjs.org/babel-plugin-syntax-hermes-parser/-/babel-plugin-syntax-hermes-parser-0.25.1.tgz 10643ms (cache miss)
1750 http fetch GET 200 https://registry.npmjs.org/arrify/-/arrify-2.0.1.tgz 10629ms (cache miss)
1751 http fetch GET 200 https://registry.npmjs.org/babel-jest/-/babel-jest-29.7.0.tgz 10632ms (cache miss)
1752 http fetch GET 200 https://registry.npmjs.org/babel-plugin-jest-hoist/-/babel-plugin-jest-hoist-29.6.3.tgz 10638ms (cache miss)
1753 http fetch GET 200 https://registry.npmjs.org/jimp-compact/-/jimp-compact-0.16.1.tgz 10852ms (cache miss)
1754 http fetch GET 200 https://registry.npmjs.org/gcp-metadata/-/gcp-metadata-8.1.2.tgz 10815ms (cache miss)
1755 http fetch GET 200 https://registry.npmjs.org/buffer-alloc/-/buffer-alloc-1.2.0.tgz 10728ms (cache miss)
1756 http fetch GET 200 https://registry.npmjs.org/async-retry/-/async-retry-1.3.3.tgz 10702ms (cache miss)
1757 http fetch GET 200 https://registry.npmjs.org/anynum/-/anynum-1.0.1.tgz 10700ms (cache miss)
1758 http fetch GET 200 https://registry.npmjs.org/asap/-/asap-2.0.6.tgz 10702ms (cache miss)
1759 http fetch GET 200 https://registry.npmjs.org/anymatch/-/anymatch-3.1.3.tgz 10700ms (cache miss)
1760 http fetch GET 200 https://registry.npmjs.org/depd/-/depd-2.0.0.tgz 10796ms (cache miss)
1761 http fetch GET 200 https://registry.npmjs.org/scheduler/-/scheduler-0.23.2.tgz 11020ms (cache miss)
1762 http fetch GET 200 https://registry.npmjs.org/babel-preset-jest/-/babel-preset-jest-29.6.3.tgz 10794ms (cache miss)
1763 http fetch GET 200 https://registry.npmjs.org/babel-plugin-istanbul/-/babel-plugin-istanbul-6.1.1.tgz 10794ms (cache miss)
1764 http fetch GET 200 https://registry.npmjs.org/at-least-node/-/at-least-node-1.0.0.tgz 10784ms (cache miss)
1765 http fetch GET 200 https://registry.npmjs.org/asynckit/-/asynckit-0.4.0.tgz 10783ms (cache miss)
1766 http fetch GET 200 https://registry.npmjs.org/async-listen/-/async-listen-3.0.0.tgz 10783ms (cache miss)
1767 http fetch GET 200 https://registry.npmjs.org/babel-core/-/babel-core-7.0.0-bridge.0.tgz 10785ms (cache miss)
1768 http fetch GET 200 https://registry.npmjs.org/any-promise/-/any-promise-1.3.0.tgz 10779ms (cache miss)
1769 http fetch GET 200 https://registry.npmjs.org/ansi-styles/-/ansi-styles-4.3.0.tgz 10783ms (cache miss)
1770 http fetch GET 200 https://registry.npmjs.org/acorn-import-attributes/-/acorn-import-attributes-1.9.5.tgz 10776ms (cache miss)
1771 http fetch GET 200 https://registry.npmjs.org/metro-symbolicate/-/metro-symbolicate-0.81.5.tgz 11021ms (cache miss)
1772 http fetch GET 200 https://registry.npmjs.org/array-union/-/array-union-2.1.0.tgz 10910ms (cache miss)
1773 http fetch GET 200 https://registry.npmjs.org/ansi-regex/-/ansi-regex-5.0.1.tgz 10904ms (cache miss)
1774 http fetch GET 200 https://registry.npmjs.org/agent-base/-/agent-base-7.1.4.tgz 10902ms (cache miss)
1775 http fetch GET 200 https://registry.npmjs.org/ansi-escapes/-/ansi-escapes-4.3.2.tgz 10903ms (cache miss)
1776 http fetch GET 200 https://registry.npmjs.org/accepts/-/accepts-1.3.8.tgz 10902ms (cache miss)
1777 http fetch GET 200 https://registry.npmjs.org/aggregate-error/-/aggregate-error-3.1.0.tgz 10902ms (cache miss)
1778 http fetch GET 200 https://registry.npmjs.org/async-sema/-/async-sema-3.1.1.tgz 10968ms (cache miss)
1779 http fetch GET 200 https://registry.npmjs.org/ajv-formats/-/ajv-formats-2.1.1.tgz 10958ms (cache miss)
1780 http fetch GET 200 https://registry.npmjs.org/abbrev/-/abbrev-3.0.1.tgz 10939ms (cache miss)
1781 http fetch GET 200 https://registry.npmjs.org/@types/yargs-parser/-/yargs-parser-21.0.3.tgz 10938ms (cache miss)
1782 http fetch GET 200 https://registry.npmjs.org/websocket-driver/-/websocket-driver-0.7.5.tgz 11320ms (cache miss)
1783 http fetch GET 200 https://registry.npmjs.org/fetch-blob/-/fetch-blob-3.2.0.tgz 11114ms (cache miss)
1784 http fetch GET 200 https://registry.npmjs.org/fbemitter/-/fbemitter-3.0.0.tgz 11115ms (cache miss)
1785 http fetch GET 200 https://registry.npmjs.org/arg/-/arg-5.0.2.tgz 11023ms (cache miss)
1786 http fetch GET 200 https://registry.npmjs.org/@types/stack-utils/-/stack-utils-2.0.3.tgz 10983ms (cache miss)
1787 http fetch GET 200 https://registry.npmjs.org/argparse/-/argparse-2.0.1.tgz 11081ms (cache miss)
1788 http fetch GET 200 https://registry.npmjs.org/@types/tough-cookie/-/tough-cookie-4.0.5.tgz 11039ms (cache miss)
1789 http fetch GET 200 https://registry.npmjs.org/@vercel/error-utils/-/error-utils-2.2.0.tgz 11042ms (cache miss)
1790 http fetch GET 200 https://registry.npmjs.org/@types/prop-types/-/prop-types-15.7.15.tgz 11040ms (cache miss)
1791 http fetch GET 200 https://registry.npmjs.org/connect/-/connect-3.7.0.tgz 11160ms (cache miss)
1792 http fetch GET 200 https://registry.npmjs.org/source-map-js/-/source-map-js-1.2.1.tgz 11404ms (cache miss)
1793 http fetch GET 200 https://registry.npmjs.org/@urql/exchange-retry/-/exchange-retry-1.3.2.tgz 11133ms (cache miss)
1794 http fetch GET 200 https://registry.npmjs.org/@types/jsonwebtoken/-/jsonwebtoken-9.0.10.tgz 11127ms (cache miss)
1795 http fetch GET 200 https://registry.npmjs.org/@types/node-forge/-/node-forge-1.3.14.tgz 11127ms (cache miss)
1796 http fetch GET 200 https://registry.npmjs.org/@types/json-schema/-/json-schema-7.0.15.tgz 11128ms (cache miss)
1797 http fetch GET 200 https://registry.npmjs.org/buffer/-/buffer-5.7.1.tgz 11253ms (cache miss)
1798 http fetch GET 200 https://registry.npmjs.org/@vercel/static-config/-/static-config-3.4.0.tgz 11202ms (cache miss)
1799 http fetch GET 200 https://registry.npmjs.org/@types/request/-/request-2.48.13.tgz 11182ms (cache miss)
1800 http fetch GET 200 https://registry.npmjs.org/@types/istanbul-lib-coverage/-/istanbul-lib-coverage-2.0.6.tgz 11178ms (cache miss)
1801 http fetch GET 200 https://registry.npmjs.org/@types/graceful-fs/-/graceful-fs-4.1.9.tgz 11178ms (cache miss)
1802 http fetch GET 200 https://registry.npmjs.org/anser/-/anser-1.4.10.tgz 11273ms (cache miss)
1803 http fetch GET 200 https://registry.npmjs.org/@types/babel__generator/-/babel__generator-7.27.0.tgz 11228ms (cache miss)
1804 http fetch GET 200 https://registry.npmjs.org/@types/istanbul-reports/-/istanbul-reports-3.0.4.tgz 11232ms (cache miss)
1805 http fetch GET 200 https://registry.npmjs.org/@types/babel__template/-/babel__template-7.4.4.tgz 11228ms (cache miss)
1806 http fetch GET 200 https://registry.npmjs.org/@types/istanbul-lib-report/-/istanbul-lib-report-3.0.3.tgz 11232ms (cache miss)
1807 http fetch GET 200 https://registry.npmjs.org/@tootallnate/once/-/once-2.0.1.tgz 11226ms (cache miss)
1808 http fetch GET 200 https://registry.npmjs.org/esbuild/-/esbuild-0.27.0.tgz 11387ms (cache miss)
1809 http fetch GET 200 https://registry.npmjs.org/@types/ms/-/ms-2.1.0.tgz 11287ms (cache miss)
1810 http fetch GET 200 https://registry.npmjs.org/@types/babel__core/-/babel__core-7.20.5.tgz 11284ms (cache miss)
1811 http fetch GET 200 https://registry.npmjs.org/@types/caseless/-/caseless-0.12.5.tgz 11287ms (cache miss)
1812 http fetch GET 200 https://registry.npmjs.org/es-module-lexer/-/es-module-lexer-1.4.1.tgz 11436ms (cache miss)
1813 http fetch GET 200 https://registry.npmjs.org/@types/estree/-/estree-1.0.9.tgz 11328ms (cache miss)
1814 http fetch GET 200 https://registry.npmjs.org/shell-quote/-/shell-quote-1.10.0.tgz 11672ms (cache miss)
1815 http fetch GET 200 https://registry.npmjs.org/@types/babel__traverse/-/babel__traverse-7.28.0.tgz 11433ms (cache miss)
1816 http fetch GET 200 https://registry.npmjs.org/@smithy/fetch-http-handler/-/fetch-http-handler-5.6.13.tgz 11427ms (cache miss)
1817 http fetch GET 200 https://registry.npmjs.org/@renovatebot/pep440/-/pep440-4.2.1.tgz 11431ms (cache miss)
1818 http fetch GET 200 https://registry.npmjs.org/jest-validate/-/jest-validate-29.7.0.tgz 11737ms (cache miss)
1819 http fetch GET 200 https://registry.npmjs.org/@rollup/pluginutils/-/pluginutils-5.4.0.tgz 11506ms (cache miss)
1820 http fetch GET 200 https://registry.npmjs.org/human-signals/-/human-signals-2.1.0.tgz 11724ms (cache miss)
1821 http fetch GET 200 https://registry.npmjs.org/async-limiter/-/async-limiter-1.0.1.tgz 11581ms (cache miss)
1822 http fetch GET 200 https://registry.npmjs.org/metro-runtime/-/metro-runtime-0.81.5.tgz 11871ms (cache miss)
1823 http fetch GET 200 https://registry.npmjs.org/path-browserify/-/path-browserify-1.0.1.tgz 11907ms (cache miss)
1824 http fetch GET 200 https://registry.npmjs.org/ws/-/ws-8.21.1.tgz 12007ms (cache miss)
1825 http fetch GET 200 https://registry.npmjs.org/cliui/-/cliui-8.0.1.tgz 11833ms (cache miss)
1826 http fetch GET 200 https://registry.npmjs.org/@sinonjs/fake-timers/-/fake-timers-10.3.0.tgz 11728ms (cache miss)
1827 http fetch GET 200 https://registry.npmjs.org/metro-transform-plugins/-/metro-transform-plugins-0.81.5.tgz 11999ms (cache miss)
1828 http fetch GET 200 https://registry.npmjs.org/@react-native/normalize-colors/-/normalize-colors-0.76.9.tgz 11742ms (cache miss)
1829 http fetch GET 200 https://registry.npmjs.org/@react-native/js-polyfills/-/js-polyfills-0.76.5.tgz 11742ms (cache miss)
1830 http fetch GET 200 https://registry.npmjs.org/cjs-module-lexer/-/cjs-module-lexer-1.2.3.tgz 11860ms (cache miss)
1831 http fetch GET 200 https://registry.npmjs.org/is-unsafe/-/is-unsafe-2.0.0.tgz 12012ms (cache miss)
1832 http fetch GET 200 https://registry.npmjs.org/esprima/-/esprima-4.0.1.tgz 11998ms (cache miss)
1833 http fetch GET 200 https://registry.npmjs.org/stream-buffers/-/stream-buffers-2.2.0.tgz 12202ms (cache miss)
1834 http fetch GET 200 https://registry.npmjs.org/@react-native/metro-babel-transformer/-/metro-babel-transformer-0.76.5.tgz 11860ms (cache miss)
1835 http fetch GET 200 https://registry.npmjs.org/@radix-ui/react-slot/-/react-slot-1.0.1.tgz 11852ms (cache miss)
1836 http fetch GET 200 https://registry.npmjs.org/smol-toml/-/smol-toml-1.5.2.tgz 12255ms (cache miss)
1837 http fetch GET 200 https://registry.npmjs.org/commander/-/commander-7.2.0.tgz 12015ms (cache miss)
1838 http fetch GET 200 https://registry.npmjs.org/dotenv/-/dotenv-16.4.7.tgz 12079ms (cache miss)
1839 http fetch GET 200 https://registry.npmjs.org/component-type/-/component-type-1.2.2.tgz 12055ms (cache miss)
1840 http fetch GET 200 https://registry.npmjs.org/path-to-regexp/-/path-to-regexp-6.1.0.tgz 12268ms (cache miss)
1841 http fetch GET 200 https://registry.npmjs.org/@radix-ui/react-compose-refs/-/react-compose-refs-1.0.0.tgz 11951ms (cache miss)
1842 http fetch GET 200 https://registry.npmjs.org/@protobufjs/pool/-/pool-1.1.0.tgz 11951ms (cache miss)
1843 http fetch GET 200 https://registry.npmjs.org/@protobufjs/fetch/-/fetch-1.1.1.tgz 11950ms (cache miss)
1844 http fetch GET 200 https://registry.npmjs.org/google-logging-utils/-/google-logging-utils-1.1.3.tgz 12225ms (cache miss)
1845 http fetch GET 200 https://registry.npmjs.org/@protobufjs/eventemitter/-/eventemitter-1.1.1.tgz 12014ms (cache miss)
1846 http fetch GET 200 https://registry.npmjs.org/cosmiconfig/-/cosmiconfig-5.2.1.tgz 12222ms (cache miss)
1847 http fetch GET 200 https://registry.npmjs.org/minipass/-/minipass-7.1.3.tgz 12379ms (cache miss)
1848 http fetch GET 200 https://registry.npmjs.org/@protobufjs/codegen/-/codegen-2.0.5.tgz 12102ms (cache miss)
1849 http fetch GET 200 https://registry.npmjs.org/@protobufjs/float/-/float-1.0.2.tgz 12104ms (cache miss)
1850 http fetch GET 200 https://registry.npmjs.org/@react-native/babel-plugin-codegen/-/babel-plugin-codegen-0.76.9.tgz 12116ms (cache miss)
1851 http fetch GET 200 https://registry.npmjs.org/@protobufjs/aspromise/-/aspromise-1.1.2.tgz 12103ms (cache miss)
1852 http fetch GET 200 https://registry.npmjs.org/@react-native/assets-registry/-/assets-registry-0.76.5.tgz 12120ms (cache miss)
1853 http fetch GET 200 https://registry.npmjs.org/big-integer/-/big-integer-1.6.52.tgz 12221ms (cache miss)
1854 http fetch GET 200 https://registry.npmjs.org/event-target-shim/-/event-target-shim-5.0.1.tgz 12300ms (cache miss)
1855 http fetch GET 200 https://registry.npmjs.org/@types/yargs/-/yargs-17.0.35.tgz 12262ms (cache miss)
1856 http fetch GET 200 https://registry.npmjs.org/has-tostringtag/-/has-tostringtag-1.0.2.tgz 12561ms (cache miss)
1857 http fetch GET 200 https://registry.npmjs.org/path-scurry/-/path-scurry-1.11.1.tgz 12665ms (cache miss)
1858 http fetch GET 200 https://registry.npmjs.org/@nodelib/fs.stat/-/fs.stat-2.0.5.tgz 12335ms (cache miss)
1859 http fetch GET 200 https://registry.npmjs.org/@jest/types/-/types-29.6.3.tgz 12329ms (cache miss)
1860 http fetch GET 200 https://registry.npmjs.org/@jest/schemas/-/schemas-29.6.3.tgz 12329ms (cache miss)
1861 http fetch GET 200 https://registry.npmjs.org/@jridgewell/source-map/-/source-map-0.3.11.tgz 12330ms (cache miss)
1862 http fetch GET 200 https://registry.npmjs.org/@protobufjs/path/-/path-1.1.2.tgz 12350ms (cache miss)
1863 http fetch GET 200 https://registry.npmjs.org/@jest/environment/-/environment-29.7.0.tgz 12327ms (cache miss)
1864 http fetch GET 200 https://registry.npmjs.org/@jest/fake-timers/-/fake-timers-29.7.0.tgz 12330ms (cache miss)
1865 http fetch GET 200 https://registry.npmjs.org/@jest/transform/-/transform-29.7.0.tgz 12329ms (cache miss)
1866 http fetch GET 200 https://registry.npmjs.org/@istanbuljs/load-nyc-config/-/load-nyc-config-1.1.0.tgz 12329ms (cache miss)
1867 http fetch GET 200 https://registry.npmjs.org/browserslist/-/browserslist-4.28.7.tgz 12464ms (cache miss)
1868 http fetch GET 200 https://registry.npmjs.org/babel-plugin-polyfill-corejs2/-/babel-plugin-polyfill-corejs2-0.4.17.tgz 12447ms (cache miss)
1869 http fetch GET 200 https://registry.npmjs.org/@nodelib/fs.walk/-/fs.walk-1.2.8.tgz 12416ms (cache miss)
1870 http fetch GET 200 https://registry.npmjs.org/schema-utils/-/schema-utils-4.3.3.tgz 12812ms (cache miss)
1871 http fetch GET 200 https://registry.npmjs.org/@jridgewell/resolve-uri/-/resolve-uri-3.1.2.tgz 12451ms (cache miss)
1872 http fetch GET 200 https://registry.npmjs.org/better-opn/-/better-opn-3.0.2.tgz 12570ms (cache miss)
1873 http fetch GET 200 https://registry.npmjs.org/jest-worker/-/jest-worker-29.7.0.tgz 12735ms (cache miss)
1874 http fetch GET 200 https://registry.npmjs.org/@protobufjs/utf8/-/utf8-1.1.2.tgz 12505ms (cache miss)
1875 http fetch GET 200 https://registry.npmjs.org/baseline-browser-mapping/-/baseline-browser-mapping-2.11.6.tgz 12614ms (cache miss)
1876 http fetch GET 200 https://registry.npmjs.org/@isaacs/balanced-match/-/balanced-match-4.0.1.tgz 12520ms (cache miss)
1877 http fetch GET 200 https://registry.npmjs.org/@google-cloud/projectify/-/projectify-4.0.0.tgz 12520ms (cache miss)
1878 http fetch GET 200 https://registry.npmjs.org/bplist-creator/-/bplist-creator-0.0.7.tgz 12683ms (cache miss)
1879 http fetch GET 200 https://registry.npmjs.org/@istanbuljs/schema/-/schema-0.1.6.tgz 12558ms (cache miss)
1880 http fetch GET 200 https://registry.npmjs.org/@isaacs/fs-minipass/-/fs-minipass-4.0.1.tgz 12555ms (cache miss)
1881 http fetch GET 200 https://registry.npmjs.org/electron-to-chromium/-/electron-to-chromium-1.5.398.tgz 12793ms (cache miss)
1882 http fetch GET 200 https://registry.npmjs.org/qrcode-terminal/-/qrcode-terminal-0.11.0.tgz 12974ms (cache miss)
1883 http fetch GET 200 https://registry.npmjs.org/@google-cloud/paginator/-/paginator-5.0.2.tgz 12618ms (cache miss)
1884 http fetch GET 200 https://registry.npmjs.org/@jest/create-cache-key-function/-/create-cache-key-function-29.7.0.tgz 12670ms (cache miss)
1885 http fetch GET 200 https://registry.npmjs.org/@isaacs/cliui/-/cliui-8.0.2.tgz 12670ms (cache miss)
1886 http fetch GET 200 https://registry.npmjs.org/lightningcss/-/lightningcss-1.27.0.tgz 12994ms (cache miss)
1887 http fetch GET 200 https://registry.npmjs.org/react-helmet-async/-/react-helmet-async-1.3.0.tgz 13119ms (cache miss)
1888 http fetch GET 200 https://registry.npmjs.org/hermes-estree/-/hermes-estree-0.23.1.tgz 13004ms (cache miss)
1889 http fetch GET 200 https://registry.npmjs.org/@protobufjs/base64/-/base64-1.1.2.tgz 12773ms (cache miss)
1890 http fetch GET 200 https://registry.npmjs.org/react/-/react-18.3.1.tgz 13189ms (cache miss)
1891 http fetch GET 200 https://registry.npmjs.org/fast-xml-builder/-/fast-xml-builder-1.3.0.tgz 13050ms (cache miss)
1892 http fetch GET 200 https://registry.npmjs.org/@firebase/storage-types/-/storage-types-0.8.2.tgz 12828ms (cache miss)
1893 http fetch GET 200 https://registry.npmjs.org/@isaacs/ttlcache/-/ttlcache-1.4.1.tgz 12840ms (cache miss)
1894 http fetch GET 200 https://registry.npmjs.org/cross-fetch/-/cross-fetch-3.2.0.tgz 13030ms (cache miss)
1895 http fetch GET 200 https://registry.npmjs.org/@react-native/babel-preset/-/babel-preset-0.76.9.tgz 12903ms (cache miss)
1896 http fetch GET 200 https://registry.npmjs.org/@firebase/remote-config-types/-/remote-config-types-0.3.2.tgz 12856ms (cache miss)
1897 http fetch GET 200 https://registry.npmjs.org/@firebase/performance-compat/-/performance-compat-0.2.9.tgz 12948ms (cache miss)
1898 http fetch GET 200 https://registry.npmjs.org/readable-stream/-/readable-stream-3.6.2.tgz 13355ms (cache miss)
1899 http fetch GET 200 https://registry.npmjs.org/@segment/loosely-validate-event/-/loosely-validate-event-2.0.0.tgz 13031ms (cache miss)
1900 http fetch GET 200 https://registry.npmjs.org/@firebase/remote-config-compat/-/remote-config-compat-0.2.9.tgz 12973ms (cache miss)
1901 http fetch GET 200 https://registry.npmjs.org/@firebase/messaging-compat/-/messaging-compat-0.2.12.tgz 12971ms (cache miss)
1902 http fetch GET 200 https://registry.npmjs.org/@google-cloud/promisify/-/promisify-4.0.0.tgz 13021ms (cache miss)
1903 http fetch GET 200 https://registry.npmjs.org/@firebase/installations-types/-/installations-types-0.5.2.tgz 13001ms (cache miss)
1904 http fetch GET 200 https://registry.npmjs.org/@firebase/logger/-/logger-0.4.2.tgz 13001ms (cache miss)
1905 http fetch GET 200 https://registry.npmjs.org/@firebase/installations-compat/-/installations-compat-0.2.9.tgz 13002ms (cache miss)
1906 http fetch GET 200 https://registry.npmjs.org/minimist/-/minimist-1.2.8.tgz 13354ms (cache miss)
1907 http fetch GET 200 https://registry.npmjs.org/@firebase/performance-types/-/performance-types-0.2.2.tgz 13032ms (cache miss)
1908 http fetch GET 200 https://registry.npmjs.org/@firebase/functions-types/-/functions-types-0.6.2.tgz 13029ms (cache miss)
1909 http fetch GET 200 https://registry.npmjs.org/@firebase/firestore-types/-/firestore-types-3.0.2.tgz 13033ms (cache miss)
1910 http fetch GET 200 https://registry.npmjs.org/@firebase/messaging-interop-types/-/messaging-interop-types-0.2.2.tgz 13099ms (cache miss)
1911 http fetch GET 200 https://registry.npmjs.org/json5/-/json5-2.2.3.tgz 13425ms (cache miss)
1912 http fetch GET 200 https://registry.npmjs.org/idb/-/idb-7.1.1.tgz 13460ms (cache miss)
1913 http fetch GET 200 https://registry.npmjs.org/@xmldom/xmldom/-/xmldom-0.7.13.tgz 13346ms (cache miss)
1914 http fetch GET 200 https://registry.npmjs.org/bignumber.js/-/bignumber.js-9.3.1.tgz 13419ms (cache miss)
1915 http fetch GET 200 https://registry.npmjs.org/abort-controller/-/abort-controller-3.0.0.tgz 13378ms (cache miss)
1916 http fetch GET 200 https://registry.npmjs.org/@firebase/functions-compat/-/functions-compat-0.3.14.tgz 13370ms (cache miss)
1917 http fetch GET 200 https://registry.npmjs.org/estree-walker/-/estree-walker-2.0.2.tgz 13612ms (cache miss)
1918 http fetch GET 200 https://registry.npmjs.org/ts-morph/-/ts-morph-12.0.0.tgz 13837ms (cache miss)
1919 warn deprecated @xmldom/xmldom@0.7.13: this version has critical issues, please update to the latest version
1920 http fetch GET 200 https://registry.npmjs.org/@firebase/database-types/-/database-types-1.0.5.tgz 13415ms (cache miss)
1921 http fetch GET 200 https://registry.npmjs.org/@firebase/auth-types/-/auth-types-0.12.2.tgz 13442ms (cache miss)
1922 http fetch GET 200 https://registry.npmjs.org/signal-exit/-/signal-exit-4.1.0.tgz 13881ms (cache miss)
1923 http fetch GET 200 https://registry.npmjs.org/structured-headers/-/structured-headers-0.4.1.tgz 13907ms (cache miss)
1924 http fetch GET 200 https://registry.npmjs.org/@firebase/auth-interop-types/-/auth-interop-types-0.2.3.tgz 13495ms (cache miss)
1925 http fetch GET 200 https://registry.npmjs.org/@firebase/app-types/-/app-types-0.9.2.tgz 13496ms (cache miss)
1926 http fetch GET 200 https://registry.npmjs.org/jest-haste-map/-/jest-haste-map-29.7.0.tgz 13816ms (cache miss)
1927 http fetch GET 200 https://registry.npmjs.org/@firebase/app-check-interop-types/-/app-check-interop-types-0.3.2.tgz 13528ms (cache miss)
1928 http fetch GET 200 https://registry.npmjs.org/source-map/-/source-map-0.5.7.tgz 13975ms (cache miss)
1929 http fetch GET 200 https://registry.npmjs.org/@nodable/entities/-/entities-3.0.0.tgz 13598ms (cache miss)
1930 http fetch GET 200 https://registry.npmjs.org/@firebase/app-check-compat/-/app-check-compat-0.3.15.tgz 13561ms (cache miss)
1931 http fetch GET 200 https://registry.npmjs.org/cacache/-/cacache-18.0.4.tgz 13809ms (cache miss)
1932 http fetch GET 200 https://registry.npmjs.org/bowser/-/bowser-2.14.1.tgz 13802ms (cache miss)
1933 http fetch GET 200 https://registry.npmjs.org/tar/-/tar-6.2.1.tgz 14096ms (cache miss)
1934 warn deprecated tar@6.2.1: Old versions of tar are not supported, and contain widely publicized security vulnerabilities, which have been fixed in the current version. Please update. Support for old versions may be purchased (at exorbitant rates) by contacting i@izs.me
1935 http fetch GET 200 https://registry.npmjs.org/gaxios/-/gaxios-6.7.1.tgz 13960ms (cache miss)
1936 http fetch GET 200 https://registry.npmjs.org/jackspeak/-/jackspeak-3.4.3.tgz 14065ms (cache miss)
1937 http fetch GET 200 https://registry.npmjs.org/flow-estree/-/flow-estree-0.324.0.tgz 14024ms (cache miss)
1938 http fetch GET 200 https://registry.npmjs.org/@firebase/analytics-types/-/analytics-types-0.8.2.tgz 13809ms (cache miss)
1939 http fetch GET 200 https://registry.npmjs.org/babel-plugin-polyfill-corejs3/-/babel-plugin-polyfill-corejs3-0.13.0.tgz 14000ms (cache miss)
1940 http fetch GET 200 https://registry.npmjs.org/@expo/osascript/-/osascript-2.7.1.tgz 13842ms (cache miss)
1941 http fetch GET 200 https://registry.npmjs.org/@firebase/analytics-compat/-/analytics-compat-0.2.14.tgz 13846ms (cache miss)
1942 http fetch GET 200 https://registry.npmjs.org/plist/-/plist-3.1.1.tgz 14279ms (cache miss)
1943 http fetch GET 200 https://registry.npmjs.org/@expo/spawn-async/-/spawn-async-1.8.0.tgz 13879ms (cache miss)
1944 http fetch GET 200 https://registry.npmjs.org/@firebase/app-check-types/-/app-check-types-0.5.2.tgz 13888ms (cache miss)
1945 http fetch GET 200 https://registry.npmjs.org/jest-util/-/jest-util-29.7.0.tgz 14253ms (cache miss)
1946 http fetch GET 200 https://registry.npmjs.org/@expo/sdk-runtime-versions/-/sdk-runtime-versions-1.0.0.tgz 13985ms (cache miss)
1947 http fetch GET 200 https://registry.npmjs.org/@npmcli/fs/-/fs-3.1.1.tgz 14164ms (cache miss)
1948 http fetch GET 200 https://registry.npmjs.org/@expo/plist/-/plist-0.2.2.tgz 14138ms (cache miss)
1949 http fetch GET 200 https://registry.npmjs.org/acorn/-/acorn-8.18.0.tgz 14360ms (cache miss)
1950 http fetch GET 200 https://registry.npmjs.org/@grpc/proto-loader/-/proto-loader-0.7.15.tgz 14269ms (cache miss)
1951 http fetch GET 200 https://registry.npmjs.org/@expo/json-file/-/json-file-9.1.5.tgz 14221ms (cache miss)
1952 http fetch GET 200 https://registry.npmjs.org/brace-expansion/-/brace-expansion-1.1.16.tgz 14469ms (cache miss)
1953 http fetch GET 200 https://registry.npmjs.org/@isaacs/brace-expansion/-/brace-expansion-5.0.1.tgz 14687ms (cache miss)
1954 http fetch GET 200 https://registry.npmjs.org/@expo/sudo-prompt/-/sudo-prompt-9.3.2.tgz 14716ms (cache miss)
1955 http fetch GET 200 https://registry.npmjs.org/@edge-runtime/format/-/format-2.2.1.tgz 14864ms (cache miss)
1956 http fetch GET 200 https://registry.npmjs.org/@babel/plugin-transform-unicode-sets-regex/-/plugin-transform-unicode-sets-regex-7.29.7.tgz 15106ms (cache miss)
1957 http fetch GET 200 https://registry.npmjs.org/@babel/plugin-transform-unicode-property-regex/-/plugin-transform-unicode-property-regex-7.29.7.tgz 15105ms (cache miss)
1958 http fetch GET 200 https://registry.npmjs.org/@edge-runtime/ponyfill/-/ponyfill-2.4.2.tgz 15178ms (cache miss)
1959 http fetch GET 200 https://registry.npmjs.org/csstype/-/csstype-3.2.3.tgz 15443ms (cache miss)
1960 http fetch GET 200 https://registry.npmjs.org/@babel/plugin-transform-unicode-regex/-/plugin-transform-unicode-regex-7.29.7.tgz 15248ms (cache miss)
1961 http fetch GET 200 https://registry.npmjs.org/@babel/plugin-transform-unicode-escapes/-/plugin-transform-unicode-escapes-7.29.7.tgz 15236ms (cache miss)
1962 http fetch GET 200 https://registry.npmjs.org/@babel/plugin-transform-spread/-/plugin-transform-spread-7.29.7.tgz 15239ms (cache miss)
1963 http fetch GET 200 https://registry.npmjs.org/@babel/plugin-transform-shorthand-properties/-/plugin-transform-shorthand-properties-7.29.7.tgz 15240ms (cache miss)
1964 http fetch GET 200 https://registry.npmjs.org/@babel/plugin-transform-sticky-regex/-/plugin-transform-sticky-regex-7.29.7.tgz 15239ms (cache miss)
1965 http fetch GET 200 https://registry.npmjs.org/@babel/plugin-transform-typeof-symbol/-/plugin-transform-typeof-symbol-7.29.7.tgz 15240ms (cache miss)
1966 http fetch GET 200 https://registry.npmjs.org/@types/react/-/react-18.3.31.tgz 15438ms (cache miss)
1967 http fetch GET 200 https://registry.npmjs.org/@babel/preset-react/-/preset-react-7.29.7.tgz 15327ms (cache miss)
1968 http fetch GET 200 https://registry.npmjs.org/@babel/plugin-transform-regexp-modifiers/-/plugin-transform-regexp-modifiers-7.29.7.tgz 15309ms (cache miss)
1969 http fetch GET 200 https://registry.npmjs.org/@babel/plugin-transform-reserved-words/-/plugin-transform-reserved-words-7.29.7.tgz 15306ms (cache miss)
1970 http fetch GET 200 https://registry.npmjs.org/@babel/plugin-transform-react-pure-annotations/-/plugin-transform-react-pure-annotations-7.29.7.tgz 15310ms (cache miss)
1971 http fetch GET 200 https://registry.npmjs.org/@expo/rudder-sdk-node/-/rudder-sdk-node-1.1.1.tgz 15414ms (cache miss)
1972 http fetch GET 200 https://registry.npmjs.org/@expo/config-types/-/config-types-52.0.5.tgz 15404ms (cache miss)
1973 http fetch GET 200 https://registry.npmjs.org/@babel/plugin-transform-react-jsx-source/-/plugin-transform-react-jsx-source-7.29.7.tgz 15366ms (cache miss)
1974 http fetch GET 200 https://registry.npmjs.org/@babel/preset-flow/-/preset-flow-7.29.7.tgz 15388ms (cache miss)
1975 http fetch GET 200 https://registry.npmjs.org/@babel/preset-typescript/-/preset-typescript-7.29.7.tgz 15391ms (cache miss)
1976 http fetch GET 200 https://registry.npmjs.org/@babel/plugin-transform-property-literals/-/plugin-transform-property-literals-7.29.7.tgz 15365ms (cache miss)
1977 http fetch GET 200 https://registry.npmjs.org/@babel/plugin-transform-react-jsx-development/-/plugin-transform-react-jsx-development-7.29.7.tgz 15424ms (cache miss)
1978 http fetch GET 200 https://registry.npmjs.org/@babel/plugin-transform-private-property-in-object/-/plugin-transform-private-property-in-object-7.29.7.tgz 15432ms (cache miss)
1979 http fetch GET 200 https://registry.npmjs.org/@babel/plugin-transform-private-methods/-/plugin-transform-private-methods-7.29.7.tgz 15433ms (cache miss)
1980 http fetch GET 200 https://registry.npmjs.org/wonka/-/wonka-6.3.6.tgz 16021ms (cache miss)
1981 http fetch GET 200 https://registry.npmjs.org/@babel/plugin-transform-react-jsx-self/-/plugin-transform-react-jsx-self-7.29.7.tgz 15482ms (cache miss)
1982 http fetch GET 200 https://registry.npmjs.org/@babel/plugin-transform-optional-catch-binding/-/plugin-transform-optional-catch-binding-7.29.7.tgz 15479ms (cache miss)
1983 http fetch GET 200 https://registry.npmjs.org/@babel/plugin-transform-optional-chaining/-/plugin-transform-optional-chaining-7.29.7.tgz 15481ms (cache miss)
1984 http fetch GET 200 https://registry.npmjs.org/@babel/plugin-transform-numeric-separator/-/plugin-transform-numeric-separator-7.29.7.tgz 15484ms (cache miss)
1985 http fetch GET 200 https://registry.npmjs.org/@babel/plugin-transform-named-capturing-groups-regex/-/plugin-transform-named-capturing-groups-regex-7.29.7.tgz 15574ms (cache miss)
1986 http fetch GET 200 https://registry.npmjs.org/@babel/plugin-transform-modules-umd/-/plugin-transform-modules-umd-7.29.7.tgz 15579ms (cache miss)
1987 http fetch GET 200 https://registry.npmjs.org/@babel/plugin-transform-runtime/-/plugin-transform-runtime-7.29.7.tgz 15594ms (cache miss)
1988 http fetch GET 200 https://registry.npmjs.org/@babel/plugin-transform-template-literals/-/plugin-transform-template-literals-7.29.7.tgz 15600ms (cache miss)
1989 http fetch GET 200 https://registry.npmjs.org/@babel/plugin-transform-modules-amd/-/plugin-transform-modules-amd-7.29.7.tgz 15575ms (cache miss)
1990 http fetch GET 200 https://registry.npmjs.org/@babel/plugin-transform-react-display-name/-/plugin-transform-react-display-name-7.29.7.tgz 15586ms (cache miss)
1991 http fetch GET 200 https://registry.npmjs.org/html-entities/-/html-entities-2.6.0.tgz 15994ms (cache miss)
1992 http fetch GET 200 https://registry.npmjs.org/@babel/plugin-transform-literals/-/plugin-transform-literals-7.29.7.tgz 15620ms (cache miss)
1993 http fetch GET 200 https://registry.npmjs.org/@babel/plugin-transform-function-name/-/plugin-transform-function-name-7.29.7.tgz 15619ms (cache miss)
1994 http fetch GET 200 https://registry.npmjs.org/@babel/plugin-transform-nullish-coalescing-operator/-/plugin-transform-nullish-coalescing-operator-7.29.7.tgz 15639ms (cache miss)
1995 http fetch GET 200 https://registry.npmjs.org/@babel/plugin-transform-export-namespace-from/-/plugin-transform-export-namespace-from-7.29.7.tgz 15619ms (cache miss)
1996 http fetch GET 200 https://registry.npmjs.org/@babel/plugin-transform-json-strings/-/plugin-transform-json-strings-7.29.7.tgz 15628ms (cache miss)
1997 http fetch GET 200 https://registry.npmjs.org/@babel/plugin-transform-explicit-resource-management/-/plugin-transform-explicit-resource-management-7.29.7.tgz 15618ms (cache miss)
1998 http fetch GET 200 https://registry.npmjs.org/@babel/plugin-transform-duplicate-named-capturing-groups-regex/-/plugin-transform-duplicate-named-capturing-groups-regex-7.29.7.tgz 15618ms (cache miss)
1999 http fetch GET 200 https://registry.npmjs.org/@babel/plugin-transform-class-static-block/-/plugin-transform-class-static-block-7.29.7.tgz 15616ms (cache miss)
2000 http fetch GET 200 https://registry.npmjs.org/@babel/plugin-transform-block-scoped-functions/-/plugin-transform-block-scoped-functions-7.29.7.tgz 15615ms (cache miss)
2001 http fetch GET 200 https://registry.npmjs.org/@babel/plugin-transform-computed-properties/-/plugin-transform-computed-properties-7.29.7.tgz 15617ms (cache miss)
2002 http fetch GET 200 https://registry.npmjs.org/@babel/plugin-transform-dynamic-import/-/plugin-transform-dynamic-import-7.29.7.tgz 15623ms (cache miss)
2003 http fetch GET 200 https://registry.npmjs.org/@babel/plugin-transform-arrow-functions/-/plugin-transform-arrow-functions-7.29.7.tgz 15613ms (cache miss)
2004 http fetch GET 200 https://registry.npmjs.org/@babel/plugin-syntax-top-level-await/-/plugin-syntax-top-level-await-7.14.5.tgz 15610ms (cache miss)
2005 http fetch GET 200 https://registry.npmjs.org/@babel/plugin-transform-class-properties/-/plugin-transform-class-properties-7.29.7.tgz 15616ms (cache miss)
2006 http fetch GET 200 https://registry.npmjs.org/@babel/plugin-syntax-private-property-in-object/-/plugin-syntax-private-property-in-object-7.14.5.tgz 15602ms (cache miss)
2007 http fetch GET 200 https://registry.npmjs.org/@babel/plugin-syntax-optional-catch-binding/-/plugin-syntax-optional-catch-binding-7.8.3.tgz 15608ms (cache miss)
2008 http fetch GET 200 https://registry.npmjs.org/@babel/plugin-syntax-optional-chaining/-/plugin-syntax-optional-chaining-7.8.3.tgz 15609ms (cache miss)
2009 http fetch GET 200 https://registry.npmjs.org/@babel/plugin-syntax-import-meta/-/plugin-syntax-import-meta-7.10.4.tgz 15599ms (cache miss)
2010 http fetch GET 200 https://registry.npmjs.org/@babel/plugin-syntax-nullish-coalescing-operator/-/plugin-syntax-nullish-coalescing-operator-7.8.3.tgz 15601ms (cache miss)
2011 http fetch GET 200 https://registry.npmjs.org/@babel/plugin-syntax-json-strings/-/plugin-syntax-json-strings-7.8.3.tgz 15601ms (cache miss)
2012 http fetch GET 200 https://registry.npmjs.org/@babel/plugin-transform-async-to-generator/-/plugin-transform-async-to-generator-7.29.7.tgz 15614ms (cache miss)
2013 http fetch GET 200 https://registry.npmjs.org/@babel/plugin-syntax-dynamic-import/-/plugin-syntax-dynamic-import-7.8.3.tgz 15599ms (cache miss)
2014 http fetch GET 200 https://registry.npmjs.org/@babel/plugin-transform-object-super/-/plugin-transform-object-super-7.29.7.tgz 15660ms (cache miss)
2015 http fetch GET 200 https://registry.npmjs.org/@babel/plugin-syntax-flow/-/plugin-syntax-flow-7.29.7.tgz 15605ms (cache miss)
2016 http fetch GET 200 https://registry.npmjs.org/@babel/plugin-syntax-class-static-block/-/plugin-syntax-class-static-block-7.14.5.tgz 15605ms (cache miss)
2017 http fetch GET 200 https://registry.npmjs.org/@babel/plugin-syntax-async-generators/-/plugin-syntax-async-generators-7.8.4.tgz 15603ms (cache miss)
2018 http fetch GET 200 https://registry.npmjs.org/@babel/plugin-transform-logical-assignment-operators/-/plugin-transform-logical-assignment-operators-7.29.7.tgz 15732ms (cache miss)
2019 http fetch GET 200 https://registry.npmjs.org/@babel/plugin-transform-dotall-regex/-/plugin-transform-dotall-regex-7.29.7.tgz 15724ms (cache miss)
2020 http fetch GET 200 https://registry.npmjs.org/@babel/plugin-syntax-class-properties/-/plugin-syntax-class-properties-7.12.13.tgz 15703ms (cache miss)
2021 http fetch GET 200 https://registry.npmjs.org/@babel/plugin-syntax-export-default-from/-/plugin-syntax-export-default-from-7.29.7.tgz 15709ms (cache miss)
2022 http fetch GET 200 https://registry.npmjs.org/@babel/plugin-transform-duplicate-keys/-/plugin-transform-duplicate-keys-7.29.7.tgz 15833ms (cache miss)
2023 http fetch GET 200 https://registry.npmjs.org/@babel/plugin-transform-async-generator-functions/-/plugin-transform-async-generator-functions-7.29.7.tgz 15826ms (cache miss)
2024 http fetch GET 200 https://registry.npmjs.org/@babel/plugin-transform-member-expression-literals/-/plugin-transform-member-expression-literals-7.29.7.tgz 15853ms (cache miss)
2025 http fetch GET 200 https://registry.npmjs.org/@babel/plugin-syntax-jsx/-/plugin-syntax-jsx-7.29.7.tgz 15809ms (cache miss)
2026 http fetch GET 200 https://registry.npmjs.org/@babel/plugin-syntax-numeric-separator/-/plugin-syntax-numeric-separator-7.10.4.tgz 15813ms (cache miss)
2027 http fetch GET 200 https://registry.npmjs.org/@babel/plugin-syntax-import-assertions/-/plugin-syntax-import-assertions-7.29.7.tgz 15810ms (cache miss)
2028 http fetch GET 200 https://registry.npmjs.org/@babel/plugin-bugfix-v8-static-class-fields-redefine-readonly/-/plugin-bugfix-v8-static-class-fields-redefine-readonly-7.29.7.tgz 15803ms (cache miss)
2029 http fetch GET 200 https://registry.npmjs.org/@babel/plugin-transform-exponentiation-operator/-/plugin-transform-exponentiation-operator-7.29.7.tgz 15852ms (cache miss)
2030 http fetch GET 200 https://registry.npmjs.org/@babel/plugin-syntax-typescript/-/plugin-syntax-typescript-7.29.7.tgz 15842ms (cache miss)
2031 http fetch GET 200 https://registry.npmjs.org/@expo/env/-/env-0.4.2.tgz 16031ms (cache miss)
2032 http fetch GET 200 https://registry.npmjs.org/@babel/plugin-syntax-logical-assignment-operators/-/plugin-syntax-logical-assignment-operators-7.10.4.tgz 15942ms (cache miss)
2033 http fetch GET 200 https://registry.npmjs.org/@babel/plugin-transform-new-target/-/plugin-transform-new-target-7.29.7.tgz 15995ms (cache miss)
2034 http fetch GET 200 https://registry.npmjs.org/@pkgjs/parseargs/-/parseargs-0.11.0.tgz 16131ms (cache miss)
2035 http fetch GET 200 https://registry.npmjs.org/@urql/core/-/core-5.2.0.tgz 16188ms (cache miss)
2036 http fetch GET 200 https://registry.npmjs.org/@babel/plugin-proposal-private-property-in-object/-/plugin-proposal-private-property-in-object-7.21.0-placeholder-for-preset-env.2.tgz 15934ms (cache miss)
2037 http fetch GET 200 https://registry.npmjs.org/@babel/plugin-bugfix-safari-id-destructuring-collision-in-function-expression/-/plugin-bugfix-safari-id-destructuring-collision-in-function-expression-7.29.7.tgz 15925ms (cache miss)
2038 http fetch GET 200 https://registry.npmjs.org/@babel/plugin-bugfix-safari-class-field-initializer-scope/-/plugin-bugfix-safari-class-field-initializer-scope-7.29.7.tgz 15923ms (cache miss)
2039 http fetch GET 200 https://registry.npmjs.org/@babel/plugin-syntax-import-attributes/-/plugin-syntax-import-attributes-7.29.7.tgz 15949ms (cache miss)
2040 http fetch GET 200 https://registry.npmjs.org/@babel/plugin-syntax-unicode-sets-regex/-/plugin-syntax-unicode-sets-regex-7.18.6.tgz 15961ms (cache miss)
2041 http fetch GET 200 https://registry.npmjs.org/@babel/plugin-proposal-optional-chaining/-/plugin-proposal-optional-chaining-7.21.0.tgz 15934ms (cache miss)
2042 http fetch GET 200 https://registry.npmjs.org/@babel/plugin-proposal-class-properties/-/plugin-proposal-class-properties-7.18.6.tgz 16022ms (cache miss)
2043 http fetch GET 200 https://registry.npmjs.org/@babel/plugin-proposal-nullish-coalescing-operator/-/plugin-proposal-nullish-coalescing-operator-7.18.6.tgz 16024ms (cache miss)
2044 http fetch GET 200 https://registry.npmjs.org/@babel/highlight/-/highlight-7.25.9.tgz 16014ms (cache miss)
2045 http fetch GET 200 https://registry.npmjs.org/@babel/plugin-syntax-object-rest-spread/-/plugin-syntax-object-rest-spread-7.8.3.tgz 16044ms (cache miss)
2046 http fetch GET 200 https://registry.npmjs.org/@babel/plugin-syntax-bigint/-/plugin-syntax-bigint-7.8.3.tgz 16027ms (cache miss)
2047 http fetch GET 200 https://registry.npmjs.org/@babel/plugin-bugfix-v8-spread-parameters-in-optional-chaining/-/plugin-bugfix-v8-spread-parameters-in-optional-chaining-7.29.7.tgz 16014ms (cache miss)
2048 http fetch GET 200 https://registry.npmjs.org/@babel/plugin-proposal-export-default-from/-/plugin-proposal-export-default-from-7.29.7.tgz 16025ms (cache miss)
2049 http fetch GET 200 https://registry.npmjs.org/@babel/plugin-bugfix-safari-rest-destructuring-rhs-array/-/plugin-bugfix-safari-rest-destructuring-rhs-array-7.29.7.tgz 16018ms (cache miss)
2050 http fetch GET 200 https://registry.npmjs.org/chromium-edge-launcher/-/chromium-edge-launcher-0.2.0.tgz 16402ms (cache miss)
2051 http fetch GET 200 https://registry.npmjs.org/@babel/plugin-syntax-decorators/-/plugin-syntax-decorators-7.29.7.tgz 16090ms (cache miss)
2052 http fetch GET 200 https://registry.npmjs.org/@babel/plugin-bugfix-firefox-class-in-computed-class-key/-/plugin-bugfix-firefox-class-in-computed-class-key-7.29.7.tgz 16068ms (cache miss)
2053 http fetch GET 200 https://registry.npmjs.org/@babel/helper-wrap-function/-/helper-wrap-function-7.29.7.tgz 16062ms (cache miss)
2054 http fetch GET 200 https://registry.npmjs.org/@babel/helper-validator-option/-/helper-validator-option-7.29.7.tgz 16064ms (cache miss)
2055 http fetch GET 200 https://registry.npmjs.org/@babel/helper-validator-identifier/-/helper-validator-identifier-7.29.7.tgz 16059ms (cache miss)
2056 http fetch GET 200 https://registry.npmjs.org/@expo/bunyan/-/bunyan-4.0.1.tgz 16253ms (cache miss)
2057 http fetch GET 200 https://registry.npmjs.org/@babel/plugin-transform-flow-strip-types/-/plugin-transform-flow-strip-types-7.29.7.tgz 16194ms (cache miss)
2058 http fetch GET 200 https://registry.npmjs.org/@babel/helper-module-imports/-/helper-module-imports-7.29.7.tgz 16120ms (cache miss)
2059 http fetch GET 200 https://registry.npmjs.org/@babel/helper-skip-transparent-expression-wrappers/-/helper-skip-transparent-expression-wrappers-7.29.7.tgz 16127ms (cache miss)
2060 http fetch GET 200 https://registry.npmjs.org/@babel/helper-create-regexp-features-plugin/-/helper-create-regexp-features-plugin-7.29.7.tgz 16117ms (cache miss)
2061 http fetch GET 200 https://registry.npmjs.org/@babel/plugin-transform-modules-systemjs/-/plugin-transform-modules-systemjs-7.29.7.tgz 16285ms (cache miss)
2062 warn deprecated @babel/plugin-proposal-nullish-coalescing-operator@7.18.6: This proposal has been merged to the ECMAScript standard and thus this plugin is no longer maintained. Please use @babel/plugin-transform-nullish-coalescing-operator instead.
2063 warn deprecated @babel/plugin-proposal-class-properties@7.18.6: This proposal has been merged to the ECMAScript standard and thus this plugin is no longer maintained. Please use @babel/plugin-transform-class-properties instead.
2064 http fetch GET 200 https://registry.npmjs.org/@babel/helper-remap-async-to-generator/-/helper-remap-async-to-generator-7.29.7.tgz 16202ms (cache miss)
2065 http fetch GET 200 https://registry.npmjs.org/@babel/compat-data/-/compat-data-7.29.7.tgz 16187ms (cache miss)
2066 http fetch GET 200 https://registry.npmjs.org/@babel/helper-annotate-as-pure/-/helper-annotate-as-pure-7.29.7.tgz 16191ms (cache miss)
2067 http fetch GET 200 https://registry.npmjs.org/@babel/helper-optimise-call-expression/-/helper-optimise-call-expression-7.29.7.tgz 16203ms (cache miss)
2068 http fetch GET 200 https://registry.npmjs.org/@babel/helper-member-expression-to-functions/-/helper-member-expression-to-functions-7.29.7.tgz 16204ms (cache miss)
2069 http fetch GET 200 https://registry.npmjs.org/pngjs/-/pngjs-3.4.0.tgz 16804ms (cache miss)
2070 http fetch GET 200 https://registry.npmjs.org/@babel/plugin-transform-object-rest-spread/-/plugin-transform-object-rest-spread-7.29.7.tgz 16350ms (cache miss)
2071 http fetch GET 200 https://registry.npmjs.org/@babel/helper-plugin-utils/-/helper-plugin-utils-7.29.7.tgz 16260ms (cache miss)
2072 http fetch GET 200 https://registry.npmjs.org/@babel/code-frame/-/code-frame-7.29.7.tgz 16242ms (cache miss)
2073 http fetch GET 200 https://registry.npmjs.org/@babel/helper-globals/-/helper-globals-7.29.7.tgz 16255ms (cache miss)
2074 http fetch GET 200 https://registry.npmjs.org/@babel/plugin-transform-destructuring/-/plugin-transform-destructuring-7.29.7.tgz 16446ms (cache miss)
2075 http fetch GET 200 https://registry.npmjs.org/@aws-sdk/xml-builder/-/xml-builder-3.972.37.tgz 16371ms (cache miss)
2076 http fetch GET 200 https://registry.npmjs.org/@aws-sdk/token-providers/-/token-providers-3.1103.0.tgz 16370ms (cache miss)
2077 http fetch GET 200 https://registry.npmjs.org/@aws-sdk/signature-v4-multi-region/-/signature-v4-multi-region-3.996.43.tgz 16374ms (cache miss)
2078 http fetch GET 200 https://registry.npmjs.org/@react-native/virtualized-lists/-/virtualized-lists-0.76.5.tgz 16675ms (cache miss)
2079 http fetch GET 200 https://registry.npmjs.org/@babel/helper-string-parser/-/helper-string-parser-7.29.7.tgz 16436ms (cache miss)
2080 http fetch GET 200 https://registry.npmjs.org/readline/-/readline-1.3.0.tgz 17162ms (cache miss)
2081 warn deprecated @babel/plugin-proposal-optional-chaining@7.21.0: This proposal has been merged to the ECMAScript standard and thus this plugin is no longer maintained. Please use @babel/plugin-transform-optional-chaining instead.
2082 http fetch GET 200 https://registry.npmjs.org/@babel/helper-replace-supers/-/helper-replace-supers-7.29.7.tgz 16601ms (cache miss)
2083 http fetch GET 200 https://registry.npmjs.org/@aws-sdk/credential-provider-http/-/credential-provider-http-3.972.69.tgz 16570ms (cache miss)
2084 http fetch GET 200 https://registry.npmjs.org/signal-exit/-/signal-exit-3.0.7.tgz 16709ms (cache miss)
2085 http fetch GET 200 https://registry.npmjs.org/strip-ansi/-/strip-ansi-6.0.1.tgz 16708ms (cache miss)
2086 http fetch GET 200 https://registry.npmjs.org/strip-ansi/-/strip-ansi-6.0.1.tgz 16705ms (cache miss)
2087 http fetch GET 200 https://registry.npmjs.org/strip-ansi/-/strip-ansi-6.0.1.tgz 16708ms (cache miss)
2088 http fetch GET 200 https://registry.npmjs.org/@aws-sdk/credential-provider-login/-/credential-provider-login-3.972.74.tgz 16714ms (cache miss)
2089 http fetch GET 200 https://registry.npmjs.org/@aws-sdk/credential-provider-env/-/credential-provider-env-3.972.67.tgz 16849ms (cache miss)
2090 http fetch GET 200 https://registry.npmjs.org/@aws-sdk/credential-provider-node/-/credential-provider-node-3.972.78.tgz 16854ms (cache miss)
2091 http fetch GET 200 https://registry.npmjs.org/core-js-compat/-/core-js-compat-3.49.0.tgz 17336ms (cache miss)
2092 http fetch GET 200 https://registry.npmjs.org/@babel/plugin-transform-for-of/-/plugin-transform-for-of-7.29.7.tgz 17093ms (cache miss)
2093 http fetch GET 200 https://registry.npmjs.org/string-width/-/string-width-4.2.3.tgz 17007ms (cache miss)
2094 http fetch GET 200 https://registry.npmjs.org/string-width/-/string-width-4.2.3.tgz 17006ms (cache miss)
2095 http fetch GET 200 https://registry.npmjs.org/string-width/-/string-width-4.2.3.tgz 17002ms (cache miss)
2096 http fetch GET 200 https://registry.npmjs.org/emoji-regex/-/emoji-regex-8.0.0.tgz 17005ms (cache miss)
2097 http fetch GET 200 https://registry.npmjs.org/@aws-sdk/credential-provider-process/-/credential-provider-process-3.972.67.tgz 17188ms (cache miss)
2098 http fetch GET 200 https://registry.npmjs.org/@aws-sdk/credential-provider-ini/-/credential-provider-ini-3.973.12.tgz 17257ms (cache miss)
2099 http fetch GET 200 https://registry.npmjs.org/is-stream/-/is-stream-2.0.1.tgz 17240ms (cache miss)
2100 http fetch GET 200 https://registry.npmjs.org/rimraf/-/rimraf-2.6.3.tgz 17240ms (cache miss)
2101 http fetch GET 200 https://registry.npmjs.org/webidl-conversions/-/webidl-conversions-5.0.0.tgz 17339ms (cache miss)
2102 http fetch GET 200 https://registry.npmjs.org/minipass/-/minipass-3.3.6.tgz 17329ms (cache miss)
2103 http fetch GET 200 https://registry.npmjs.org/mkdirp/-/mkdirp-1.0.4.tgz 17326ms (cache miss)
2104 http fetch GET 200 https://registry.npmjs.org/@js-sdsl/ordered-map/-/ordered-map-4.4.2.tgz 17653ms (cache miss)
2105 http fetch GET 200 https://registry.npmjs.org/@babel/plugin-proposal-decorators/-/plugin-proposal-decorators-7.29.7.tgz 17467ms (cache miss)
2106 http fetch GET 200 https://registry.npmjs.org/strip-ansi/-/strip-ansi-6.0.1.tgz 17447ms (cache miss)
2107 http fetch GET 200 https://registry.npmjs.org/escape-string-regexp/-/escape-string-regexp-2.0.0.tgz 17451ms (cache miss)
2108 http fetch GET 200 https://registry.npmjs.org/fs-minipass/-/fs-minipass-2.1.0.tgz 17458ms (cache miss)
2109 http fetch GET 200 https://registry.npmjs.org/ansi-regex/-/ansi-regex-6.2.2.tgz 17457ms (cache miss)
2110 http fetch GET 200 https://registry.npmjs.org/encodeurl/-/encodeurl-2.0.0.tgz 17451ms (cache miss)
2111 http fetch GET 200 https://registry.npmjs.org/https-proxy-agent/-/https-proxy-agent-5.0.1.tgz 17461ms (cache miss)
2112 http fetch GET 200 https://registry.npmjs.org/ms/-/ms-2.0.0.tgz 17453ms (cache miss)
2113 http fetch GET 200 https://registry.npmjs.org/is-arrayish/-/is-arrayish-0.3.4.tgz 17456ms (cache miss)
2114 http fetch GET 200 https://registry.npmjs.org/emoji-regex/-/emoji-regex-8.0.0.tgz 17544ms (cache miss)
2115 http fetch GET 200 https://registry.npmjs.org/emoji-regex/-/emoji-regex-8.0.0.tgz 17540ms (cache miss)
2116 http fetch GET 200 https://registry.npmjs.org/emoji-regex/-/emoji-regex-8.0.0.tgz 17519ms (cache miss)
2117 http fetch GET 200 https://registry.npmjs.org/yallist/-/yallist-4.0.0.tgz 17573ms (cache miss)
2118 http fetch GET 200 https://registry.npmjs.org/on-finished/-/on-finished-2.4.1.tgz 17556ms (cache miss)
2119 http fetch GET 200 https://registry.npmjs.org/statuses/-/statuses-2.0.2.tgz 17561ms (cache miss)
2120 http fetch GET 200 https://registry.npmjs.org/chrome-launcher/-/chrome-launcher-0.15.2.tgz 18039ms (cache miss)
2121 http fetch GET 200 https://registry.npmjs.org/react-is/-/react-is-16.13.1.tgz 17681ms (cache miss)
2122 http fetch GET 200 https://registry.npmjs.org/bplist-parser/-/bplist-parser-0.3.1.tgz 17695ms (cache miss)
2123 http fetch GET 200 https://registry.npmjs.org/memoize-one/-/memoize-one-6.0.0.tgz 17693ms (cache miss)
2124 http fetch GET 200 https://registry.npmjs.org/glob/-/glob-7.2.3.tgz 17799ms (cache miss)
2125 http fetch GET 200 https://registry.npmjs.org/react-is/-/react-is-18.3.1.tgz 17799ms (cache miss)
2126 http fetch GET 200 https://registry.npmjs.org/babel-plugin-syntax-hermes-parser/-/babel-plugin-syntax-hermes-parser-0.23.1.tgz 17804ms (cache miss)
2127 http fetch GET 200 https://registry.npmjs.org/proto3-json-serializer/-/proto3-json-serializer-3.0.4.tgz 18491ms (cache miss)
2128 http fetch GET 200 https://registry.npmjs.org/@babel/plugin-transform-react-jsx/-/plugin-transform-react-jsx-7.29.7.tgz 18039ms (cache miss)
2129 http fetch GET 200 https://registry.npmjs.org/encodeurl/-/encodeurl-2.0.0.tgz 17959ms (cache miss)
2130 http fetch GET 200 https://registry.npmjs.org/path-exists/-/path-exists-3.0.0.tgz 17943ms (cache miss)
2131 http fetch GET 200 https://registry.npmjs.org/locate-path/-/locate-path-3.0.0.tgz 17943ms (cache miss)
2132 http fetch GET 200 https://registry.npmjs.org/p-locate/-/p-locate-3.0.0.tgz 17946ms (cache miss)
2133 http fetch GET 200 https://registry.npmjs.org/has-flag/-/has-flag-3.0.0.tgz 17949ms (cache miss)
2134 http fetch GET 200 https://registry.npmjs.org/escape-string-regexp/-/escape-string-regexp-1.0.5.tgz 17954ms (cache miss)
2135 http fetch GET 200 https://registry.npmjs.org/yallist/-/yallist-4.0.0.tgz 18026ms (cache miss)
2136 http fetch GET 200 https://registry.npmjs.org/yallist/-/yallist-4.0.0.tgz 18028ms (cache miss)
2137 http fetch GET 200 https://registry.npmjs.org/yallist/-/yallist-4.0.0.tgz 18022ms (cache miss)
2138 warn deprecated rimraf@2.6.3: Rimraf versions prior to v4 are no longer supported
2139 http fetch GET 200 https://registry.npmjs.org/signal-exit/-/signal-exit-3.0.7.tgz 18071ms (cache miss)
2140 http fetch GET 200 https://registry.npmjs.org/statuses/-/statuses-2.0.2.tgz 18002ms (cache miss)
2141 http fetch GET 200 https://registry.npmjs.org/ansi-styles/-/ansi-styles-5.2.0.tgz 18058ms (cache miss)
2142 http fetch GET 200 https://registry.npmjs.org/p-limit/-/p-limit-2.3.0.tgz 18051ms (cache miss)
2143 http fetch GET 200 https://registry.npmjs.org/find-up/-/find-up-3.0.0.tgz 18051ms (cache miss)
2144 http fetch GET 200 https://registry.npmjs.org/ansi-styles/-/ansi-styles-3.2.1.tgz 18048ms (cache miss)
2145 http fetch GET 200 https://registry.npmjs.org/supports-color/-/supports-color-5.5.0.tgz 18051ms (cache miss)
2146 http fetch GET 200 https://registry.npmjs.org/ansi-regex/-/ansi-regex-4.1.1.tgz 18051ms (cache miss)
2147 http fetch GET 200 https://registry.npmjs.org/strip-ansi/-/strip-ansi-5.2.0.tgz 18052ms (cache miss)
2148 http fetch GET 200 https://registry.npmjs.org/metro-source-map/-/metro-source-map-0.81.5.tgz 18703ms (cache miss)
2149 http fetch GET 200 https://registry.npmjs.org/@nodelib/fs.scandir/-/fs.scandir-2.1.5.tgz 18425ms (cache miss)
2150 http fetch GET 200 https://registry.npmjs.org/minipass/-/minipass-3.3.6.tgz 18169ms (cache miss)
2151 http fetch GET 200 https://registry.npmjs.org/minipass/-/minipass-3.3.6.tgz 18178ms (cache miss)
2152 http fetch GET 200 https://registry.npmjs.org/chalk/-/chalk-2.4.2.tgz 18187ms (cache miss)
2153 http fetch GET 200 https://registry.npmjs.org/color-name/-/color-name-1.1.3.tgz 18188ms (cache miss)
2154 http fetch GET 200 https://registry.npmjs.org/@react-native/normalize-colors/-/normalize-colors-0.76.5.tgz 18197ms (cache miss)
2155 http fetch GET 200 https://registry.npmjs.org/path-key/-/path-key-2.0.1.tgz 18189ms (cache miss)
2156 warn deprecated node-domexception@1.0.0: Use your platform's native DOMException instead
2157 http fetch GET 200 https://registry.npmjs.org/@babel/plugin-transform-classes/-/plugin-transform-classes-7.29.7.tgz 18389ms (cache miss)
2158 http fetch GET 200 https://registry.npmjs.org/@react-native/normalize-colors/-/normalize-colors-0.74.89.tgz 18315ms (cache miss)
2159 http fetch GET 200 https://registry.npmjs.org/ms/-/ms-2.0.0.tgz 18282ms (cache miss)
2160 http fetch GET 200 https://registry.npmjs.org/ms/-/ms-2.0.0.tgz 18284ms (cache miss)
2161 http fetch GET 200 https://registry.npmjs.org/ms/-/ms-2.0.0.tgz 18279ms (cache miss)
2162 http fetch GET 200 https://registry.npmjs.org/ci-info/-/ci-info-2.0.0.tgz 18283ms (cache miss)
2163 http fetch GET 200 https://registry.npmjs.org/has-flag/-/has-flag-3.0.0.tgz 18344ms (cache miss)
2164 http fetch GET 200 https://registry.npmjs.org/escape-string-regexp/-/escape-string-regexp-1.0.5.tgz 18331ms (cache miss)
2165 http fetch GET 200 https://registry.npmjs.org/lru-memoizer/-/lru-memoizer-3.0.0.tgz 18997ms (cache miss)
2166 http fetch GET 200 https://registry.npmjs.org/@aws/lambda-invoke-store/-/lambda-invoke-store-0.3.0.tgz 18502ms (cache miss)
2167 http fetch GET 200 https://registry.npmjs.org/camelcase/-/camelcase-6.3.0.tgz 18367ms (cache miss)
2168 http fetch GET 200 https://registry.npmjs.org/resolve-from/-/resolve-from-3.0.0.tgz 18371ms (cache miss)
2169 http fetch GET 200 https://registry.npmjs.org/http-proxy-agent/-/http-proxy-agent-7.0.2.tgz 18372ms (cache miss)
2170 http fetch GET 200 https://registry.npmjs.org/retry-request/-/retry-request-8.0.4.tgz 18378ms (cache miss)
2171 http fetch GET 200 https://registry.npmjs.org/commander/-/commander-2.20.3.tgz 18521ms (cache miss)
2172 http fetch GET 200 https://registry.npmjs.org/glob/-/glob-7.2.3.tgz 18520ms (cache miss)
2173 http fetch GET 200 https://registry.npmjs.org/supports-color/-/supports-color-5.5.0.tgz 18436ms (cache miss)
2174 http fetch GET 200 https://registry.npmjs.org/ansi-styles/-/ansi-styles-3.2.1.tgz 18422ms (cache miss)
2175 http fetch GET 200 https://registry.npmjs.org/glob/-/glob-7.2.3.tgz 18595ms (cache miss)
2176 http fetch GET 200 https://registry.npmjs.org/color-convert/-/color-convert-1.9.3.tgz 18514ms (cache miss)
2177 http fetch GET 200 https://registry.npmjs.org/color-name/-/color-name-1.1.3.tgz 18516ms (cache miss)
2178 http fetch GET 200 https://registry.npmjs.org/is-stream/-/is-stream-2.0.1.tgz 18498ms (cache miss)
2179 warn deprecated glob@7.2.3: Old versions of glob are not supported, and contain widely publicized security vulnerabilities, which have been fixed in the current version. Please update. Support for old versions may be purchased (at exorbitant rates) by contacting i@izs.me
2180 http fetch GET 200 https://registry.npmjs.org/promise/-/promise-7.3.1.tgz 19300ms (cache miss)
2181 http fetch GET 200 https://registry.npmjs.org/glob/-/glob-7.2.3.tgz 18680ms (cache miss)
2182 http fetch GET 200 https://registry.npmjs.org/@babel/plugin-transform-parameters/-/plugin-transform-parameters-7.29.7.tgz 18860ms (cache miss)
2183 http fetch GET 200 https://registry.npmjs.org/ms/-/ms-2.0.0.tgz 18570ms (cache miss)
2184 http fetch GET 200 https://registry.npmjs.org/@firebase/component/-/component-0.7.4.tgz 18595ms (cache miss)
2185 http fetch GET 200 https://registry.npmjs.org/@firebase/database-types/-/database-types-1.0.21.tgz 18595ms (cache miss)
2186 http fetch GET 200 https://registry.npmjs.org/@firebase/logger/-/logger-0.5.1.tgz 18596ms (cache miss)
2187 warn deprecated glob@7.2.3: Old versions of glob are not supported, and contain widely publicized security vulnerabilities, which have been fixed in the current version. Please update. Support for old versions may be purchased (at exorbitant rates) by contacting i@izs.me
2188 http fetch GET 200 https://registry.npmjs.org/minipass/-/minipass-5.0.0.tgz 18777ms (cache miss)
2189 http fetch GET 200 https://registry.npmjs.org/@babel/plugin-transform-modules-commonjs/-/plugin-transform-modules-commonjs-7.29.7.tgz 18939ms (cache miss)
2190 http fetch GET 200 https://registry.npmjs.org/supports-color/-/supports-color-8.1.1.tgz 18719ms (cache miss)
2191 http fetch GET 200 https://registry.npmjs.org/@firebase/app-types/-/app-types-0.9.5.tgz 18668ms (cache miss)
2192 http fetch GET 200 https://registry.npmjs.org/@firebase/auth-interop-types/-/auth-interop-types-0.2.5.tgz 18672ms (cache miss)
2193 http fetch GET 200 https://registry.npmjs.org/universalify/-/universalify-2.0.1.tgz 18661ms (cache miss)
2194 http fetch GET 200 https://registry.npmjs.org/jsonfile/-/jsonfile-6.2.1.tgz 18665ms (cache miss)
2195 http fetch GET 200 https://registry.npmjs.org/which/-/which-1.3.1.tgz 18660ms (cache miss)
2196 http fetch GET 200 https://registry.npmjs.org/commander/-/commander-4.1.1.tgz 18861ms (cache miss)
2197 http fetch GET 200 https://registry.npmjs.org/minipass/-/minipass-3.3.6.tgz 18797ms (cache miss)
2198 http fetch GET 200 https://registry.npmjs.org/undici-types/-/undici-types-8.3.0.tgz 19561ms (cache miss)
2199 warn deprecated glob@7.2.3: Old versions of glob are not supported, and contain widely publicized security vulnerabilities, which have been fixed in the current version. Please update. Support for old versions may be purchased (at exorbitant rates) by contacting i@izs.me
2200 http fetch GET 200 https://registry.npmjs.org/signal-exit/-/signal-exit-3.0.7.tgz 18735ms (cache miss)
2201 http fetch GET 200 https://registry.npmjs.org/shebang-regex/-/shebang-regex-1.0.0.tgz 18735ms (cache miss)
2202 http fetch GET 200 https://registry.npmjs.org/path-key/-/path-key-2.0.1.tgz 18730ms (cache miss)
2203 http fetch GET 200 https://registry.npmjs.org/signal-exit/-/signal-exit-4.0.2.tgz 18730ms (cache miss)
2204 http fetch GET 200 https://registry.npmjs.org/shebang-command/-/shebang-command-1.2.0.tgz 18733ms (cache miss)
2205 http fetch GET 200 https://registry.npmjs.org/picocolors/-/picocolors-1.0.0.tgz 18740ms (cache miss)
2206 http fetch GET 200 https://registry.npmjs.org/ms/-/ms-2.0.0.tgz 18785ms (cache miss)
2207 http fetch GET 200 https://registry.npmjs.org/ms/-/ms-2.0.0.tgz 18781ms (cache miss)
2208 http fetch GET 200 https://registry.npmjs.org/mkdirp/-/mkdirp-1.0.4.tgz 18784ms (cache miss)
2209 http fetch GET 200 https://registry.npmjs.org/async-listen/-/async-listen-3.0.1.tgz 18796ms (cache miss)
2210 http fetch GET 200 https://registry.npmjs.org/cross-spawn/-/cross-spawn-6.0.6.tgz 18800ms (cache miss)
2211 warn deprecated glob@7.2.3: Old versions of glob are not supported, and contain widely publicized security vulnerabilities, which have been fixed in the current version. Please update. Support for old versions may be purchased (at exorbitant rates) by contacting i@izs.me
2212 http fetch GET 200 https://registry.npmjs.org/@babel/plugin-transform-block-scoping/-/plugin-transform-block-scoping-7.29.7.tgz 19147ms (cache miss)
2213 http fetch GET 200 https://registry.npmjs.org/brace-expansion/-/brace-expansion-2.1.3.tgz 18897ms (cache miss)
2214 http fetch GET 200 https://registry.npmjs.org/@firebase/app-check-interop-types/-/app-check-interop-types-0.3.4.tgz 18885ms (cache miss)
2215 http fetch GET 200 https://registry.npmjs.org/strip-ansi/-/strip-ansi-6.0.1.tgz 18837ms (cache miss)
2216 http fetch GET 200 https://registry.npmjs.org/string-width/-/string-width-4.2.3.tgz 18834ms (cache miss)
2217 http fetch GET 200 https://registry.npmjs.org/negotiator/-/negotiator-0.6.4.tgz 18840ms (cache miss)
2218 http fetch GET 200 https://registry.npmjs.org/jsonfile/-/jsonfile-6.2.1.tgz 18986ms (cache miss)
2219 http fetch GET 200 https://registry.npmjs.org/universalify/-/universalify-2.0.1.tgz 18996ms (cache miss)
2220 http fetch GET 200 https://registry.npmjs.org/emoji-regex/-/emoji-regex-8.0.0.tgz 19004ms (cache miss)
2221 http fetch GET 200 https://registry.npmjs.org/color-convert/-/color-convert-1.9.3.tgz 19187ms (cache miss)
2222 http fetch GET 200 https://registry.npmjs.org/@babel/plugin-transform-typescript/-/plugin-transform-typescript-7.29.7.tgz 19510ms (cache miss)
2223 http fetch GET 200 https://registry.npmjs.org/mkdirp/-/mkdirp-1.0.4.tgz 19112ms (cache miss)
2224 http fetch GET 200 https://registry.npmjs.org/fast-uri/-/fast-uri-3.1.4.tgz 19868ms (cache miss)
2225 http fetch GET 200 https://registry.npmjs.org/@expo/code-signing-certificates/-/code-signing-certificates-0.0.6.tgz 19587ms (cache miss)
2226 http fetch GET 200 https://registry.npmjs.org/chalk/-/chalk-2.4.2.tgz 19310ms (cache miss)
2227 http fetch GET 200 https://registry.npmjs.org/ms/-/ms-2.0.0.tgz 19166ms (cache miss)
2228 http fetch GET 200 https://registry.npmjs.org/ms/-/ms-2.0.0.tgz 19159ms (cache miss)
2229 http fetch GET 200 https://registry.npmjs.org/balanced-match/-/balanced-match-4.0.4.tgz 19174ms (cache miss)
2230 http fetch GET 200 https://registry.npmjs.org/@0no-co/graphql.web/-/graphql.web-1.3.3.tgz 19459ms (cache miss)
2231 http fetch GET 200 https://registry.npmjs.org/@edge-runtime/vm/-/vm-3.2.0.tgz 19647ms (cache miss)
2232 http fetch GET 200 https://registry.npmjs.org/babel-preset-expo/-/babel-preset-expo-12.0.12.tgz 19845ms (cache miss)
2233 http fetch GET 200 https://registry.npmjs.org/semver/-/semver-5.7.2.tgz 19384ms (cache miss)
2234 http fetch GET 200 https://registry.npmjs.org/onetime/-/onetime-5.1.2.tgz 19218ms (cache miss)
2235 http fetch GET 200 https://registry.npmjs.org/@react-native/babel-preset/-/babel-preset-0.76.5.tgz 19224ms (cache miss)
2236 http fetch GET 200 https://registry.npmjs.org/@jridgewell/sourcemap-codec/-/sourcemap-codec-1.5.5.tgz 19804ms (cache miss)
2237 http fetch GET 200 https://registry.npmjs.org/signal-exit/-/signal-exit-3.0.7.tgz 19300ms (cache miss)
2238 http fetch GET 200 https://registry.npmjs.org/signal-exit/-/signal-exit-3.0.7.tgz 19289ms (cache miss)
2239 http fetch GET 200 https://registry.npmjs.org/is-stream/-/is-stream-2.0.1.tgz 19298ms (cache miss)
2240 http fetch GET 200 https://registry.npmjs.org/get-stream/-/get-stream-6.0.1.tgz 19298ms (cache miss)
2241 http fetch GET 200 https://registry.npmjs.org/npm-run-path/-/npm-run-path-4.0.1.tgz 19305ms (cache miss)
2242 http fetch GET 200 https://registry.npmjs.org/@react-native/babel-plugin-codegen/-/babel-plugin-codegen-0.76.5.tgz 19311ms (cache miss)
2243 http fetch GET 200 https://registry.npmjs.org/mimic-fn/-/mimic-fn-2.1.0.tgz 19300ms (cache miss)
2244 http fetch GET 200 https://registry.npmjs.org/@expo/ws-tunnel/-/ws-tunnel-1.0.6.tgz 19815ms (cache miss)
2245 http fetch GET 200 https://registry.npmjs.org/yallist/-/yallist-5.0.0.tgz 19360ms (cache miss)
2246 http fetch GET 200 https://registry.npmjs.org/open/-/open-8.4.2.tgz 19497ms (cache miss)
2247 http fetch GET 200 https://registry.npmjs.org/chownr/-/chownr-3.0.0.tgz 19432ms (cache miss)
2248 http fetch GET 200 https://registry.npmjs.org/locate-path/-/locate-path-5.0.0.tgz 19432ms (cache miss)
2249 http fetch GET 200 https://registry.npmjs.org/detect-libc/-/detect-libc-2.1.2.tgz 19433ms (cache miss)
2250 http fetch GET 200 https://registry.npmjs.org/@firebase/webchannel-wrapper/-/webchannel-wrapper-1.0.1.tgz 20018ms (cache miss)
2251 http fetch GET 200 https://registry.npmjs.org/write-file-atomic/-/write-file-atomic-4.0.2.tgz 19498ms (cache miss)
2252 http fetch GET 200 https://registry.npmjs.org/p-limit/-/p-limit-2.3.0.tgz 19498ms (cache miss)
2253 http fetch GET 200 https://registry.npmjs.org/ansi-styles/-/ansi-styles-6.2.3.tgz 19498ms (cache miss)
2254 http fetch GET 200 https://registry.npmjs.org/p-locate/-/p-locate-4.1.0.tgz 19564ms (cache miss)
2255 http fetch GET 200 https://registry.npmjs.org/find-up/-/find-up-4.1.0.tgz 19549ms (cache miss)
2256 http fetch GET 200 https://registry.npmjs.org/wrap-ansi/-/wrap-ansi-8.1.0.tgz 19554ms (cache miss)
2257 http fetch GET 200 https://registry.npmjs.org/semver/-/semver-5.7.2.tgz 19740ms (cache miss)
2258 http fetch GET 200 https://registry.npmjs.org/universalify/-/universalify-2.0.1.tgz 19617ms (cache miss)
2259 http fetch GET 200 https://registry.npmjs.org/universalify/-/universalify-2.0.1.tgz 19620ms (cache miss)
2260 http fetch GET 200 https://registry.npmjs.org/universalify/-/universalify-2.0.1.tgz 19606ms (cache miss)
2261 http fetch GET 200 https://registry.npmjs.org/agent-base/-/agent-base-6.0.2.tgz 19901ms (cache miss)
2262 http fetch GET 200 https://registry.npmjs.org/mime-db/-/mime-db-1.52.0.tgz 19872ms (cache miss)
2263 http fetch GET 200 https://registry.npmjs.org/universalify/-/universalify-1.0.0.tgz 19667ms (cache miss)
2264 http fetch GET 200 https://registry.npmjs.org/@babel/code-frame/-/code-frame-7.10.4.tgz 19669ms (cache miss)
2265 http fetch GET 200 https://registry.npmjs.org/jsonfile/-/jsonfile-6.2.1.tgz 19696ms (cache miss)
2266 http fetch GET 200 https://registry.npmjs.org/jsonfile/-/jsonfile-6.2.1.tgz 19709ms (cache miss)
2267 http fetch GET 200 https://registry.npmjs.org/gtoken/-/gtoken-8.0.0.tgz 19919ms (cache miss)
2268 http fetch GET 200 https://registry.npmjs.org/@fastify/busboy/-/busboy-3.2.0.tgz 20277ms (cache miss)
2269 http fetch GET 200 https://registry.npmjs.org/glob/-/glob-7.2.3.tgz 19845ms (cache miss)
2270 http fetch GET 200 https://registry.npmjs.org/escape-string-regexp/-/escape-string-regexp-1.0.5.tgz 19782ms (cache miss)
2271 http fetch GET 200 https://registry.npmjs.org/has-flag/-/has-flag-3.0.0.tgz 19783ms (cache miss)
2272 http fetch GET 200 https://registry.npmjs.org/supports-color/-/supports-color-5.5.0.tgz 19784ms (cache miss)
2273 http fetch GET 200 https://registry.npmjs.org/color-convert/-/color-convert-1.9.3.tgz 19779ms (cache miss)
2274 http fetch GET 200 https://registry.npmjs.org/@expo/json-file/-/json-file-9.0.2.tgz 19796ms (cache miss)
2275 http fetch GET 200 https://registry.npmjs.org/color-name/-/color-name-1.1.3.tgz 19786ms (cache miss)
2276 http fetch GET 200 https://registry.npmjs.org/@babel/code-frame/-/code-frame-7.10.4.tgz 19853ms (cache miss)
2277 http fetch GET 200 https://registry.npmjs.org/@babel/code-frame/-/code-frame-7.10.4.tgz 19843ms (cache miss)
2278 http fetch GET 200 https://registry.npmjs.org/@babel/code-frame/-/code-frame-7.10.4.tgz 19840ms (cache miss)
2279 http fetch GET 200 https://registry.npmjs.org/fast-uri 19281ms (cache miss)
2280 silly packumentCache corgi:https://registry.npmjs.org/fast-uri set size:undefined disposed:false
2281 http fetch GET 200 https://registry.npmjs.org/ansi-styles/-/ansi-styles-3.2.1.tgz 19827ms (cache miss)
2282 http fetch GET 200 https://registry.npmjs.org/smol-toml 19288ms (cache miss)
2283 silly packumentCache corgi:https://registry.npmjs.org/smol-toml set size:undefined disposed:false
2284 http fetch GET 200 https://registry.npmjs.org/glob/-/glob-7.2.3.tgz 19957ms (cache miss)
2285 warn deprecated glob@7.2.3: Old versions of glob are not supported, and contain widely publicized security vulnerabilities, which have been fixed in the current version. Please update. Support for old versions may be purchased (at exorbitant rates) by contacting i@izs.me
2286 http fetch GET 200 https://registry.npmjs.org/brace-expansion 19356ms (cache miss)
2287 silly packumentCache corgi:https://registry.npmjs.org/brace-expansion set size:undefined disposed:false
2288 http fetch GET 200 https://registry.npmjs.org/jsonfile/-/jsonfile-6.2.1.tgz 19939ms (cache miss)
2289 http fetch GET 200 https://registry.npmjs.org/picomatch/-/picomatch-2.3.2.tgz 20167ms (cache miss)
2290 http fetch GET 200 https://registry.npmjs.org/@aws-sdk/credential-provider-web-identity/-/credential-provider-web-identity-3.972.73.tgz 20274ms (cache miss)
2291 http fetch GET 200 https://registry.npmjs.org/fs-extra/-/fs-extra-8.1.0.tgz 20772ms (cache miss)
2292 http fetch GET 200 https://registry.npmjs.org/picomatch/-/picomatch-2.3.2.tgz 20196ms (cache miss)
2293 warn deprecated glob@7.2.3: Old versions of glob are not supported, and contain widely publicized security vulnerabilities, which have been fixed in the current version. Please update. Support for old versions may be purchased (at exorbitant rates) by contacting i@izs.me
2294 http fetch GET 200 https://registry.npmjs.org/js-yaml 19433ms (cache miss)
2295 silly packumentCache corgi:https://registry.npmjs.org/js-yaml set size:undefined disposed:false
2296 http fetch GET 200 https://registry.npmjs.org/@expo/json-file/-/json-file-9.0.2.tgz 20000ms (cache miss)
2297 http fetch GET 200 https://registry.npmjs.org/path-to-regexp 19438ms (cache miss)
2298 silly packumentCache corgi:https://registry.npmjs.org/path-to-regexp set size:undefined disposed:false
2299 http fetch GET 200 https://registry.npmjs.org/agent-base/-/agent-base-6.0.2.tgz 20236ms (cache miss)
2300 http fetch GET 200 https://registry.npmjs.org/uuid 19473ms (cache miss)
2301 silly packumentCache corgi:https://registry.npmjs.org/uuid set size:undefined disposed:false
2302 http fetch GET 200 https://registry.npmjs.org/image-size 19476ms (cache miss)
2303 silly packumentCache corgi:https://registry.npmjs.org/image-size set size:undefined disposed:false
2304 http fetch GET 200 https://registry.npmjs.org/edge-runtime/-/edge-runtime-2.5.9.tgz 20807ms (cache miss)
2305 http fetch GET 200 https://registry.npmjs.org/@babel/template/-/template-7.29.7.tgz 20550ms (cache miss)
2306 http fetch GET 200 https://registry.npmjs.org/metro-resolver/-/metro-resolver-0.81.5.tgz 20992ms (cache miss)
2307 http fetch GET 200 https://registry.npmjs.org/@jridgewell/remapping/-/remapping-2.3.5.tgz 20744ms (cache miss)
2308 http fetch GET 200 https://registry.npmjs.org/form-data/-/form-data-2.5.6.tgz 20266ms (cache miss)
2309 http fetch GET 200 https://registry.npmjs.org/uri-js/-/uri-js-4.4.1.tgz 21203ms (cache miss)
2310 http fetch GET 200 https://registry.npmjs.org/es-module-lexer/-/es-module-lexer-1.5.0.tgz 20309ms (cache miss)
2311 http fetch GET 200 https://registry.npmjs.org/node-fetch/-/node-fetch-2.6.9.tgz 20324ms (cache miss)
2312 http fetch GET 200 https://registry.npmjs.org/bplist-creator/-/bplist-creator-0.1.0.tgz 20507ms (cache miss)
2313 http fetch GET 200 https://registry.npmjs.org/@jridgewell/gen-mapping/-/gen-mapping-0.3.13.tgz 20808ms (cache miss)
2314 http fetch GET 200 https://registry.npmjs.org/picomatch/-/picomatch-2.3.2.tgz 20351ms (cache miss)
2315 http fetch GET 200 https://registry.npmjs.org/nanoid 19679ms (cache miss)
2316 silly packumentCache corgi:https://registry.npmjs.org/nanoid set size:undefined disposed:false
2317 http fetch GET 200 https://registry.npmjs.org/minimatch 19731ms (cache miss)
2318 silly packumentCache corgi:https://registry.npmjs.org/minimatch set size:undefined disposed:false
2319 http fetch GET 200 https://registry.npmjs.org/chalk/-/chalk-2.4.2.tgz 20281ms (cache miss)
2320 http fetch GET 200 https://registry.npmjs.org/@babel/helper-compilation-targets/-/helper-compilation-targets-7.29.7.tgz 20668ms (cache miss)
2321 http fetch GET 200 https://registry.npmjs.org/@xmldom%2fxmldom 19821ms (cache miss)
2322 silly packumentCache corgi:https://registry.npmjs.org/@xmldom%2fxmldom set size:undefined disposed:false
2323 http fetch GET 200 https://registry.npmjs.org/teeny-request/-/teeny-request-10.1.4.tgz 20601ms (cache miss)
2324 http fetch GET 200 https://registry.npmjs.org/tar 19846ms (cache miss)
2325 silly packumentCache corgi:https://registry.npmjs.org/tar set size:undefined disposed:false
2326 http fetch GET 200 https://registry.npmjs.org/xmlbuilder/-/xmlbuilder-14.0.0.tgz 21519ms (cache miss)
2327 http fetch GET 200 https://registry.npmjs.org/@aws-sdk/s3-request-presigner/-/s3-request-presigner-3.1103.0.tgz 20852ms (cache miss)
2328 http fetch GET 200 https://registry.npmjs.org/picomatch/-/picomatch-4.0.5.tgz 20618ms (cache miss)
2329 http fetch GET 200 https://registry.npmjs.org/@babel/helper-module-transforms/-/helper-module-transforms-7.29.7.tgz 20935ms (cache miss)
2330 http fetch GET 200 https://registry.npmjs.org/@grpc/proto-loader/-/proto-loader-0.8.1.tgz 20855ms (cache miss)
2331 http fetch GET 200 https://registry.npmjs.org/picomatch/-/picomatch-4.0.5.tgz 20734ms (cache miss)
2332 http fetch GET 200 https://registry.npmjs.org/zod/-/zod-3.22.4.tgz 21799ms (cache miss)
2333 http fetch GET 200 https://registry.npmjs.org/mime/-/mime-3.0.0.tgz 20812ms (cache miss)
2334 http fetch GET 200 https://registry.npmjs.org/@babel/plugin-transform-regenerator/-/plugin-transform-regenerator-7.29.7.tgz 21283ms (cache miss)
2335 http fetch GET 200 https://registry.npmjs.org/debug/-/debug-3.2.7.tgz 20866ms (cache miss)
2336 http fetch GET 200 https://registry.npmjs.org/consola/-/consola-3.4.2.tgz 21599ms (cache miss)
2337 http fetch GET 200 https://registry.npmjs.org/ws/-/ws-6.2.6.tgz 21157ms (cache miss)
2338 http fetch GET 200 https://registry.npmjs.org/execa/-/execa-5.1.1.tgz 21029ms (cache miss)
2339 http fetch GET 200 https://registry.npmjs.org/gcp-metadata/-/gcp-metadata-6.1.1.tgz 21048ms (cache miss)
2340 http fetch GET 200 https://registry.npmjs.org/debug/-/debug-2.6.9.tgz 21308ms (cache miss)
2341 http fetch GET 200 https://registry.npmjs.org/commander/-/commander-12.1.0.tgz 21339ms (cache miss)
2342 http fetch GET 200 https://registry.npmjs.org/postcss 20530ms (cache miss)
2343 silly packumentCache corgi:https://registry.npmjs.org/postcss set size:undefined disposed:false
2344 http fetch GET 200 https://registry.npmjs.org/tsx/-/tsx-4.21.0.tgz 22147ms (cache miss)
2345 http fetch GET 200 https://registry.npmjs.org/debug/-/debug-2.6.9.tgz 21448ms (cache miss)
2346 http fetch GET 200 https://registry.npmjs.org/recast/-/recast-0.21.5.tgz 22181ms (cache miss)
2347 http fetch GET 200 https://registry.npmjs.org/ws/-/ws-7.5.13.tgz 21523ms (cache miss)
2348 http fetch GET 200 https://registry.npmjs.org/undici 20717ms (cache miss)
2349 silly packumentCache corgi:https://registry.npmjs.org/undici set size:undefined disposed:false
2350 http fetch GET 200 https://registry.npmjs.org/@expo/json-file/-/json-file-11.0.1.tgz 21410ms (cache miss)
2351 http fetch GET 200 https://registry.npmjs.org/debug/-/debug-2.6.9.tgz 21632ms (cache miss)
2352 http fetch GET 200 https://registry.npmjs.org/debug/-/debug-2.6.9.tgz 21626ms (cache miss)
2353 http fetch GET 200 https://registry.npmjs.org/ajv 20849ms (cache miss)
2354 silly packumentCache corgi:https://registry.npmjs.org/ajv set size:undefined disposed:false
2355 http fetch GET 200 https://registry.npmjs.org/brace-expansion/-/brace-expansion-5.0.9.tgz 21490ms (cache miss)
2356 http fetch GET 200 https://registry.npmjs.org/postcss/-/postcss-8.4.49.tgz 22360ms (cache miss)
2357 http fetch GET 200 https://registry.npmjs.org/@firebase/component/-/component-0.6.9.tgz 21969ms (cache miss)
2358 http fetch GET 200 https://registry.npmjs.org/fast-loops/-/fast-loops-1.1.4.tgz 22320ms (cache miss)
2359 http fetch GET 200 https://registry.npmjs.org/debug/-/debug-2.6.9.tgz 21735ms (cache miss)
2360 http fetch GET 200 https://registry.npmjs.org/@babel/helper-create-class-features-plugin/-/helper-create-class-features-plugin-7.29.7.tgz 21963ms (cache miss)
2361 http fetch GET 200 https://registry.npmjs.org/css-in-js-utils/-/css-in-js-utils-3.1.0.tgz 22361ms (cache miss)
2362 http fetch GET 200 https://registry.npmjs.org/ws/-/ws-7.5.13.tgz 21908ms (cache miss)
2363 http fetch GET 200 https://registry.npmjs.org/debug/-/debug-2.6.9.tgz 21819ms (cache miss)
2364 http fetch GET 200 https://registry.npmjs.org/debug/-/debug-2.6.9.tgz 21862ms (cache miss)
2365 http fetch GET 200 https://registry.npmjs.org/google-logging-utils/-/google-logging-utils-0.0.2.tgz 21767ms (cache miss)
2366 http fetch GET 200 https://registry.npmjs.org/@xmldom/xmldom/-/xmldom-0.9.10.tgz 22053ms (cache miss)
2367 http fetch GET 200 https://registry.npmjs.org/hermes-estree/-/hermes-estree-0.25.1.tgz 22032ms (cache miss)
2368 http fetch GET 200 https://registry.npmjs.org/hermes-estree/-/hermes-estree-0.25.1.tgz 22031ms (cache miss)
2369 http fetch GET 200 https://registry.npmjs.org/ws/-/ws-6.2.6.tgz 21865ms (cache miss)
2370 http fetch GET 200 https://registry.npmjs.org/ws/-/ws-6.2.6.tgz 21862ms (cache miss)
2371 http fetch GET 200 https://registry.npmjs.org/scheduler/-/scheduler-0.24.0-canary-efb381bbf-20230505.tgz 22082ms (cache miss)
2372 http fetch GET 200 https://registry.npmjs.org/node-fetch/-/node-fetch-3.3.2.tgz 22035ms (cache miss)
2373 http fetch GET 200 https://registry.npmjs.org/node-fetch/-/node-fetch-3.3.2.tgz 22067ms (cache miss)
2374 http fetch GET 200 https://registry.npmjs.org/@babel/preset-modules/-/preset-modules-0.1.6-no-external-plugins.tgz 22389ms (cache miss)
2375 http fetch GET 200 https://registry.npmjs.org/node-fetch/-/node-fetch-3.3.2.tgz 22078ms (cache miss)
2376 http fetch GET 200 https://registry.npmjs.org/debug/-/debug-2.6.9.tgz 21991ms (cache miss)
2377 http fetch GET 200 https://registry.npmjs.org/@babel/helper-define-polyfill-provider/-/helper-define-polyfill-provider-0.6.8.tgz 22313ms (cache miss)
2378 http fetch GET 200 https://registry.npmjs.org/js-yaml/-/js-yaml-4.3.0.tgz 22817ms (cache miss)
2379 http fetch GET 200 https://registry.npmjs.org/@firebase/storage-compat/-/storage-compat-0.3.12.tgz 22599ms (cache miss)
2380 http fetch GET 200 https://registry.npmjs.org/debug/-/debug-2.6.9.tgz 22097ms (cache miss)
2381 http fetch GET 200 https://registry.npmjs.org/hermes-estree/-/hermes-estree-0.25.1.tgz 22179ms (cache miss)
2382 silly packumentCache corgi:https://registry.npmjs.org/@firebase%2fauth-compat cache-miss
2383 silly packumentCache corgi:https://registry.npmjs.org/@firebase%2fauth cache-miss
2384 silly packumentCache corgi:https://registry.npmjs.org/@firebase%2ffirestore cache-miss
2385 silly packumentCache corgi:https://registry.npmjs.org/@firebase%2ffunctions cache-miss
2386 silly packumentCache corgi:https://registry.npmjs.org/@firebase%2fstorage cache-miss
2387 http fetch GET 200 https://registry.npmjs.org/@edge-runtime/node-utils/-/node-utils-2.3.0.tgz 22764ms (cache miss)
2388 http fetch GET 200 https://registry.npmjs.org/@expo/image-utils/-/image-utils-0.6.5.tgz 22788ms (cache miss)
2389 http fetch GET 200 https://registry.npmjs.org/expo-linear-gradient/-/expo-linear-gradient-14.0.2.tgz 23179ms (cache miss)
2390 http fetch GET 200 https://registry.npmjs.org/@smithy/signature-v4/-/signature-v4-5.6.12.tgz 23088ms (cache miss)
2391 http fetch GET 200 https://registry.npmjs.org/@aws-sdk/credential-provider-sso/-/credential-provider-sso-3.973.11.tgz 22871ms (cache miss)
2392 http fetch GET 200 https://registry.npmjs.org/@vercel/nft/-/nft-1.10.0.tgz 23285ms (cache miss)
2393 http fetch GET 200 https://registry.npmjs.org/jscodeshift/-/jscodeshift-0.14.0.tgz 23577ms (cache miss)
2394 http fetch GET 200 https://registry.npmjs.org/image-size/-/image-size-1.2.1.tgz 23563ms (cache miss)
2395 http fetch GET 200 https://registry.npmjs.org/babel-plugin-polyfill-corejs3/-/babel-plugin-polyfill-corejs3-0.14.2.tgz 22869ms (cache miss)
2396 http fetch GET 200 https://registry.npmjs.org/path-scurry/-/path-scurry-2.0.2.tgz 23099ms (cache miss)
2397 http fetch GET 200 https://registry.npmjs.org/@sinclair/typebox/-/typebox-0.27.12.tgz 23667ms (cache miss)
2398 http fetch GET 200 https://registry.npmjs.org/@fastify/busboy/-/busboy-2.1.1.tgz 23280ms (cache miss)
2399 http fetch GET 200 https://registry.npmjs.org/yargs/-/yargs-17.7.3.tgz 24566ms (cache miss)
2400 http fetch GET 200 https://registry.npmjs.org/@mapbox/node-pre-gyp/-/node-pre-gyp-2.0.3.tgz 24177ms (cache miss)
2401 http fetch GET 200 https://registry.npmjs.org/@babel/register/-/register-7.29.7.tgz 24093ms (cache miss)
2402 http fetch GET 200 https://registry.npmjs.org/type-fest/-/type-fest-0.16.0.tgz 23969ms (cache miss)
2403 http fetch GET 200 https://registry.npmjs.org/minizlib/-/minizlib-3.1.0.tgz 23771ms (cache miss)
2404 http fetch GET 200 https://registry.npmjs.org/expo-constants/-/expo-constants-17.0.8.tgz 24704ms (cache miss)
2405 http fetch GET 200 https://registry.npmjs.org/@react-native/community-cli-plugin/-/community-cli-plugin-0.76.5.tgz 24672ms (cache miss)
2406 http fetch GET 200 https://registry.npmjs.org/uuid/-/uuid-8.3.2.tgz 25143ms (cache miss)
2407 warn deprecated uuid@8.3.2: uuid@10 and below is no longer supported.  For ESM codebases, update to uuid@latest.  For CommonJS codebases, use uuid@11 (but be aware this version will likely be deprecated in 2028).
2408 http fetch GET 200 https://registry.npmjs.org/fast-glob/-/fast-glob-3.3.3.tgz 24927ms (cache miss)
2409 http fetch GET 200 https://registry.npmjs.org/@vercel/node/-/node-5.9.3.tgz 25041ms (cache miss)
2410 http fetch GET 200 https://registry.npmjs.org/inline-style-prefixer/-/inline-style-prefixer-6.0.4.tgz 25321ms (cache miss)
2411 http fetch GET 200 https://registry.npmjs.org/@expo/server/-/server-0.5.3.tgz 25013ms (cache miss)
2412 http fetch GET 200 https://registry.npmjs.org/@react-native/dev-middleware/-/dev-middleware-0.76.9.tgz 25104ms (cache miss)
2413 http fetch GET 200 https://registry.npmjs.org/@sinonjs/commons/-/commons-3.0.1.tgz 25169ms (cache miss)
2414 http fetch GET 200 https://registry.npmjs.org/lru-cache/-/lru-cache-10.4.3.tgz 24814ms (cache miss)
2415 http fetch GET 200 https://registry.npmjs.org/lru-cache/-/lru-cache-10.4.3.tgz 24850ms (cache miss)
2416 http fetch GET 200 https://registry.npmjs.org/argparse/-/argparse-1.0.10.tgz 24958ms (cache miss)
2417 http fetch GET 200 https://registry.npmjs.org/@jridgewell/trace-mapping/-/trace-mapping-0.3.31.tgz 25417ms (cache miss)
2418 http fetch GET 200 https://registry.npmjs.org/@expo/package-manager/-/package-manager-1.13.1.tgz 25404ms (cache miss)
2419 http fetch GET 200 https://registry.npmjs.org/@smithy/node-http-handler/-/node-http-handler-4.9.13.tgz 25510ms (cache miss)
2420 http fetch GET 200 https://registry.npmjs.org/source-map/-/source-map-0.6.1.tgz 25206ms (cache miss)
2421 http fetch GET 200 https://registry.npmjs.org/lru-cache/-/lru-cache-10.4.3.tgz 25042ms (cache miss)
2422 http fetch GET 200 https://registry.npmjs.org/source-map/-/source-map-0.6.1.tgz 25286ms (cache miss)
2423 http fetch GET 200 https://registry.npmjs.org/@firebase/functions/-/functions-0.11.8.tgz 25573ms (cache miss)
2424 http fetch GET 200 https://registry.npmjs.org/hermes-parser/-/hermes-parser-0.23.1.tgz 25902ms (cache miss)
2425 http fetch GET 200 https://registry.npmjs.org/prompts/-/prompts-2.4.2.tgz 26016ms (cache miss)
2426 http fetch GET 200 https://registry.npmjs.org/argparse/-/argparse-1.0.10.tgz 25148ms (cache miss)
2427 http fetch GET 200 https://registry.npmjs.org/@react-navigation/routers/-/routers-7.6.4.tgz 25853ms (cache miss)
2428 http fetch GET 200 https://registry.npmjs.org/@babel/parser/-/parser-7.29.7.tgz 25676ms (cache miss)
2429 http fetch GET 200 https://registry.npmjs.org/@smithy/credential-provider-imds/-/credential-provider-imds-4.4.16.tgz 25988ms (cache miss)
2430 http fetch GET 200 https://registry.npmjs.org/@firebase/app-compat/-/app-compat-0.2.43.tgz 25914ms (cache miss)
2431 http fetch GET 200 https://registry.npmjs.org/@expo/devcert/-/devcert-1.2.1.tgz 25918ms (cache miss)
2432 http fetch GET 200 https://registry.npmjs.org/undici-types/-/undici-types-5.26.5.tgz 25617ms (cache miss)
2433 http fetch GET 200 https://registry.npmjs.org/@edge-runtime/primitives/-/primitives-4.1.0.tgz 26024ms (cache miss)
2434 http fetch GET 200 https://registry.npmjs.org/fs-extra/-/fs-extra-11.1.1.tgz 25715ms (cache miss)
2435 http fetch GET 200 https://registry.npmjs.org/@babel/preset-env/-/preset-env-7.29.7.tgz 26169ms (cache miss)
2436 http fetch GET 200 https://registry.npmjs.org/terser/-/terser-5.49.0.tgz 26789ms (cache miss)
2437 http fetch GET 200 https://registry.npmjs.org/expo-keep-awake/-/expo-keep-awake-14.0.3.tgz 26016ms (cache miss)
2438 http fetch GET 200 https://registry.npmjs.org/glob/-/glob-10.5.0.tgz 26747ms (cache miss)
2439 http fetch GET 200 https://registry.npmjs.org/@expo/xcpretty/-/xcpretty-4.4.4.tgz 26463ms (cache miss)
2440 http fetch GET 200 https://registry.npmjs.org/json-schema-to-ts/-/json-schema-to-ts-1.6.4.tgz 26807ms (cache miss)
2441 warn deprecated glob@10.5.0: Old versions of glob are not supported, and contain widely publicized security vulnerabilities, which have been fixed in the current version. Please update. Support for old versions may be purchased (at exorbitant rates) by contacting i@izs.me
2442 http fetch GET 200 https://registry.npmjs.org/fs-extra/-/fs-extra-9.1.0.tgz 26193ms (cache miss)
2443 http fetch GET 200 https://registry.npmjs.org/js-yaml/-/js-yaml-4.1.1.tgz 26276ms (cache miss)
2444 http fetch GET 200 https://registry.npmjs.org/promise/-/promise-8.3.0.tgz 26473ms (cache miss)
2445 http fetch GET 200 https://registry.npmjs.org/xmlbuilder/-/xmlbuilder-11.0.1.tgz 26536ms (cache miss)
2446 http fetch GET 200 https://registry.npmjs.org/fs-extra/-/fs-extra-9.1.0.tgz 26405ms (cache miss)
2447 http fetch GET 200 https://registry.npmjs.org/fs-extra/-/fs-extra-9.0.0.tgz 26428ms (cache miss)
2448 http fetch GET 200 https://registry.npmjs.org/fs-extra/-/fs-extra-9.1.0.tgz 26435ms (cache miss)
2449 http fetch GET 200 https://registry.npmjs.org/js-yaml/-/js-yaml-3.15.0.tgz 26565ms (cache miss)
2450 http fetch GET 200 https://registry.npmjs.org/@babel/generator/-/generator-7.29.7.tgz 26969ms (cache miss)
2451 http fetch GET 200 https://registry.npmjs.org/fast-xml-parser/-/fast-xml-parser-5.10.1.tgz 27438ms (cache miss)
2452 http fetch GET 200 https://registry.npmjs.org/flow-parser/-/flow-parser-0.324.0.tgz 27452ms (cache miss)
2453 http fetch GET 200 https://registry.npmjs.org/js-yaml/-/js-yaml-3.15.0.tgz 26745ms (cache miss)
2454 http fetch GET 200 https://registry.npmjs.org/uuid/-/uuid-7.0.3.tgz 27074ms (cache miss)
2455 http fetch GET 200 https://registry.npmjs.org/node-forge/-/node-forge-1.4.0.tgz 27694ms (cache miss)
2456 warn deprecated uuid@7.0.3: uuid@10 and below is no longer supported.  For ESM codebases, update to uuid@latest.  For CommonJS codebases, use uuid@11 (but be aware this version will likely be deprecated in 2028).
2457 http fetch GET 200 https://registry.npmjs.org/type-fest/-/type-fest-0.21.3.tgz 26953ms (cache miss)
2458 http fetch GET 200 https://registry.npmjs.org/expo-linking/-/expo-linking-7.0.5.tgz 27642ms (cache miss)
2459 http fetch GET 200 https://registry.npmjs.org/@expo/config/-/config-10.0.11.tgz 27567ms (cache miss)
2460 http fetch GET 200 https://registry.npmjs.org/semver/-/semver-7.8.5.tgz 27367ms (cache miss)
2461 http fetch GET 200 https://registry.npmjs.org/expo-font/-/expo-font-13.0.4.tgz 27932ms (cache miss)
2462 http fetch GET 200 https://registry.npmjs.org/semver/-/semver-7.8.5.tgz 27413ms (cache miss)
2463 http fetch GET 200 https://registry.npmjs.org/semver/-/semver-7.6.3.tgz 27377ms (cache miss)
2464 http fetch GET 200 https://registry.npmjs.org/@firebase/analytics/-/analytics-0.10.8.tgz 27803ms (cache miss)
2465 http fetch GET 200 https://registry.npmjs.org/semver/-/semver-7.8.5.tgz 27497ms (cache miss)
2466 http fetch GET 200 https://registry.npmjs.org/xmlbuilder/-/xmlbuilder-15.1.1.tgz 27564ms (cache miss)
2467 http fetch GET 200 https://registry.npmjs.org/ast-types/-/ast-types-0.15.2.tgz 28093ms (cache miss)
2468 http fetch GET 200 https://registry.npmjs.org/expo-image-picker/-/expo-image-picker-16.0.6.tgz 28225ms (cache miss)
2469 http fetch GET 200 https://registry.npmjs.org/@firebase/app/-/app-0.10.13.tgz 28040ms (cache miss)
2470 http fetch GET 200 https://registry.npmjs.org/@react-native/dev-middleware/-/dev-middleware-0.76.5.tgz 27567ms (cache miss)
2471 http fetch GET 200 https://registry.npmjs.org/semver/-/semver-7.8.5.tgz 27601ms (cache miss)
2472 http fetch GET 200 https://registry.npmjs.org/semver/-/semver-7.8.5.tgz 27696ms (cache miss)
2473 http fetch GET 200 https://registry.npmjs.org/semver/-/semver-7.8.5.tgz 27707ms (cache miss)
2474 http fetch GET 200 https://registry.npmjs.org/@firebase/remote-config/-/remote-config-0.4.9.tgz 28234ms (cache miss)
2475 http fetch GET 200 https://registry.npmjs.org/semver/-/semver-7.8.5.tgz 27736ms (cache miss)
2476 http fetch GET 200 https://registry.npmjs.org/semver/-/semver-7.8.5.tgz 27776ms (cache miss)
2477 http fetch GET 200 https://registry.npmjs.org/semver/-/semver-7.8.5.tgz 27777ms (cache miss)
2478 http fetch GET 200 https://registry.npmjs.org/semver/-/semver-7.8.5.tgz 27811ms (cache miss)
2479 http fetch GET 200 https://registry.npmjs.org/semver/-/semver-7.8.5.tgz 27811ms (cache miss)
2480 http fetch GET 200 https://registry.npmjs.org/semver/-/semver-7.8.5.tgz 27838ms (cache miss)
2481 http fetch GET 200 https://registry.npmjs.org/minimatch/-/minimatch-9.0.9.tgz 28154ms (cache miss)
2482 http fetch GET 200 https://registry.npmjs.org/minimatch/-/minimatch-10.1.1.tgz 28185ms (cache miss)
2483 http fetch GET 200 https://registry.npmjs.org/@firebase/data-connect/-/data-connect-0.1.0.tgz 28694ms (cache miss)
2484 http fetch GET 200 https://registry.npmjs.org/minimatch/-/minimatch-10.2.6.tgz 28264ms (cache miss)
2485 http fetch GET 200 https://registry.npmjs.org/metro-file-map/-/metro-file-map-0.81.5.tgz 29191ms (cache miss)
2486 http fetch GET 200 https://registry.npmjs.org/@babel/traverse/-/traverse-7.29.7.tgz 28898ms (cache miss)
2487 http fetch GET 200 https://registry.npmjs.org/@react-navigation/native-stack/-/native-stack-7.18.6.tgz 29038ms (cache miss)
2488 http fetch GET 200 https://registry.npmjs.org/react-dom/-/react-dom-18.3.1.tgz 29401ms (cache miss)
2489 http fetch GET 200 https://registry.npmjs.org/@firebase%2fauth-compat 6366ms (cache miss)
2490 silly packumentCache corgi:https://registry.npmjs.org/@firebase%2fauth-compat set size:undefined disposed:false
2491 http fetch GET 200 https://registry.npmjs.org/@firebase/app-check/-/app-check-0.8.8.tgz 29194ms (cache miss)
2492 http fetch GET 200 https://registry.npmjs.org/@babel/traverse/-/traverse-7.29.7.tgz 29168ms (cache miss)
2493 http fetch GET 200 https://registry.npmjs.org/hermes-parser/-/hermes-parser-0.25.1.tgz 28928ms (cache miss)
2494 http fetch GET 200 https://registry.npmjs.org/hermes-parser/-/hermes-parser-0.25.1.tgz 29171ms (cache miss)
2495 http fetch GET 200 https://registry.npmjs.org/hermes-parser/-/hermes-parser-0.25.1.tgz 29135ms (cache miss)
2496 http fetch GET 200 https://registry.npmjs.org/@bytecodealliance/preview2-shim/-/preview2-shim-0.17.6.tgz 29623ms (cache miss)
2497 http fetch GET 200 https://registry.npmjs.org/google-auth-library/-/google-auth-library-10.9.1.tgz 30128ms (cache miss)
2498 http fetch GET 200 https://registry.npmjs.org/@vercel/python-analysis/-/python-analysis-0.12.0.tgz 29971ms (cache miss)
2499 http fetch GET 200 https://registry.npmjs.org/@firebase/performance/-/performance-0.6.9.tgz 29871ms (cache miss)
2500 http fetch GET 200 https://registry.npmjs.org/@firebase/auth-compat/-/auth-compat-0.5.14.tgz 29867ms (cache miss)
2501 http fetch GET 200 https://registry.npmjs.org/uuid/-/uuid-9.0.1.tgz 29695ms (cache miss)
2502 warn deprecated uuid@9.0.1: uuid@10 and below is no longer supported.  For ESM codebases, update to uuid@latest.  For CommonJS codebases, use uuid@11 (but be aware this version will likely be deprecated in 2028).
2503 http fetch GET 200 https://registry.npmjs.org/uuid/-/uuid-9.0.1.tgz 29735ms (cache miss)
2504 http fetch GET 200 https://registry.npmjs.org/expo-modules-autolinking/-/expo-modules-autolinking-2.0.8.tgz 30357ms (cache miss)
2505 warn deprecated uuid@9.0.1: uuid@10 and below is no longer supported.  For ESM codebases, update to uuid@latest.  For CommonJS codebases, use uuid@11 (but be aware this version will likely be deprecated in 2028).
2506 http fetch GET 200 https://registry.npmjs.org/@firebase/vertexai-preview/-/vertexai-preview-0.0.4.tgz 30223ms (cache miss)
2507 http fetch GET 200 https://registry.npmjs.org/neo-async/-/neo-async-2.6.2.tgz 30665ms (cache miss)
2508 http fetch GET 200 https://registry.npmjs.org/@firebase/firestore-compat/-/firestore-compat-0.3.38.tgz 30374ms (cache miss)
2509 http fetch GET 200 https://registry.npmjs.org/resolve/-/resolve-1.22.12.tgz 30840ms (cache miss)
2510 http fetch GET 200 https://registry.npmjs.org/resolve/-/resolve-1.7.1.tgz 30234ms (cache miss)
2511 http fetch GET 200 https://registry.npmjs.org/@expo/fingerprint/-/fingerprint-0.11.11.tgz 30472ms (cache miss)
2512 http fetch GET 200 https://registry.npmjs.org/@firebase/util/-/util-1.10.0.tgz 30560ms (cache miss)
2513 http fetch GET 200 https://registry.npmjs.org/google-auth-library/-/google-auth-library-10.5.0.tgz 30238ms (cache miss)
2514 http fetch GET 200 https://registry.npmjs.org/expo-asset/-/expo-asset-11.0.5.tgz 30931ms (cache miss)
2515 http fetch GET 200 https://registry.npmjs.org/@google-cloud/storage/-/storage-7.21.0.tgz 30765ms (cache miss)
2516 http fetch GET 200 https://registry.npmjs.org/protobufjs/-/protobufjs-7.6.5.tgz 31197ms (cache miss)
2517 http fetch GET 200 https://registry.npmjs.org/glob/-/glob-13.0.6.tgz 30352ms (cache miss)
2518 http fetch GET 200 https://registry.npmjs.org/@firebase/database-compat/-/database-compat-1.0.8.tgz 30885ms (cache miss)
2519 http fetch GET 200 https://registry.npmjs.org/google-auth-library/-/google-auth-library-9.15.1.tgz 30508ms (cache miss)
2520 http fetch GET 200 https://registry.npmjs.org/gaxios/-/gaxios-7.3.0.tgz 30685ms (cache miss)
2521 http fetch GET 200 https://registry.npmjs.org/gaxios/-/gaxios-7.3.0.tgz 30713ms (cache miss)
2522 http fetch GET 200 https://registry.npmjs.org/gaxios/-/gaxios-7.3.0.tgz 30758ms (cache miss)
2523 http fetch GET 200 https://registry.npmjs.org/@firebase/installations/-/installations-0.6.9.tgz 31161ms (cache miss)
2524 http fetch GET 200 https://registry.npmjs.org/@firebase/database-compat/-/database-compat-2.1.5.tgz 30892ms (cache miss)
2525 http fetch GET 200 https://registry.npmjs.org/@types/node/-/node-26.1.2.tgz 31584ms (cache miss)
2526 http fetch GET 200 https://registry.npmjs.org/@firebase/util/-/util-1.15.2.tgz 31410ms (cache miss)
2527 http fetch GET 200 https://registry.npmjs.org/@react-native-async-storage/async-storage/-/async-storage-1.23.1.tgz 32089ms (cache miss)
2528 http fetch GET 200 https://registry.npmjs.org/@aws-sdk/types/-/types-3.974.2.tgz 31943ms (cache miss)
2529 http fetch GET 200 https://registry.npmjs.org/@react-native/gradle-plugin/-/gradle-plugin-0.76.5.tgz 32414ms (cache miss)
2530 http fetch GET 200 https://registry.npmjs.org/lightningcss-win32-x64-msvc/-/lightningcss-win32-x64-msvc-1.27.0.tgz 32666ms (cache miss)
2531 http fetch GET 200 https://registry.npmjs.org/@expo/metro-config/-/metro-config-0.19.12.tgz 32531ms (cache miss)
2532 http fetch GET 200 https://registry.npmjs.org/expo-file-system/-/expo-file-system-18.0.12.tgz 32481ms (cache miss)
2533 http fetch GET 200 https://registry.npmjs.org/@firebase/messaging/-/messaging-0.12.12.tgz 32868ms (cache miss)
2534 http fetch GET 200 https://registry.npmjs.org/ajv-keywords/-/ajv-keywords-5.1.0.tgz 33034ms (cache miss)
2535 http fetch GET 200 https://registry.npmjs.org/lru-cache/-/lru-cache-11.5.2.tgz 32739ms (cache miss)
2536 http fetch GET 200 https://registry.npmjs.org/lru-cache/-/lru-cache-11.5.2.tgz 32775ms (cache miss)
2537 http fetch GET 200 https://registry.npmjs.org/@babel/core/-/core-7.29.7.tgz 32908ms (cache miss)
2538 http fetch GET 200 https://registry.npmjs.org/@firebase%2fstorage 10455ms (cache miss)
2539 silly packumentCache corgi:https://registry.npmjs.org/@firebase%2fstorage set size:undefined disposed:false
2540 http fetch GET 200 https://registry.npmjs.org/rimraf/-/rimraf-5.0.10.tgz 32968ms (cache miss)
2541 http fetch GET 200 https://registry.npmjs.org/@firebase%2fauth 10666ms (cache miss)
2542 silly packumentCache corgi:https://registry.npmjs.org/@firebase%2fauth set size:undefined disposed:false
2543 http fetch GET 200 https://registry.npmjs.org/lru-cache/-/lru-cache-11.5.2.tgz 33040ms (cache miss)
2544 http fetch GET 200 https://registry.npmjs.org/@expo/prebuild-config/-/prebuild-config-8.2.0.tgz 33581ms (cache miss)
2545 http fetch GET 200 https://registry.npmjs.org/@react-navigation/bottom-tabs/-/bottom-tabs-7.18.14.tgz 33695ms (cache miss)
2546 http fetch GET 200 https://registry.npmjs.org/@firebase%2ffunctions 11086ms (cache miss)
2547 silly packumentCache corgi:https://registry.npmjs.org/@firebase%2ffunctions set size:undefined disposed:false
2548 http fetch GET 200 https://registry.npmjs.org/@react-navigation/native/-/native-7.3.14.tgz 34266ms (cache miss)
2549 http fetch GET 200 https://registry.npmjs.org/@aws-sdk/checksums/-/checksums-3.1000.26.tgz 33993ms (cache miss)
2550 http fetch GET 200 https://registry.npmjs.org/web-streams-polyfill/-/web-streams-polyfill-3.3.3.tgz 34728ms (cache miss)
2551 http fetch GET 200 https://registry.npmjs.org/@ts-morph/common/-/common-0.11.1.tgz 34710ms (cache miss)
2552 http fetch GET 200 https://registry.npmjs.org/undici/-/undici-6.28.0.tgz 35106ms (cache miss)
2553 http fetch GET 200 https://registry.npmjs.org/@firebase/storage/-/storage-0.13.2.tgz 34683ms (cache miss)
2554 http fetch GET 200 https://registry.npmjs.org/@vercel/build-utils/-/build-utils-13.36.3.tgz 34814ms (cache miss)
2555 http fetch GET 200 https://registry.npmjs.org/react-native-safe-area-context/-/react-native-safe-area-context-4.12.0.tgz 35340ms (cache miss)
2556 http fetch GET 200 https://registry.npmjs.org/sucrase/-/sucrase-3.35.0.tgz 35464ms (cache miss)
2557 http fetch GET 200 https://registry.npmjs.org/@types/node/-/node-20.11.0.tgz 34684ms (cache miss)
2558 http fetch GET 200 https://registry.npmjs.org/undici/-/undici-5.28.4.tgz 34709ms (cache miss)
2559 http fetch GET 200 https://registry.npmjs.org/@firebase%2ffirestore 12539ms (cache miss)
2560 silly packumentCache corgi:https://registry.npmjs.org/@firebase%2ffirestore set size:undefined disposed:false
2561 silly packumentCache corgi:https://registry.npmjs.org/@vercel%2fnode cache-miss
2562 http fetch GET 200 https://registry.npmjs.org/@esbuild/win32-x64/-/win32-x64-0.27.0.tgz 35714ms (cache miss)
2563 http fetch GET 200 https://registry.npmjs.org/@aws-sdk/middleware-sdk-s3/-/middleware-sdk-s3-3.972.72.tgz 35868ms (cache miss)
2564 http fetch GET 200 https://registry.npmjs.org/undici/-/undici-6.19.7.tgz 35564ms (cache miss)
2565 http fetch GET 200 https://registry.npmjs.org/undici/-/undici-6.19.7.tgz 35586ms (cache miss)
2566 http fetch GET 200 https://registry.npmjs.org/undici/-/undici-6.19.7.tgz 35598ms (cache miss)
2567 http fetch GET 200 https://registry.npmjs.org/undici/-/undici-6.19.7.tgz 35617ms (cache miss)
2568 http fetch GET 200 https://registry.npmjs.org/@smithy/types/-/types-4.16.1.tgz 36227ms (cache miss)
2569 http fetch GET 200 https://registry.npmjs.org/undici/-/undici-6.19.7.tgz 35639ms (cache miss)
2570 http fetch GET 200 https://registry.npmjs.org/@react-native/codegen/-/codegen-0.76.9.tgz 36303ms (cache miss)
2571 http fetch GET 200 https://registry.npmjs.org/@vercel%2fnode 806ms (cache miss)
2572 silly packumentCache corgi:https://registry.npmjs.org/@vercel%2fnode set size:undefined disposed:false
2573 http fetch GET 200 https://registry.npmjs.org/@react-navigation/elements/-/elements-2.9.36.tgz 36402ms (cache miss)
2574 http fetch GET 200 https://registry.npmjs.org/fbjs/-/fbjs-3.0.5.tgz 36595ms (cache miss)
2575 silly packumentCache corgi:https://registry.npmjs.org/@vercel%2fpython-analysis cache-miss
2576 http fetch GET 200 https://registry.npmjs.org/@babel/types/-/types-7.29.7.tgz 36473ms (cache miss)
2577 http fetch GET 200 https://registry.npmjs.org/@expo/metro-runtime/-/metro-runtime-4.0.1.tgz 36504ms (cache miss)
2578 http fetch GET 200 https://registry.npmjs.org/@react-native/codegen/-/codegen-0.76.5.tgz 36434ms (cache miss)
2579 http fetch GET 200 https://registry.npmjs.org/@babel/runtime/-/runtime-7.29.7.tgz 36707ms (cache miss)
2580 http fetch GET 200 https://registry.npmjs.org/@react-native/codegen/-/codegen-0.76.5.tgz 36276ms (cache miss)
2581 http fetch GET 200 https://registry.npmjs.org/@google-cloud/firestore/-/firestore-8.7.0.tgz 36786ms (cache miss)
2582 http fetch GET 200 https://registry.npmjs.org/@vercel%2fpython-analysis 403ms (cache miss)
2583 silly packumentCache corgi:https://registry.npmjs.org/@vercel%2fpython-analysis set size:undefined disposed:false
2584 silly packumentCache corgi:https://registry.npmjs.org/@istanbuljs%2fload-nyc-config cache-miss
2585 silly packumentCache corgi:https://registry.npmjs.org/cosmiconfig cache-miss
2586 http fetch GET 200 https://registry.npmjs.org/@istanbuljs%2fload-nyc-config 102ms (cache miss)
2587 silly packumentCache corgi:https://registry.npmjs.org/@istanbuljs%2fload-nyc-config set size:undefined disposed:false
2588 http fetch GET 200 https://registry.npmjs.org/cosmiconfig 119ms (cache miss)
2589 silly packumentCache corgi:https://registry.npmjs.org/cosmiconfig set size:undefined disposed:false
2590 http fetch GET 200 https://registry.npmjs.org/@babel/helpers/-/helpers-7.29.7.tgz 36868ms (cache miss)
2591 silly packumentCache corgi:https://registry.npmjs.org/@expo%2fxcpretty cache-miss
2592 http fetch GET 200 https://registry.npmjs.org/firebase-admin/-/firebase-admin-14.2.0.tgz 37583ms (cache miss)
2593 http fetch GET 200 https://registry.npmjs.org/@expo/config-plugins/-/config-plugins-9.0.17.tgz 37351ms (cache miss)
2594 http fetch GET 200 https://registry.npmjs.org/@expo%2fxcpretty 322ms (cache miss)
2595 silly packumentCache corgi:https://registry.npmjs.org/@expo%2fxcpretty set size:undefined disposed:false
2596 http fetch GET 200 https://registry.npmjs.org/react-devtools-core/-/react-devtools-core-5.3.2.tgz 37900ms (cache miss)
2597 silly packumentCache corgi:https://registry.npmjs.org/@expo%2fcli cache-miss
2598 silly packumentCache corgi:https://registry.npmjs.org/cacache cache-miss
2599 http fetch GET 200 https://registry.npmjs.org/cacache 227ms (cache miss)
2600 silly packumentCache corgi:https://registry.npmjs.org/cacache set size:undefined disposed:false
2601 http fetch GET 200 https://registry.npmjs.org/tar/-/tar-7.5.22.tgz 37364ms (cache miss)
2602 http fetch GET 200 https://registry.npmjs.org/expo/-/expo-52.0.49.tgz 38147ms (cache miss)
2603 http fetch GET 200 https://registry.npmjs.org/metro/-/metro-0.81.5.tgz 38456ms (cache miss)
2604 http fetch GET 200 https://registry.npmjs.org/@expo/vector-icons/-/vector-icons-14.0.4.tgz 38278ms (cache miss)
2605 http fetch GET 200 https://registry.npmjs.org/google-gax/-/google-gax-5.0.8.tgz 38640ms (cache miss)
2606 http fetch GET 200 https://registry.npmjs.org/@expo%2fcli 1281ms (cache miss)
2607 silly packumentCache corgi:https://registry.npmjs.org/@expo%2fcli set size:undefined disposed:false
2608 http fetch GET 200 https://registry.npmjs.org/@firebase/database/-/database-1.1.4.tgz 38660ms (cache miss)
2609 silly packumentCache corgi:https://registry.npmjs.org/@vercel%2fstatic-config cache-miss
2610 http fetch GET 200 https://registry.npmjs.org/jose/-/jose-4.15.9.tgz 39046ms (cache miss)
2611 http fetch GET 200 https://registry.npmjs.org/@react-navigation/core/-/core-7.21.11.tgz 39532ms (cache miss)
2612 http fetch GET 200 https://registry.npmjs.org/@vercel%2fstatic-config 273ms (cache miss)
2613 silly packumentCache corgi:https://registry.npmjs.org/@vercel%2fstatic-config set size:undefined disposed:false
2614 silly packumentCache corgi:https://registry.npmjs.org/@expo%2fplist cache-miss
2615 http fetch GET 200 https://registry.npmjs.org/@firebase/database/-/database-1.0.8.tgz 39700ms (cache miss)
2616 http fetch GET 200 https://registry.npmjs.org/regenerate-unicode-properties/-/regenerate-unicode-properties-10.2.2.tgz 40341ms (cache miss)
2617 http fetch GET 200 https://registry.npmjs.org/@expo%2fplist 659ms (cache miss)
2618 silly packumentCache corgi:https://registry.npmjs.org/@expo%2fplist set size:undefined disposed:false
2619 silly packumentCache corgi:https://registry.npmjs.org/gaxios cache-miss
2620 silly packumentCache corgi:https://registry.npmjs.org/teeny-request cache-miss
2621 silly packumentCache corgi:https://registry.npmjs.org/@expo%2fbunyan cache-miss
2622 silly packumentCache corgi:https://registry.npmjs.org/@expo%2frudder-sdk-node cache-miss
2623 silly packumentCache corgi:https://registry.npmjs.org/xcode cache-miss
2624 http fetch GET 200 https://registry.npmjs.org/teeny-request 172ms (cache miss)
2625 silly packumentCache corgi:https://registry.npmjs.org/teeny-request set size:undefined disposed:false
2626 http fetch GET 200 https://registry.npmjs.org/@aws-sdk/core/-/core-3.977.6.tgz 40367ms (cache miss)
2627 http fetch GET 200 https://registry.npmjs.org/gaxios 222ms (cache miss)
2628 silly packumentCache corgi:https://registry.npmjs.org/gaxios set size:undefined disposed:false
2629 http fetch GET 200 https://registry.npmjs.org/@expo%2frudder-sdk-node 413ms (cache miss)
2630 silly packumentCache corgi:https://registry.npmjs.org/@expo%2frudder-sdk-node set size:undefined disposed:false
2631 http fetch GET 200 https://registry.npmjs.org/@expo%2fbunyan 549ms (cache miss)
2632 silly packumentCache corgi:https://registry.npmjs.org/@expo%2fbunyan set size:undefined disposed:false
2633 http fetch GET 200 https://registry.npmjs.org/ajv/-/ajv-8.20.0.tgz 41043ms (cache miss)
2634 http fetch GET 200 https://registry.npmjs.org/xcode 804ms (cache miss)
2635 silly packumentCache corgi:https://registry.npmjs.org/xcode set size:undefined disposed:false
2636 silly packumentCache corgi:https://registry.npmjs.org/metro cache-miss
2637 http fetch GET 200 https://registry.npmjs.org/ajv/-/ajv-8.6.3.tgz 40909ms (cache miss)
2638 http fetch GET 200 https://registry.npmjs.org/@aws-sdk/nested-clients/-/nested-clients-3.997.41.tgz 41140ms (cache miss)
2639 http fetch GET 200 https://registry.npmjs.org/@aws-sdk/client-s3/-/client-s3-3.1103.0.tgz 41308ms (cache miss)
2640 http fetch GET 200 https://registry.npmjs.org/typescript/-/typescript-5.9.3.tgz 41200ms (cache miss)
2641 http fetch GET 200 https://registry.npmjs.org/metro 372ms (cache miss)
2642 silly packumentCache corgi:https://registry.npmjs.org/metro set size:undefined disposed:false
2643 silly packumentCache corgi:https://registry.npmjs.org/@react-navigation%2fcore cache-miss
2644 silly packumentCache corgi:https://registry.npmjs.org/@react-navigation%2fnative cache-miss
2645 silly packumentCache corgi:https://registry.npmjs.org/@react-navigation%2frouters cache-miss
2646 http fetch GET 200 https://registry.npmjs.org/@react-navigation%2frouters 460ms (cache miss)
2647 silly packumentCache corgi:https://registry.npmjs.org/@react-navigation%2frouters set size:undefined disposed:false
2648 http fetch GET 200 https://registry.npmjs.org/@react-navigation%2fcore 737ms (cache miss)
2649 silly packumentCache corgi:https://registry.npmjs.org/@react-navigation%2fcore set size:undefined disposed:false
2650 http fetch GET 200 https://registry.npmjs.org/@react-navigation%2fnative 765ms (cache miss)
2651 silly packumentCache corgi:https://registry.npmjs.org/@react-navigation%2fnative set size:undefined disposed:false
2652 http fetch GET 200 https://registry.npmjs.org/jsc-android/-/jsc-android-250231.0.0.tgz 42899ms (cache miss)
2653 silly packumentCache corgi:https://registry.npmjs.org/@expo%2fmetro-config cache-miss
2654 http fetch GET 200 https://registry.npmjs.org/expo-router/-/expo-router-4.0.22.tgz 43008ms (cache miss)
2655 http fetch GET 200 https://registry.npmjs.org/@expo%2fmetro-config 200ms (cache miss)
2656 silly packumentCache corgi:https://registry.npmjs.org/@expo%2fmetro-config set size:undefined disposed:false
2657 http fetch GET 200 https://registry.npmjs.org/typescript/-/typescript-5.3.3.tgz 43351ms (cache miss)
2658 silly packumentCache corgi:https://registry.npmjs.org/firebase cache-miss
2659 http fetch GET 200 https://registry.npmjs.org/@opentelemetry/api/-/api-1.9.1.tgz 43132ms (cache miss)
2660 http fetch GET 200 https://registry.npmjs.org/@grpc/grpc-js/-/grpc-js-1.9.16.tgz 43241ms (cache miss)
2661 http fetch GET 200 https://registry.npmjs.org/@grpc/grpc-js/-/grpc-js-1.14.4.tgz 43683ms (cache miss)
2662 http fetch GET 200 https://registry.npmjs.org/firebase 1271ms (cache miss)
2663 silly packumentCache corgi:https://registry.npmjs.org/firebase set size:undefined disposed:false
2664 silly packumentCache corgi:https://registry.npmjs.org/@firebase%2fstorage-compat cache-miss
2665 http fetch GET 200 https://registry.npmjs.org/react-native-screens/-/react-native-screens-4.4.0.tgz 56442ms (cache miss)
2666 http fetch GET 200 https://registry.npmjs.org/caniuse-lite/-/caniuse-lite-1.0.30001806.tgz 56309ms (cache miss)
2667 http fetch GET 200 https://registry.npmjs.org/@firebase%2fstorage-compat 9717ms (cache miss)
2668 silly packumentCache corgi:https://registry.npmjs.org/@firebase%2fstorage-compat set size:undefined disposed:false
2669 silly packumentCache corgi:https://registry.npmjs.org/@firebase%2ffunctions-compat cache-miss
2670 http fetch GET 200 https://registry.npmjs.org/expo-modules-core/-/expo-modules-core-2.2.3.tgz 94184ms (cache miss)
2671 http fetch GET 200 https://registry.npmjs.org/@firebase%2ffunctions-compat 19697ms (cache miss)
2672 silly packumentCache corgi:https://registry.npmjs.org/@firebase%2ffunctions-compat set size:undefined disposed:false
2673 silly packumentCache corgi:https://registry.npmjs.org/@firebase%2ffirestore-compat cache-miss
2674 http fetch GET 200 https://registry.npmjs.org/@firebase%2ffirestore-compat 27509ms (cache miss)
2675 silly packumentCache corgi:https://registry.npmjs.org/@firebase%2ffirestore-compat set size:undefined disposed:false
2676 silly packumentCache corgi:https://registry.npmjs.org/@vercel%2fbuild-utils cache-miss
2677 http fetch GET 200 https://registry.npmjs.org/@react-native/debugger-frontend/-/debugger-frontend-0.76.9.tgz 138042ms (cache miss)
2678 http fetch GET 200 https://registry.npmjs.org/@vercel%2fbuild-utils 377ms (cache miss)
2679 silly packumentCache corgi:https://registry.npmjs.org/@vercel%2fbuild-utils set size:undefined disposed:false
2680 http fetch GET 200 https://registry.npmjs.org/@react-native/debugger-frontend/-/debugger-frontend-0.76.5.tgz 137824ms (cache miss)
2681 silly packumentCache corgi:https://registry.npmjs.org/expo cache-miss
2682 http fetch GET 200 https://registry.npmjs.org/expo 248ms (cache miss)
2683 silly packumentCache corgi:https://registry.npmjs.org/expo set size:undefined disposed:false
2684 silly packumentCache corgi:https://registry.npmjs.org/@expo%2fconfig-plugins cache-miss
2685 http fetch GET 200 https://registry.npmjs.org/@expo/cli/-/cli-0.22.28.tgz 140582ms (cache miss)
2686 http fetch GET 200 https://registry.npmjs.org/@expo%2fconfig-plugins 985ms (cache miss)
2687 silly packumentCache corgi:https://registry.npmjs.org/@expo%2fconfig-plugins set size:undefined disposed:false
2688 silly packumentCache corgi:https://registry.npmjs.org/@google-cloud%2fstorage cache-miss
2689 silly packumentCache corgi:https://registry.npmjs.org/retry-request cache-miss
2690 http fetch GET 200 https://registry.npmjs.org/react-native-web/-/react-native-web-0.19.13.tgz 141590ms (cache miss)
2691 http fetch GET 200 https://registry.npmjs.org/retry-request 265ms (cache miss)
2692 silly packumentCache corgi:https://registry.npmjs.org/retry-request set size:undefined disposed:false
2693 http fetch GET 200 https://registry.npmjs.org/@google-cloud%2fstorage 409ms (cache miss)
2694 silly packumentCache corgi:https://registry.npmjs.org/@google-cloud%2fstorage set size:undefined disposed:false
2695 silly packumentCache corgi:https://registry.npmjs.org/gcp-metadata cache-miss
2696 silly packumentCache corgi:https://registry.npmjs.org/google-auth-library cache-miss
2697 silly packumentCache corgi:https://registry.npmjs.org/gtoken cache-miss
2698 http fetch GET 200 https://registry.npmjs.org/gcp-metadata 131ms (cache miss)
2699 silly packumentCache corgi:https://registry.npmjs.org/gcp-metadata set size:undefined disposed:false
2700 http fetch GET 200 https://registry.npmjs.org/google-auth-library 261ms (cache miss)
2701 silly packumentCache corgi:https://registry.npmjs.org/google-auth-library set size:undefined disposed:false
2702 http fetch GET 200 https://registry.npmjs.org/gtoken 363ms (cache miss)
2703 silly packumentCache corgi:https://registry.npmjs.org/gtoken set size:undefined disposed:false
2704 silly packumentCache corgi:https://registry.npmjs.org/@react-native%2fcommunity-cli-plugin cache-miss
2705 silly packumentCache corgi:https://registry.npmjs.org/metro-config cache-miss
2706 silly packumentCache corgi:https://registry.npmjs.org/metro-transform-worker cache-miss
2707 http fetch GET 200 https://registry.npmjs.org/metro-transform-worker 102ms (cache miss)
2708 silly packumentCache corgi:https://registry.npmjs.org/metro-transform-worker set size:undefined disposed:false
2709 http fetch GET 200 https://registry.npmjs.org/metro-config 180ms (cache miss)
2710 silly packumentCache corgi:https://registry.npmjs.org/metro-config set size:undefined disposed:false
2711 http fetch GET 200 https://registry.npmjs.org/@react-native%2fcommunity-cli-plugin 308ms (cache miss)
2712 silly packumentCache corgi:https://registry.npmjs.org/@react-native%2fcommunity-cli-plugin set size:undefined disposed:false
2713 silly packumentCache corgi:https://registry.npmjs.org/expo-asset cache-miss
2714 silly packumentCache corgi:https://registry.npmjs.org/expo-constants cache-miss
2715 silly packumentCache corgi:https://registry.npmjs.org/expo-font cache-miss
2716 silly packumentCache corgi:https://registry.npmjs.org/expo-image-loader cache-miss
2717 silly packumentCache corgi:https://registry.npmjs.org/expo-image-picker cache-miss
2718 silly packumentCache corgi:https://registry.npmjs.org/expo-linear-gradient cache-miss
2719 silly packumentCache corgi:https://registry.npmjs.org/expo-router cache-miss
2720 silly packumentCache corgi:https://registry.npmjs.org/expo-file-system cache-miss
2721 silly packumentCache corgi:https://registry.npmjs.org/expo-keep-awake cache-miss
2722 http fetch GET 200 https://registry.npmjs.org/expo-image-loader 107ms (cache miss)
2723 silly packumentCache corgi:https://registry.npmjs.org/expo-image-loader set size:undefined disposed:false
2724 http fetch GET 200 https://registry.npmjs.org/expo-linear-gradient 582ms (cache miss)
2725 silly packumentCache corgi:https://registry.npmjs.org/expo-linear-gradient set size:undefined disposed:false
2726 http fetch GET 200 https://registry.npmjs.org/expo-keep-awake 663ms (cache miss)
2727 silly packumentCache corgi:https://registry.npmjs.org/expo-keep-awake set size:undefined disposed:false
2728 http fetch GET 200 https://registry.npmjs.org/expo-file-system 798ms (cache miss)
2729 silly packumentCache corgi:https://registry.npmjs.org/expo-file-system set size:undefined disposed:false
2730 http fetch GET 200 https://registry.npmjs.org/expo-font 931ms (cache miss)
2731 silly packumentCache corgi:https://registry.npmjs.org/expo-font set size:undefined disposed:false
2732 http fetch GET 200 https://registry.npmjs.org/expo-image-picker 1039ms (cache miss)
2733 silly packumentCache corgi:https://registry.npmjs.org/expo-image-picker set size:undefined disposed:false
2734 http fetch GET 200 https://registry.npmjs.org/expo-constants 1073ms (cache miss)
2735 silly packumentCache corgi:https://registry.npmjs.org/expo-constants set size:undefined disposed:false
2736 http fetch GET 200 https://registry.npmjs.org/expo-asset 1117ms (cache miss)
2737 silly packumentCache corgi:https://registry.npmjs.org/expo-asset set size:undefined disposed:false
2738 http fetch GET 200 https://registry.npmjs.org/@smithy/core/-/core-3.31.1.tgz 159120ms (cache miss)
2739 http fetch GET 200 https://registry.npmjs.org/expo-router 1213ms (cache miss)
2740 silly packumentCache corgi:https://registry.npmjs.org/expo-router set size:undefined disposed:false
2741 silly packumentCache corgi:https://registry.npmjs.org/@expo%2fconfig cache-miss
2742 silly packumentCache corgi:https://registry.npmjs.org/@expo%2fprebuild-config cache-miss
2743 http fetch GET 200 https://registry.npmjs.org/@expo%2fconfig 443ms (cache miss)
2744 silly packumentCache corgi:https://registry.npmjs.org/@expo%2fconfig set size:undefined disposed:false
2745 http fetch GET 200 https://registry.npmjs.org/@expo%2fprebuild-config 1039ms (cache miss)
2746 silly packumentCache corgi:https://registry.npmjs.org/@expo%2fprebuild-config set size:undefined disposed:false
2747 silly packumentCache corgi:https://registry.npmjs.org/firebase-admin cache-miss
2748 http fetch GET 200 https://registry.npmjs.org/firebase-admin 89ms (cache miss)
2749 silly packumentCache corgi:https://registry.npmjs.org/firebase-admin set size:undefined disposed:false
2750 silly packumentCache corgi:https://registry.npmjs.org/react-native cache-miss
2751 http fetch GET 200 https://registry.npmjs.org/react-native 396ms (cache miss)
2752 silly packumentCache corgi:https://registry.npmjs.org/react-native set size:undefined disposed:false
2753 silly packumentCache corgi:https://registry.npmjs.org/@expo%2fmetro-runtime cache-miss
2754 silly packumentCache corgi:https://registry.npmjs.org/@react-native-async-storage%2fasync-storage cache-miss
2755 silly packumentCache corgi:https://registry.npmjs.org/@react-native%2fvirtualized-lists cache-miss
2756 silly packumentCache corgi:https://registry.npmjs.org/@react-navigation%2fbottom-tabs cache-miss
2757 silly packumentCache corgi:https://registry.npmjs.org/@react-navigation%2felements cache-miss
2758 silly packumentCache corgi:https://registry.npmjs.org/@react-navigation%2fnative-stack cache-miss
2759 silly packumentCache corgi:https://registry.npmjs.org/expo-linking cache-miss
2760 silly packumentCache corgi:https://registry.npmjs.org/expo-status-bar cache-miss
2761 silly packumentCache corgi:https://registry.npmjs.org/react-native-is-edge-to-edge cache-miss
2762 silly packumentCache corgi:https://registry.npmjs.org/react-native-safe-area-context cache-miss
2763 silly packumentCache corgi:https://registry.npmjs.org/react-native-screens cache-miss
2764 http fetch GET 200 https://registry.npmjs.org/react-native-is-edge-to-edge 294ms (cache miss)
2765 silly packumentCache corgi:https://registry.npmjs.org/react-native-is-edge-to-edge set size:undefined disposed:false
2766 http fetch GET 200 https://registry.npmjs.org/@react-navigation%2felements 399ms (cache miss)
2767 silly packumentCache corgi:https://registry.npmjs.org/@react-navigation%2felements set size:undefined disposed:false
2768 http fetch GET 200 https://registry.npmjs.org/react-native-safe-area-context 407ms (cache miss)
2769 silly packumentCache corgi:https://registry.npmjs.org/react-native-safe-area-context set size:undefined disposed:false
2770 http fetch GET 200 https://registry.npmjs.org/@react-navigation%2fnative-stack 443ms (cache miss)
2771 silly packumentCache corgi:https://registry.npmjs.org/@react-navigation%2fnative-stack set size:undefined disposed:false
2772 http fetch GET 200 https://registry.npmjs.org/@react-native-async-storage%2fasync-storage 492ms (cache miss)
2773 silly packumentCache corgi:https://registry.npmjs.org/@react-native-async-storage%2fasync-storage set size:undefined disposed:false
2774 http fetch GET 200 https://registry.npmjs.org/@react-navigation%2fbottom-tabs 531ms (cache miss)
2775 silly packumentCache corgi:https://registry.npmjs.org/@react-navigation%2fbottom-tabs set size:undefined disposed:false
2776 http fetch GET 200 https://registry.npmjs.org/expo-status-bar 552ms (cache miss)
2777 silly packumentCache corgi:https://registry.npmjs.org/expo-status-bar set size:undefined disposed:false
2778 http fetch GET 200 https://registry.npmjs.org/@expo%2fmetro-runtime 570ms (cache miss)
2779 silly packumentCache corgi:https://registry.npmjs.org/@expo%2fmetro-runtime set size:undefined disposed:false
2780 http fetch GET 200 https://registry.npmjs.org/expo-linking 590ms (cache miss)
2781 silly packumentCache corgi:https://registry.npmjs.org/expo-linking set size:undefined disposed:false
2782 http fetch GET 200 https://registry.npmjs.org/@react-native%2fvirtualized-lists 619ms (cache miss)
2783 silly packumentCache corgi:https://registry.npmjs.org/@react-native%2fvirtualized-lists set size:undefined disposed:false
2784 http fetch GET 200 https://registry.npmjs.org/react-native-screens 913ms (cache miss)
2785 silly packumentCache corgi:https://registry.npmjs.org/react-native-screens set size:undefined disposed:false
2786 http fetch GET 200 https://registry.npmjs.org/@firebase/firestore/-/firestore-4.7.3.tgz 168229ms (cache miss)
2787 http fetch GET 200 https://registry.npmjs.org/@firebase/auth/-/auth-1.7.9.tgz 173032ms (cache miss)
2788 http fetch GET 200 https://registry.npmjs.org/firebase/-/firebase-10.14.1.tgz 174285ms (cache miss)
2789 http fetch GET 200 https://registry.npmjs.org/react-native/-/react-native-0.76.5.tgz 180427ms (cache miss)
2790 info run esbuild@0.27.0 postinstall node_modules/esbuild node install.js
2791 info run protobufjs@7.6.5 postinstall node_modules/protobufjs node scripts/postinstall
2792 info run @firebase/util@1.15.2 postinstall node_modules/firebase-admin/node_modules/@firebase/util node ./postinstall.js
2793 info run protobufjs@7.6.5 postinstall { code: 1, signal: null }
2794 info run esbuild@0.27.0 postinstall { code: 1, signal: null }
2795 info run @firebase/util@1.15.2 postinstall { code: 1, signal: null }
2796 warn cleanup Failed to remove some directories [
2796 warn cleanup   [
2796 warn cleanup     'C:\\Users\\nviveros30\\Documents\\BITACORA\\bitacora\\node_modules\\google-gax\\node_modules',
2796 warn cleanup     [Error: EPERM: operation not permitted, rmdir 'C:\Users\nviveros30\Documents\BITACORA\bitacora\node_modules\google-gax\node_modules\@grpc'] {
2796 warn cleanup       errno: -4048,
2796 warn cleanup       code: 'EPERM',
2796 warn cleanup       syscall: 'rmdir',
2796 warn cleanup       path: 'C:\\Users\\nviveros30\\Documents\\BITACORA\\bitacora\\node_modules\\google-gax\\node_modules\\@grpc'
2796 warn cleanup     }
2796 warn cleanup   ],
2796 warn cleanup   [
2796 warn cleanup     'C:\\Users\\nviveros30\\Documents\\BITACORA\\bitacora\\node_modules\\@react-native',
2796 warn cleanup     [Error: EPERM: operation not permitted, rmdir 'C:\Users\nviveros30\Documents\BITACORA\bitacora\node_modules\@react-native\community-cli-plugin\node_modules\@react-native'] {
2796 warn cleanup       errno: -4048,
2796 warn cleanup       code: 'EPERM',
2796 warn cleanup       syscall: 'rmdir',
2796 warn cleanup       path: 'C:\\Users\\nviveros30\\Documents\\BITACORA\\bitacora\\node_modules\\@react-native\\community-cli-plugin\\node_modules\\@react-native'
2796 warn cleanup     }
2796 warn cleanup   ]
2796 warn cleanup ]
2797 verbose stack Error: command failed
2797 verbose stack     at promiseSpawn (C:\Users\nviveros30\AppData\Local\nvm\v20.19.6\node_modules\npm\node_modules\@npmcli\promise-spawn\lib\index.js:22:22)
2797 verbose stack     at spawnWithShell (C:\Users\nviveros30\AppData\Local\nvm\v20.19.6\node_modules\npm\node_modules\@npmcli\promise-spawn\lib\index.js:124:10)
2797 verbose stack     at promiseSpawn (C:\Users\nviveros30\AppData\Local\nvm\v20.19.6\node_modules\npm\node_modules\@npmcli\promise-spawn\lib\index.js:12:12)
2797 verbose stack     at runScriptPkg (C:\Users\nviveros30\AppData\Local\nvm\v20.19.6\node_modules\npm\node_modules\@npmcli\run-script\lib\run-script-pkg.js:77:13)
2797 verbose stack     at runScript (C:\Users\nviveros30\AppData\Local\nvm\v20.19.6\node_modules\npm\node_modules\@npmcli\run-script\lib\run-script.js:9:12)
2797 verbose stack     at C:\Users\nviveros30\AppData\Local\nvm\v20.19.6\node_modules\npm\node_modules\@npmcli\arborist\lib\arborist\rebuild.js:329:17
2797 verbose stack     at run (C:\Users\nviveros30\AppData\Local\nvm\v20.19.6\node_modules\npm\node_modules\promise-call-limit\dist\commonjs\index.js:67:22)
2797 verbose stack     at C:\Users\nviveros30\AppData\Local\nvm\v20.19.6\node_modules\npm\node_modules\promise-call-limit\dist\commonjs\index.js:84:9
2797 verbose stack     at new Promise (<anonymous>)
2797 verbose stack     at callLimit (C:\Users\nviveros30\AppData\Local\nvm\v20.19.6\node_modules\npm\node_modules\promise-call-limit\dist\commonjs\index.js:35:69)
2798 verbose pkgid protobufjs@7.6.5
2799 error code 1
2800 error path C:\Users\nviveros30\Documents\BITACORA\bitacora\node_modules\protobufjs
2801 error command failed
2802 error command C:\WINDOWS\system32\cmd.exe /d /s /c node scripts/postinstall
2803 error El sistema no puede encontrar la ruta especificada.
2804 silly unfinished npm timer reify 1786204347965
2805 silly unfinished npm timer reify:build 1786204529286
2806 silly unfinished npm timer build 1786204529289
2807 silly unfinished npm timer build:deps 1786204529290
2808 silly unfinished npm timer build:run:postinstall 1786204530620
2809 silly unfinished npm timer build:run:postinstall:node_modules/esbuild 1786204530620
2810 silly unfinished npm timer build:run:postinstall:node_modules/protobufjs 1786204530664
2811 silly unfinished npm timer build:run:postinstall:node_modules/firebase-admin/node_modules/@firebase/util 1786204530691
2812 verbose cwd C:\Users\nviveros30\Documents\BITACORA\bitacora
2813 verbose os Windows_NT 10.0.26100
2814 verbose node v20.19.6
2815 verbose npm  v10.8.2
2816 verbose exit 1
2817 verbose code 1
2818 error A complete log of this run can be found in: C:\Users\nviveros30\Documents\BITACORA\bitacora\.npm-cache\_logs\2026-08-08T15_52_17_118Z-debug-0.log
